xline_all_values,yline_all_values,X_all_values,obj1,obj2,obj3,inc
1.66057987845605e-08,0.017432665492962334,"[0.25, np.float64(0.24271473573968577), np.float64(9.503501661939728), 20, 0.25]",1.5656105604257775,89.80901750554575,94280954.54712051,0
7.541224639081776e-09,0.020059134178622748,"[0.25, 0.25, np.float64(5.804520921531434), 20, 0.25]",2.2541484195246864,112.37516033603079,298910127.6525762,0
5.143570111650572e-09,0.02206406937393321,"[0.25, 0.25, np.float64(3.911021929427976), 20, 0.25]",3.0799653882485183,139.59190102471447,598799145.6113656,0
3.1508001111059167e-09,0.03697088127909696,"[np.float64(0.18040428442403106), np.float64(0.15219745592725703), np.float64(1.8051218129083841), np.float64(16.174101076782406), np.float64(0.16305356073860633)]",3.0798606918466276,83.30503859500791,977485268.2627367,0
7.292104166591491e-09,0.020202774265455546,"[0.25, 0.25, np.float64(5.645260137714612), 20, 0.25]",2.3020905969612415,113.94923126461673,315696340.0918195,0
5.206715558045728e-09,0.021983054571740476,"[0.25, 0.25, np.float64(3.9758035793634985), 20, 0.25]",3.03860319457019,138.22479422292645,583593084.8718553,0
1.3208490474175179e-08,0.018051728920240016,"[0.25, np.float64(0.24370889169046492), np.float64(8.405532698265828), 20, 0.25]",1.7001448601137414,94.18182976410085,128716060.58525845,0
5.201430229058864e-09,0.022046129359116866,"[0.15, 0.15, np.float64(4.059576680989117), 20, 0.15]",1.7922508309260226,81.29548737247441,344568849.7200718,0
5.680355464507548e-09,0.021447344764863124,"[0.25, 0.25, np.float64(4.426049802476581), 20, 0.25]",2.784784817357695,129.84287089560698,490248336.52714354,0
1.4637639833874174e-08,0.017778941429831413,"[0.25, np.float64(0.24420809280773478), np.float64(8.899542970806987), 20, 0.25]",1.6398374363678423,92.23481852616642,112028814.4112522,0
1.541565527349341e-08,0.017624328729288742,"[0.25, np.float64(0.242794295496964), np.float64(9.142334510210608), 20, np.float64(0.24972773487521238)]",1.6048249064291278,91.05736343660976,104103580.2862405,0
4.920178240610251e-09,0.02240573230742626,"[0.15, 0.15, np.float64(3.7700910537359027), 20, 0.15]",1.9049330629327776,85.01989744389644,387167490.64288133,0
8.370278756407583e-09,0.019639497402906117,"[0.25, np.float64(0.24997790122965782), np.float64(6.29539219210467), 20, 0.25]",2.1216739100117734,108.03096772210793,253477090.9974292,0
6.30410701033374e-09,0.020884647460708256,"[0.25, 0.25, np.float64(4.944288015513369), 20, 0.25]",2.550251794590843,122.11131642939196,404538151.14661777,0
4.719551100245945e-09,0.022696681746005844,"[0.15, 0.15, np.float64(3.547407284365209), 20, 0.15]",2.0042052057302437,88.30388636360658,424660134.6525945,0
1.3484839990682065e-08,0.018000017674215205,"[0.25, np.float64(0.24410742555045), np.float64(8.50620235298376), 20, 0.25]",1.688717565485515,93.81755040744106,125230819.69473925,0
2.070700902773667e-08,0.016873442097054395,"[0.25, np.float64(0.23950153399445265), np.float64(10.589078650011885), 20, np.float64(0.2490033971782761)]",1.450718501420848,85.97644114795645,70059297.28806494,0
7.261994777471545e-09,0.020220785022068664,"[0.25, 0.25, np.float64(5.6255939548975), 20, 0.25]",2.308201186642165,114.14992959586031,317846715.3133682,0
4.495367421973104e-09,0.023065047115254537,"[0.15, 0.15, np.float64(3.2791202841737244), 20, 0.15]",2.1418142457266023,92.85973859164892,476449207.5236241,0
3.0536735813176632e-09,0.0385115556521738,"[np.float64(0.18318752356036663), np.float64(0.1683293118764294), np.float64(1.6702457278217315), np.float64(16.10731674529517), 0.15]",3.5891831240955643,93.1975627396649,1175365679.5716941,0
4.788602623375378e-09,0.022592847960129947,"[0.15, 0.15, np.float64(3.6257457993106854), 20, 0.15]",1.9678840161149083,87.10207848021962,410951622.1932384,0
4.563586542118655e-09,0.022947444254817317,"[0.15, 0.15, np.float64(3.3631843586535606), 20, 0.15]",2.0963229482013483,91.35322107869467,459358648.9165441,0
1.4463298012885154e-08,0.017796437982239628,"[0.25, np.float64(0.24325876941871316), np.float64(8.836544958891725), 20, 0.25]",1.642981760904012,92.32082074759366,113596619.48749878,0
8.805143738612481e-09,0.019449138716726346,"[0.25, 0.25, np.float64(6.532650351864662), 20, 0.25]",2.065075195956944,106.17823370147339,234530549.10405812,0
7.0533121635015734e-09,0.020349783078452054,"[0.25, 0.25, np.float64(5.486658876018824), 20, 0.25]",2.3526325660938925,115.60971225216863,333550041.676582,0
9.57024254571968e-09,0.019105435078193424,"[0.25, np.float64(0.2470322647303617), np.float64(6.909051550003951), 20, 0.25]",1.965556065788998,102.87941927229106,205382053.42226136,0
1.1372254329841655e-08,0.01853257842080038,"[0.25, np.float64(0.2463755285319859), np.float64(7.712675010259306), 20, 0.25]",1.816071410415446,97.9934561278934,159693175.8420085,0
1.256328951557174e-08,0.01822686902800169,"[0.25, np.float64(0.2458223565333779), np.float64(8.179245371507811), 20, 0.25]",1.7421004618989706,95.57870083021967,138665948.89337704,0
6.083347093996079e-09,0.02106900129262204,"[0.25, 0.25, np.float64(4.768968849404335), 20, 0.25]",2.6238413921655868,124.53563202753257,431315417.5856858,0
9.969824905559232e-09,0.019011689045280583,"[0.25, 0.25, np.float64(7.113312262757695), 20, 0.25]",1.9423944039080094,102.16842907969742,194827333.71023586,0
1.2684073246899081e-08,0.018180015428138588,"[0.25, np.float64(0.24394896546364572), np.float64(8.217820204069444), 20, np.float64(0.24887070389796803)]",1.7260437934053436,94.94182225686205,136079614.1592225,0
9.299960536844843e-09,0.01921711222126123,"[0.25, np.float64(0.24776807986433236), np.float64(6.778601409493116), 20, 0.25]",1.9970202886626962,103.91885449122026,214734275.5650248,0
1.485372618771624e-08,0.017695341960746687,"[0.25, np.float64(0.2412510957215378), np.float64(8.953128002603377), 20, 0.25]",1.6197306585733018,91.53429541889194,109045409.7580437,0
7.94602672145566e-09,0.01984417288006225,"[0.25, 0.25, np.float64(6.051194828999798), 20, 0.25]",2.1849312580430027,110.1044256794516,274971546.74087703,0
9.490846092909223e-09,0.01913207425762621,"[0.25, np.float64(0.24688495386775816), np.float64(6.869531049521692), 20, 0.25]",1.9727526274741314,103.11232336388069,207858457.31372774,0
1.5980062595806093e-08,0.017512847182507937,"[0.25, np.float64(0.2416426829751384), np.float64(9.30933702362347), 20, 0.25]",1.5814590805439488,90.30279680185475,98964511.00003806,0
2.242981969121262e-08,0.016694928157305125,"[0.25, np.float64(0.23983340231461453), np.float64(10.99912829718545), 20, 0.25]",1.420567298250208,85.0897521010665,63333870.61540877,0
8.114250524230656e-09,0.01976078692842533,"[0.25, 0.25, np.float64(6.149694812866787), 20, 0.25]",2.1588623675032443,109.24981759697953,266058135.75221533,0
6.180156292267096e-09,0.020986380044515553,"[0.25, 0.25, np.float64(4.8468467622178615), 20, 0.25]",2.590489413015778,123.43669596761923,419162443.554562,0
5.112457427253394e-09,0.022148558223029604,"[np.float64(0.244105852682257), 0.25, np.float64(3.8903279201693675), 20, 0.25]",3.087576199713708,139.40303330910774,603931914.0839225,0
1.230244941248415e-08,0.018281566233996138,"[0.25, np.float64(0.245404364178593), np.float64(8.077910651120412), 20, 0.25]",1.7546762086222631,95.98062803608657,142628199.45771703,0
9.068153284997516e-09,0.01931721287460689,"[0.25, np.float64(0.24656859698551348), np.float64(6.6633557696924335), 20, np.float64(0.2466542519259942)]",2.01114397567451,104.11149831652085,221780985.8818527,0
6.494266346818078e-09,0.02077846800077914,"[0.25, np.float64(0.2487037109506508), np.float64(5.099114675647908), 20, np.float64(0.24265464778048834)]",2.4718473268004546,118.96196229230021,380619949.16663027,0
1.5233986357335432e-08,0.01766231716554232,"[0.25, np.float64(0.24342685806671313), np.float64(9.087798109629137), 20, 0.25]",1.6141795003473498,91.39115129788728,105959101.08387972,0
1.8650887526303984e-08,0.01714487397878344,"[0.25, np.float64(0.23979476376589862), np.float64(10.074466568791737), 20, np.float64(0.24558638846348063)]",1.493067153773598,87.08533848783311,80053410.41641447,0
1.2496775379560571e-08,0.018233257776599593,"[0.25, np.float64(0.24523488782401578), np.float64(8.151087066096817), 20, 0.25]",1.7431732482463627,95.6040478122092,139489844.00387442,0
1.30517134483007e-08,0.018130892885206952,"[0.25, np.float64(0.2466896674855421), np.float64(8.364663651414602), 20, 0.25]",1.7204121118970892,94.88843835709704,131815038.59334902,0
6.693959685993673e-09,0.020590850737131853,"[0.25, 0.25, np.float64(5.235721106886207), 20, 0.25]",2.438924756539499,118.44701259192472,364347093.6406539,0
1.0144791348142895e-08,0.018910710091525864,"[0.25, np.float64(0.24722265789165968), np.float64(7.182048813903489), 20, 0.25]",1.9133276893546263,101.17693519145077,188601975.50587177,0
1.738596061980469e-08,0.017292872744828082,"[0.25, np.float64(0.2402832591609201), np.float64(9.717863137429095), 20, np.float64(0.2488626048989511)]",1.5322055638127798,88.6032983889868,88128898.78902718,0
6.881463740007765e-09,0.020454534206615468,"[0.25, np.float64(0.24853537007177612), np.float64(5.367020140930375), 20, np.float64(0.24818690847233751)]",2.3798549667353144,116.34852902030957,345835574.61753464,0
5.827909840093188e-09,0.021301829195047174,"[0.25, 0.25, np.float64(4.555352273608334), 20, 0.25]",2.721230053615242,127.74630895303333,466930705.56694293,0
1.1896064530702936e-08,0.018365298953906036,"[0.25, np.float64(0.24438614012703444), np.float64(7.914374898075617), 20, 0.25]",1.7738817694510087,96.58877723162408,149115008.9908087,0
6.0995527977144435e-09,0.02105496844889507,"[0.25, 0.25, np.float64(4.782117770874813), 20, 0.25]",2.618133352220831,124.34753149004248,429233656.8021624,0
1.6469250878242287e-08,0.01745323980890673,"[0.25, np.float64(0.24208006320255548), np.float64(9.46282585616278), 20, np.float64(0.2488351259016329)]",1.565901375613074,89.71981092094798,95080303.7241848,0
5.6564192798915114e-09,0.021471794010243423,"[0.25, 0.25, np.float64(4.404631088974817), 20, 0.25]",2.7956755960982007,130.2022362344052,494248296.98123455,0
1.1362899244274326e-08,0.018536425838077974,"[0.25, np.float64(0.24646082307728379), np.float64(7.709229568370457), 20, 0.25]",1.8170855150396468,98.02782537003147,159913898.37899527,0
3.983651394639088e-09,0.024164445094888687,"[0.15, 0.15, np.float64(2.557882359544492), 20, 0.15]",2.655577593598879,109.89607181836723,666618971.0205477,0
1.1397162106077241e-08,0.018531427349940757,"[0.25, np.float64(0.24592674132426523), np.float64(7.72456187800127), 20, np.float64(0.2485256762208679)]",1.810281064856651,97.68708209421538,158836124.99390227,0
8.092621711481553e-09,0.01977132737353734,"[0.25, 0.25, np.float64(6.137154505632143), 20, 0.25]",2.162134183988318,109.35705747719278,267173514.47686613,0
6.988763676153382e-09,0.020391236218620833,"[0.25, 0.25, np.float64(5.4427147687608075), 20, 0.25]",2.367163318871638,116.08728835724025,338709881.82770056,0
1.160935136508204e-08,0.01845154664343259,"[0.25, np.float64(0.24521139413384307), np.float64(7.803824147991941), 20, 0.25]",1.7953346788593199,97.29995612580957,154645563.08108887,0
7.239825508684162e-09,0.020234140174318786,"[0.25, 0.25, np.float64(5.6110541692142695), 20, 0.25]",2.3127467782913365,114.29923675366643,319447861.7636847,0
6.0017316105810465e-09,0.02113974403077613,"[0.25, np.float64(0.2499196892253573), np.float64(4.701783455786098), 20, 0.25]",2.6528178687967054,125.4895927280208,442008746.9622584,0
8.656718998258054e-09,0.019478925406132094,"[0.25, np.float64(0.24784650269774738), np.float64(6.444173027658714), 20, 0.25]",2.072080280707767,106.3754923593199,239360926.59640688,0
1.5138203467309938e-08,0.01767733490018351,"[0.25, np.float64(0.24183414869471437), np.float64(9.056248579339982), 20, np.float64(0.24725884391742503)]",1.6077482264099832,90.94969549925159,106204691.32164995,0
5.334815266817013e-09,0.02187355859330367,"[np.float64(0.24378013951629257), 0.25, np.float64(4.116028805443349), 20, 0.25]",2.9473384663584534,134.7443514408646,552472451.050206,0
8.010886413155515e-09,0.01978213321612403,"[0.25, np.float64(0.24809544987630971), np.float64(6.081907097795282), 20, 0.25]",2.1639376948264877,109.38849067413541,270124625.81829387,0
4.307040725802631e-09,0.023419437857912024,"[0.15, 0.15, np.float64(3.0343222506156744), 20, 0.15]",2.28871178079431,97.7270161085908,531388469.83337986,0
3.017359525239589e-09,0.038872232315416186,"[np.float64(0.18329273156729606), np.float64(0.1669005786979175), np.float64(1.595252081229151), np.float64(16.07555322189297), 0.15]",3.7060105218656436,95.33824792449317,1228229679.249566,0
1.7891388685111584e-08,0.01725097809845555,"[0.25, np.float64(0.24272706756690746), np.float64(9.871530755966427), 20, 0.25]",1.528814938555128,88.62192797589837,85449763.87592202,0
9.846556688225712e-09,0.019014670692758993,"[0.25, np.float64(0.24608002991103747), np.float64(7.043654050356137), 20, np.float64(0.24747394599863617)]",1.9306710351911092,101.53586493224577,196075754.83719718,0
8.005652199826506e-09,0.019814244100366245,"[0.25, 0.25, np.float64(6.086362926753883), 20, 0.25]",2.1755256078484875,109.79604353457395,271748703.7340486,0
1.4680163251919575e-08,0.01775226990606376,"[0.25, np.float64(0.2429553759222951), np.float64(8.906374898071991), 20, 0.25]",1.6331764962637356,91.99817853748837,111250567.73807892,0
5.082536351268486e-09,0.022192039734537743,"[0.15, 0.15, np.float64(3.940137958936595), 20, 0.15]",1.8367235262130053,82.76497105196194,361379319.15717643,0
1.4099130517321119e-08,0.01788230141678725,"[0.25, np.float64(0.24246339713050438), np.float64(8.719998375955761), 20, np.float64(0.246478927573464)]",1.649986454224509,92.26924520328028,117027532.45652002,0
1.0561596775217804e-08,0.018756280443039817,"[0.25, np.float64(0.2457674186282966), np.float64(7.363386298440961), 20, 0.25]",1.8719835413708044,99.80569159518353,177244367.60957482,0
1.713002921879396e-08,0.017354829464980695,"[0.25, np.float64(0.24263237710664642), np.float64(9.655781080939771), 20, 0.25]",1.5496577394675082,89.29259389119741,90464395.57542166,0
8.104205357971921e-09,0.01976567578979144,"[0.25, 0.25, np.float64(6.143875135228634), 20, 0.25]",2.1603790621161307,109.29952940095889,266575064.01796883,0
6.3254111699189566e-09,0.0208675971699687,"[0.25, 0.25, np.float64(4.960789455963349), 20, 0.25]",2.5435955657394977,121.8921155618279,402123355.6856806,0
6.5441665685303105e-09,0.02072970804044871,"[np.float64(0.24626663145636038), 0.25, np.float64(5.1344439059429785), 20, 0.25]",2.4724326240977486,119.27001669649327,377807104.72548497,0
7.219996487070428e-09,0.020246153860211717,"[0.25, 0.25, np.float64(5.598005907884878), 20, 0.25]",2.3168464033368132,114.4339028209176,320893009.7799663,0
3.851976040490592e-09,0.024539957016916,"[0.15, 0.15, np.float64(2.3353776060604905), 20, 0.15]",2.878366501978498,117.29305393625461,747244134.3669174,0
1.9716780175960487e-08,0.01706026854811984,"[0.25, np.float64(0.2394613257719811), np.float64(10.372247730928466), 20, np.float64(0.23967407957894843)]",1.4594405682008376,85.54616617460444,74020228.21049899,0
4.712313631806141e-09,0.022707806273602967,"[0.15, 0.15, np.float64(3.5390870522931293), 20, 0.15]",2.0081577934164057,88.43468934076732,426151133.03626114,0
1.2441323084247165e-08,0.018238057857204063,"[0.25, np.float64(0.2443740190066284), np.float64(8.12723973740771), 20, np.float64(0.24939295069603484)]",1.7416349212156512,95.494538664801,139987918.44099426,0
1.533391333884176e-08,0.01765981664194948,"[0.25, np.float64(0.24310821799047844), np.float64(9.124600622941026), 20, np.float64(0.2476747393818272)]",1.606206904489901,90.95263767770301,104748661.93623768,0
1.0550268989469132e-08,0.01879751888507348,"[0.25, np.float64(0.24821042685185934), np.float64(7.3698355566202265), 20, 0.25]",1.8844660490270055,100.25078631645377,178617820.1625007,0
3.408494695645512e-09,0.03576336737858309,"[np.float64(0.18597143998469468), np.float64(0.1784390752930885), np.float64(2.2673488606283887), np.float64(16.38402916210609), 0.15]",2.9273284204023797,81.85270669325763,858833204.0364207,0
1.3366958731484398e-08,0.01801227134136184,"[0.25, np.float64(0.24331184515464988), np.float64(8.460079622008573), 20, 0.25]",1.6909177774247885,93.87587747148298,126499812.81396629,0
2.2394528196274185e-08,0.016699595377989353,"[0.25, np.float64(0.23992130428257705), np.float64(10.99158840225826), 20, 0.25]",1.4214793288746064,85.12058506208872,63474403.944401935,0
5.605024802973969e-09,0.021525132575688298,"[0.25, 0.25, np.float64(4.3582040411117156), 20, 0.25]",2.819652643452127,130.99350879895636,503058013.5802518,0
6.703113172409115e-09,0.020584144340629638,"[0.25, np.float64(0.24989526538017923), np.float64(5.242271021856945), 20, np.float64(0.24983592157819723)]",2.435590896973363,118.32364059777392,363352196.8566146,0
1.4307282032626339e-08,0.017800496781419557,"[0.25, np.float64(0.24162174974626435), np.float64(8.775214829000376), 20, 0.25]",1.6427213592570338,92.28514121986375,114817150.84045807,0
1.0767016169260653e-08,0.018722667189976328,"[0.25, np.float64(0.24759171863951018), np.float64(7.4621305488056136), 20, 0.25]",1.8647426755150032,99.59813185769505,173190292.1107112,0
6.1473311422631705e-09,0.02101407279857373,"[0.25, 0.25, np.float64(4.820619682831327), 20, 0.25]",2.6016000228665646,123.80275103278127,423208049.584388,0
1.08828103138948e-08,0.018661798761806337,"[0.25, np.float64(0.24585205189277207), np.float64(7.503919667977126), 20, 0.25]",1.8479705712307177,99.02424706308678,169806375.18521225,0
1.1482133085743981e-08,0.018490506639342014,"[0.25, np.float64(0.24556022270277997), np.float64(7.753803122340646), 20, 0.25]",1.8051129289167407,97.62376792186024,157210591.049318,0
5.808984665464905e-09,0.021320011388453686,"[0.25, 0.25, np.float64(4.539022914493896), 20, 0.25]",2.7290549453168014,128.0043849692679,469798958.42062604,0
1.8976132114514973e-08,0.017114984059408454,"[0.25, np.float64(0.23963321703662574), np.float64(10.165348435160617), 20, np.float64(0.24401844351240073)]",1.4826179278310843,86.62689504616039,78130670.61738148,0
8.60689805592256e-09,0.019501241551567197,"[0.25, np.float64(0.2478906080259835), np.float64(6.417367501420108), 20, 0.25]",2.078680989097963,106.59223842755344,241513373.992804,0
1.9531420577832195e-08,0.017070158619887803,"[0.25, np.float64(0.24020509345398525), np.float64(10.320014645864555), 20, np.float64(0.24239490242769862)]",1.4696923457921405,86.09716983413716,75247590.92332558,0
9.194822691798452e-09,0.01927508445559778,"[0.25, np.float64(0.24890289335766774), np.float64(6.730421564031119), 20, 0.25]",2.014202300880333,104.49771597734183,219058307.9624744,0
8.151296737152356e-09,0.01974285343059625,"[0.25, 0.25, np.float64(6.171090925644935), 20, 0.25]",2.1533111357977144,109.06787832708346,264167923.8572255,0
7.764303269328479e-09,0.019938045245369344,"[0.25, 0.25, np.float64(5.942211758729263), 20, 0.25]",2.214794770838025,111.08384716663315,285253511.35976154,0
1.4508291290761286e-08,0.017783257118496112,"[0.25, np.float64(0.2429364841100483), np.float64(8.849637690119827), 20, 0.25]",1.6398861198461034,92.21517233423349,113030961.88111168,0
8.966188322107157e-09,0.01935798331143287,"[0.25, np.float64(0.24698652767361726), np.float64(6.610538214468674), 20, np.float64(0.24743135745832961)]",2.0261279680988027,104.66627310822025,225974281.97031662,0
1.2271572162368801e-08,0.018290693011925444,"[0.25, np.float64(0.2455188354113156), np.float64(8.066633834321273), 20, 0.25]",1.7569200265693128,96.05541055354269,143169921.77717608,0
8.277459666747159e-09,0.0196527858569875,"[0.25, np.float64(0.248056734985338), np.float64(6.235345198806022), 20, 0.25]",2.1241488257420795,108.08385341393436,256618444.69932872,0
2.1448054331464677e-08,0.016798547670822925,"[0.25, np.float64(0.24025396436491758), np.float64(10.770896137629403), 20, 0.25]",1.4399685581322565,85.71982449609678,67137491.1625339,0
7.681648280750486e-09,0.019982129147703344,"[0.25, 0.25, np.float64(5.891712063612733), 20, 0.25]",2.229011981052052,111.5502739760965,290173657.9944377,0
5.719591033963551e-09,0.021413510159807417,"[np.float64(0.24926336895991655), 0.25, np.float64(4.462406957256508), 20, 0.25]",2.765802809422223,129.1615801791133,483566533.51587313,0
7.988520670621363e-09,0.01982041731703437,"[0.25, np.float64(0.24984566118661317), np.float64(6.075682081945759), 20, 0.25]",2.1773343708330097,109.85310430178134,272557894.08424383,0
1.3924902765167679e-08,0.01792859686677431,"[0.25, np.float64(0.2452213457679717), np.float64(8.665610964361784), 20, 0.25]",1.6734958375370799,93.34226487285467,120180073.48124762,0
3.935785300931076e-09,0.024294792437053035,"[0.15, 0.15, np.float64(2.479388368287917), 20, 0.15]",2.7295942688184582,112.35305985390664,693532309.3393146,0
5.863997635376187e-09,0.02126753332472714,"[0.25, 0.25, np.float64(4.586289872263958), 20, 0.25]",2.7065590162192676,127.26247914573293,461555270.74076605,0
5.1326242288275815e-09,0.022117310423119645,"[np.float64(0.24474396053950992), 0.25, np.float64(3.910106306263687), 20, 0.25]",3.0753038455781048,139.0451093168829,599167932.1282752,0
2.2537695596494152e-08,0.01668032820279933,"[0.25, np.float64(0.2395381923846749), np.float64(11.021913748283588), 20, 0.25]",1.4177053511334545,84.99265325579937,62903740.3164672,0
6.767496043887751e-09,0.020539395877921408,"[0.25, 0.25, np.float64(5.288359936628426), 20, 0.25]",2.420137528439627,117.829051196249,357611960.57520276,0
6.730723617756606e-09,0.02056498157162324,"[0.25, 0.25, np.float64(5.2621241899786515), 20, 0.25]",2.429453821662433,118.13547282798126,360949871.01434207,0
1.692899452036305e-08,0.017359872762677003,"[0.25, np.float64(0.24039972715355507), np.float64(9.587524762531707), 20, np.float64(0.24883200312272358)]",1.5456928774238727,89.03826073812289,91304470.30180293,0
8.034728099842993e-09,0.019776281935057195,"[0.25, np.float64(0.24848078746170926), np.float64(6.097400384589934), 20, 0.25]",2.162432196849215,109.34472940618305,269135703.15982085,0
1.295413103885169e-08,0.01813198736815028,"[0.25, np.float64(0.2437444571772862), np.float64(8.321593261824809), 20, np.float64(0.24705530862978478)]",1.7087760925751634,94.24097082577455,131909742.72610389,0
9.67793968536612e-09,0.019060751235406882,"[0.25, np.float64(0.24664001091326943), np.float64(6.9595075344598465), 20, 0.25]",1.9530707127715934,102.46556857337328,201806456.3602111,0
4.7086752913310794e-09,0.022713416482935678,"[0.15, 0.15, np.float64(3.534896369970257), 20, 0.15]",2.0101556907014517,88.50080709837985,426904716.5775595,0
6.771178694998007e-09,0.020536849266631168,"[0.25, 0.25, np.float64(5.290977921556666), 20, 0.25]",2.419213005258968,117.79864446830075,357280927.624327,0
7.17525109125676e-09,0.02027350398385344,"[0.25, 0.25, np.float64(5.568409669820876), 20, 0.25]",2.326217241033196,114.7417458218313,324200116.685499,0
1.2643430639033271e-08,0.018212185121253173,"[0.25, np.float64(0.24606362746587304), np.float64(8.210600861261698), 20, 0.25]",1.7388377475408714,95.47661282619461,137528950.58186713,0
2.3810394037910696e-08,0.016555097862052386,"[0.25, np.float64(0.23895642549160862), np.float64(11.304793357014512), 20, 0.25]",1.3946635902996505,84.24375391319793,58573729.946639255,0
9.415602496203906e-09,0.019161841413194824,"[0.25, np.float64(0.24673157654139868), np.float64(6.832925286567454), 20, np.float64(0.24948918421917704)]",1.9788820510358314,103.27201902804472,210170517.69482177,0
9.260530779191506e-09,0.01922747194222489,"[0.25, np.float64(0.2474660543769523), np.float64(6.757456177915699), 20, 0.25]",1.9996826273864592,104.0013285883421,215936070.51981983,0
3.996211810347771e-09,0.024131280691698974,"[0.15, 0.15, np.float64(2.5780733105412907), 20, 0.15]",2.637269243787109,109.28840775095351,659942307.6019588,0
2.2593356559849418e-08,0.01667978756355838,"[0.25, np.float64(0.23828675794526155), np.float64(11.03631903237475), 20, np.float64(0.2470980772093224)]",1.4089255116011314,84.46903212840192,62360168.037401244,0
1.0643601869205561e-08,0.018732899721521524,"[0.25, np.float64(0.2458662188652865), np.float64(7.400011641412627), 20, 0.25]",1.8660621983323702,99.61416684404291,175322435.13648573,0
7.853711233472672e-09,0.01989134911520648,"[0.25, 0.25, np.float64(5.996175861605657), 20, 0.25]",2.1998701531198117,110.59431617124761,280105810.8355094,0
1.5520274854734224e-08,0.01762175189601773,"[0.25, np.float64(0.24392867864972348), np.float64(9.180961257081648), 20, 0.25]",1.6059035805937112,91.13189142996747,103471336.40509303,0
1.1753817636883155e-08,0.018437961708603685,"[0.25, np.float64(0.24412317169934417), np.float64(7.869090355953036), 20, np.float64(0.24522848993944893)]",1.7746747856193559,96.25113739070417,150987095.46509174,0
8.394440135848658e-09,0.01961508232655241,"[0.25, np.float64(0.249114437381458), np.float64(6.305404111969689), 20, 0.25]",2.1135992446097647,107.75377892493687,251785611.71501938,0
3.940029360512424e-09,0.024282970719205016,"[0.15, 0.15, np.float64(2.486451142858254), 20, 0.15]",2.722742473842145,112.12559226490238,691046239.6879288,0
1.5749454434002814e-08,0.017572026836181174,"[0.25, np.float64(0.2420880692376648), np.float64(9.24705920320245), 20, np.float64(0.2481144927382906)]",1.588360033017308,90.39139581478679,100851749.47952893,0
7.50748858961117e-09,0.02007804562381713,"[0.25, 0.25, np.float64(5.78330373186453), 20, 0.25]",2.260381191482878,112.57974176538139,301083533.3950136,0
8.23863482819615e-09,0.01968038600383107,"[0.25, np.float64(0.24865738249838099), np.float64(6.215734347780132), 20, 0.25]",2.1330355329371167,108.383826034809,258906430.18148497,0
7.5443575172676e-09,0.02005634537151428,"[0.25, np.float64(0.24852689247120902), np.float64(5.806287958755475), 20, np.float64(0.24743836161203087)]",2.240736624073343,111.72208009819309,297008276.57553643,0
4.1544040883256535e-09,0.023763349210119366,"[0.15, np.float64(0.1508396585075647), np.float64(2.8230420440065096), 20, 0.15]",2.4480242813543525,103.01680372192182,589260030.8750846,0
6.0601575895461336e-09,0.02108922674961897,"[0.25, 0.25, np.float64(4.750073224926847), 20, 0.25]",2.632099929987416,124.80779694945295,434328627.778233,0
7.111687845544484e-09,0.020312941660295125,"[0.25, 0.25, np.float64(5.525998268508644), 20, 0.25]",2.3398225875600036,115.18876126807173,329010867.51521534,0
1.0131270331195768e-08,0.01891455107245622,"[0.25, np.float64(0.24577734858639494), np.float64(7.1754358835153935), 20, np.float64(0.2474398449351193)]",1.9037414331838727,100.6495700527697,187907475.66195667,0
7.657589146385413e-09,0.019995131001399973,"[0.25, 0.25, np.float64(5.876899756274768), 20, 0.25]",2.2332290132712718,111.68864125545917,291636045.05021214,0
2.233960530541114e-08,0.016719962391214083,"[0.25, np.float64(0.23955519354996935), np.float64(10.985638497772213), 20, np.float64(0.24742090887523122)]",1.4179474326970756,84.80565921859794,63472358.321103275,0
7.294962949863675e-09,0.02020107178154467,"[0.25, 0.25, np.float64(5.647122549093732), 20, 0.25]",2.3015141478313677,113.93029898215543,315493603.41499436,0
1.0773131839120541e-08,0.01869699697153432,"[0.25, np.float64(0.2460472128046501), np.float64(7.457451285820033), 20, 0.25]",1.8570392943977814,99.32286437362505,172376920.85548446,0
6.650956521666247e-09,0.020621485394188805,"[0.25, 0.25, np.float64(5.204613331538905), 20, 0.25]",2.450207837047429,118.81820296698436,368399316.55929464,0
6.8211177531163035e-09,0.0205025935645224,"[0.25, 0.25, np.float64(5.326311810533902), 20, 0.25]",2.4068249048471113,117.3912411262871,352849047.9067784,0
9.835373908235222e-09,0.019033440944164818,"[0.25, np.float64(0.24843249178738455), np.float64(7.042859403016729), 20, 0.25]",1.9470542044708945,102.29649017130626,197964431.5139472,0
1.9125289593634346e-08,0.017078476295390995,"[0.25, np.float64(0.24101839489578702), np.float64(10.197773829753594), 20, np.float64(0.24876979007402064)]",1.490174552226092,87.25453760932108,77916443.82326536,0
9.022287088346655e-09,0.019323518424976916,"[0.25, np.float64(0.24763666368956208), np.float64(6.636529221683345), 20, 0.25]",2.02695406606372,104.89570385089648,224660781.2648491,0
9.151593967491085e-09,0.0192868570508939,"[0.25, np.float64(0.24857525859887866), np.float64(6.707004742606182), 20, 0.25]",2.017275315543387,104.59326318540278,220428847.99186784,0
5.853596018297459e-09,0.021277368510924,"[0.25, 0.25, np.float64(4.5773994246589345), 20, 0.25]",2.710754520681258,127.40083527197133,463092176.53692675,0
2.9509593665169792e-09,0.03981892705125697,"[np.float64(0.17801289930933445), np.float64(0.16640963032163827), np.float64(1.4693728271709579), np.float64(15.986364536178382), 0.15]",3.9573885290937256,99.38460983641201,1341051514.9738019,0
9.480858063572053e-09,0.019161168210998,"[0.25, np.float64(0.24852376338560517), np.float64(6.87183605601432), 20, 0.25]",1.9820522450967692,103.44109624585019,209058318.54105428,0
4.396103257450596e-09,0.023245990113522796,"[0.15, 0.15, np.float64(3.1525688909611116), 20, 0.15]",2.2148942146740254,95.28070019205437,503831253.49027735,0
1.8380602667096537e-08,0.01714831862317969,"[0.25, np.float64(0.2401296885751882), np.float64(9.989067738982925), 20, 0.25]",1.5067443678216725,87.86542872984522,81974698.82306547,0
4.606182006503791e-09,0.022876567052238693,"[0.15, 0.15, np.float64(3.414557734176583), 20, 0.15]",2.069630065706427,90.46943367772018,449315737.58574265,0
7.743085371435021e-09,0.019945463134746832,"[0.25, np.float64(0.24832765647786387), np.float64(5.928383440921136), 20, np.float64(0.24740440507894187)]",2.20457111008637,110.52995336296826,284714813.8414233,0
1.1245815868846364e-08,0.01855075379742965,"[0.25, np.float64(0.24531686089504018), np.float64(7.655026721189546), 20, 0.25]",1.8197844502079907,98.09760132012188,161818801.89317653,0
9.11186537045898e-09,0.019290522795262603,"[0.25, np.float64(0.24695831695459222), np.float64(6.683309698448748), 20, np.float64(0.24845497796393892)]",2.0109901396163234,104.24757073510654,220700159.39173454,0
2.0185094134226977e-08,0.01693394448469472,"[0.25, np.float64(0.24025675655283785), np.float64(10.460876242734507), 20, 0.25]",1.4654250086934815,86.53772368380949,72599364.60779862,0
5.400146131727982e-09,0.021750090689203385,"[0.25, 0.25, np.float64(4.1668083524764885), 20, 0.25]",2.9241820578660835,134.44459150313475,541500542.1215111,0
1.3844558974546864e-08,0.01793111018479902,"[0.25, np.float64(0.24434602829637417), np.float64(8.633126297227557), 20, 0.25]",1.673436321751278,93.3258623980752,120873212.70600821,0
2.1329254519540632e-08,0.016809166298278975,"[0.25, np.float64(0.23965872671559482), np.float64(10.741347617191327), 20, np.float64(0.24910990772672295)]",1.439103723031102,85.61422366191036,67470887.07262029,0
1.4166291696239261e-08,0.017871846367016577,"[0.25, np.float64(0.2445559743543794), np.float64(8.74425501285798), 20, 0.25]",1.6604363825067194,92.90793734502671,117210376.44223556,0
2.050427590993264e-08,0.01688980454048083,"[0.25, np.float64(0.23965519937634616), np.float64(10.536503754728358), 20, 0.25]",1.4566739367562584,86.24575454765971,71042447.10492896,0
2.0635883060748792e-08,0.016887709567923143,"[0.25, np.float64(0.24049287864084976), np.float64(10.574880069918443), 20, 0.25]",1.4568284310982882,86.26560193014082,70596854.36332501,0
7.439850613620315e-09,0.020116459648050315,"[0.25, 0.25, np.float64(5.740440726958086), 20, 0.25]",2.2731148774902223,112.99775990704867,305532327.9379798,0
2.354763691315484e-08,0.01657262058645421,"[0.25, np.float64(0.23854812132601028), np.float64(11.24346891825365), 20, 0.25]",1.3975473491850687,84.32868790391348,59349791.84277857,0
7.821969995699792e-09,0.019907811643547733,"[0.25, 0.25, np.float64(5.9770952029756135), 20, 0.25]",2.205116026065713,110.7663697823064,281913127.67474157,0
7.682259308041678e-09,0.01998179995100883,"[0.25, 0.25, np.float64(5.892087581005628), 20, 0.25]",2.228905350985832,111.54677538813516,290136698.28258026,0
9.584138006734988e-09,0.01910484742837594,"[0.25, np.float64(0.24731759530360828), np.float64(6.917089602195091), 20, 0.25]",1.9656159842437328,102.88572005679846,205090534.26217887,0
7.0191538938956065e-09,0.020371624408505692,"[0.25, 0.25, np.float64(5.463463119860054), 20, 0.25]",2.3602731353090993,115.8608213061116,336261773.283212,0
6.5860231777922794e-09,0.02066853053674604,"[0.25, 0.25, np.float64(5.1571743907604), 20, 0.25]",2.4676790712274967,119.3930582941189,374684237.30247104,0
7.451203288138647e-09,0.02009286850252373,"[0.25, np.float64(0.2488931817021899), np.float64(5.7434984344121505), 20, 0.25]",2.2643541139673227,112.69441760806389,303891066.50356483,0
1.429962220987047e-08,0.017845361262268617,"[0.25, np.float64(0.24447404214780327), np.float64(8.788735064171803), 20, 0.25]",1.6545441296747088,92.71564219733663,115705443.49994378,0
4.8470312870191725e-09,0.022522359233756797,"[np.float64(0.24457841845432568), 0.25, np.float64(3.5986932942998524), 20, 0.25]",3.294990169322393,146.29862418604085,679795523.1167377,0
1.3537502833471571e-08,0.017995213064173118,"[0.25, np.float64(0.24450088362181896), np.float64(8.526915490630227), 20, 0.25]",1.6879142575192372,93.79795901831947,124684314.25520055,0
6.893514235288022e-09,0.020453831794179648,"[0.25, 0.25, np.float64(5.376990673110582), 20, 0.25]",2.389343981269616,116.81644815078262,346607535.68020815,0
7.977001619948244e-09,0.019828572996383347,"[0.25, 0.25, np.float64(6.069499898628049), 20, 0.25]",2.1800218210399884,109.94345490407282,273288376.37294257,0
1.6794059831394254e-08,0.01739297103425459,"[0.25, np.float64(0.24192737126968653), np.float64(9.55398850556722), 20, 0.25]",1.5569432301977182,89.51565705085096,92707972.09422944,0
7.253337048928744e-09,0.020225991040753264,"[0.25, 0.25, np.float64(5.6199218170758805), 20, 0.25]",2.3099716446455565,114.208082065853,318470192.2802167,0
1.1066274458167013e-08,0.018620381788193592,"[0.25, np.float64(0.2450473602884811), np.float64(7.5854245728589005), 20, np.float64(0.247216672468045)]",1.8270426419847454,98.12057898529218,165100065.87053072,0
4.853210404094045e-09,0.022499288848762733,"[0.15, 0.15, np.float64(3.697401084406831), 20, 0.15]",1.9360163572576055,86.04789112541526,398914573.2532905,0
4.804899267465567e-09,0.02256893086332771,"[0.15, 0.15, np.float64(3.6439661288807614), 20, 0.15]",1.9596613064316541,86.83004606194753,407846491.12224025,0
2.497346991548578e-08,0.01645976535070123,"[0.25, np.float64(0.2375853668408028), np.float64(11.558283505848323), 20, np.float64(0.24697282538233975)]",1.3688492350004648,83.16335049953481,54812136.22427599,0
8.450761004607632e-09,0.019571826133017438,"[0.25, np.float64(0.24772251450371338), np.float64(6.332049061526328), 20, np.float64(0.24953916359847522)]",2.097615798925472,107.17527248961295,248216201.8049952,0
1.2336238527008236e-08,0.018271920675706422,"[0.25, np.float64(0.24467507625173696), np.float64(8.09017345828248), 20, np.float64(0.24886109177277163)]",1.7480166338804448,95.66682479114165,141697700.6446041,0
1.753171782491802e-08,0.01726380935271629,"[0.25, np.float64(0.24030768396445906), np.float64(9.755579465288825), 20, 0.25]",1.5297492891591773,88.61018202326743,87256098.0296482,0
4.218929695096055e-09,0.023602808888297834,"[0.15, 0.15, np.float64(2.912442364393194), 20, 0.15]",2.3710966703834098,100.4582412883489,562013790.6397195,0
8.09464860209084e-09,0.01977033738472869,"[0.25, 0.25, np.float64(6.138331218446501), 20, 0.25]",2.1618265991068286,109.3469755744634,267068615.9925992,0
7.843341612485764e-09,0.019891574960220003,"[0.25, np.float64(0.24825353555002636), np.float64(5.988675589607436), 20, np.float64(0.24742634443700381)]",2.187465092494786,109.96942659740968,278894532.5309527,0
5.832975116552594e-09,0.021296985912275922,"[0.25, 0.25, np.float64(4.559710450208685), 20, 0.25]",2.7191512022897633,127.67774808558244,466168832.8780042,0
1.8947206226059717e-08,0.017142873083551127,"[0.25, np.float64(0.24116524772145778), np.float64(10.168408447970377), 20, np.float64(0.24382432309233298)]",1.4884686222667962,86.82725556050501,78558738.66087855,0
1.636460606833065e-08,0.01749237435010829,"[0.25, np.float64(0.24426929576765427), np.float64(9.441212783113897), 20, 0.25]",1.5790060302431341,90.26825053245896,96489095.04145542,0
1.032213532180721e-08,0.01883807642432741,"[0.25, np.float64(0.24622770919726014), np.float64(7.258394679969573), 20, 0.25]",1.8935047864683217,100.51476296290305,183441189.97044933,0
9.383094836540923e-09,0.019176705853785857,"[0.25, np.float64(0.2471864551216139), np.float64(6.817589371226914), 20, 0.25]",1.9853159055897516,103.52747342150067,211584337.5959779,0
3.6376557711817566e-09,0.02530544920805911,"[0.15, 0.15, np.float64(1.9139395090278706), 20, 0.15]",3.4427155736521207,136.04641219155707,946410488.019787,0
7.522365225469622e-09,0.020069686091291547,"[0.25, 0.25, np.float64(5.792673045335922), 20, 0.25]",2.2576231611369635,112.48921138415665,300121450.2977047,0
1.2172086238245576e-08,0.018303134207603676,"[0.25, np.float64(0.24477059788696956), np.float64(8.024385320955858), 20, 0.25]",1.7593264858651028,96.12159676642841,144537793.39298233,0
1.588665655972122e-08,0.017568092666828173,"[0.25, np.float64(0.24433001145101024), np.float64(9.296796160003334), 20, 0.25]",1.594859107004178,90.7815741441055,100389852.39019762,0
1.8371396641080724e-08,0.01718145533322661,"[0.25, np.float64(0.23986262066013023), np.float64(9.999472815782564), 20, np.float64(0.24558547457061514)]",1.500244896723819,87.31768453994397,81661994.78645435,0
9.209224490460082e-09,0.01924584607761675,"[0.25, np.float64(0.2473773735180207), np.float64(6.731142040126154), 20, 0.25]",2.0047672337056044,104.16623024108995,217691211.21787843,0
2.0486036939690868e-08,0.01690317097478317,"[0.25, np.float64(0.2396954956084879), np.float64(10.53698834299082), 20, np.float64(0.24864509698094453)]",1.455439602334858,86.1045305940608,71045444.59328796,0
6.458679379389441e-09,0.020781371346677565,"[0.25, 0.25, np.float64(5.066590574107436), 20, np.float64(0.24786927946858262)]",2.4998271645664247,120.29173257452454,387049273.9651587,0
1.1958860131711155e-08,0.018362709369656435,"[0.25, np.float64(0.24523704063299032), np.float64(7.943481139196361), 20, 0.25]",1.7738819922494156,96.60241070855682,148332029.36671495,0
2.1424605787381742e-08,0.016804830935769333,"[0.25, np.float64(0.23927582552671736), np.float64(10.766549674865322), 20, np.float64(0.24771716829713547)]",1.4342037444310072,85.34472913846953,66941896.558754764,0
3.893401318079553e-09,0.0244158806878825,"[0.15, 0.15, np.float64(2.407679202399409), 20, 0.15]",2.801443817795557,114.73859385239795,719536361.3780735,0
8.839967729776387e-09,0.01943459829089178,"[0.25, 0.25, np.float64(6.551113616955693), 20, 0.25]",2.0608343427821296,106.03946178542627,233126907.90040472,0
6.253644914048198e-09,0.020925534917308423,"[0.25, 0.25, np.float64(4.904917113396464), 20, 0.25]",2.5663154985313725,122.64037735105452,410371156.9498289,0
7.914631516614925e-09,0.01986010099930107,"[0.25, 0.25, np.float64(6.032562122438257), 20, 0.25]",2.189959558023517,110.26930618835159,276697601.57831824,0
1.1546380333041582e-08,0.018474830498722786,"[0.25, np.float64(0.24564810161934), np.float64(7.780446251365265), 20, 0.25]",1.801338746511833,97.50231519776943,156008956.44819963,0
1.2052454771820738e-08,0.018343513884019766,"[0.25, np.float64(0.24549629478334137), np.float64(7.9815286987178835), 20, 0.25]",1.7694747287945847,96.46323708654806,146814467.45037434,0
3.7571408391645225e-09,0.024849158689040897,"[0.15, 0.15, np.float64(2.1601926607014743), 20, 0.15]",3.086157682682943,124.19566075868863,821411231.2513719,0
7.862125572896314e-09,0.019887006025789394,"[0.25, 0.25, np.float64(6.001219846955144), 20, 0.25]",2.198489047497363,110.54902103646826,279630365.49255544,0
2.8549186371306164e-09,0.04107742025964141,"[np.float64(0.18453522448898485), np.float64(0.15865303901562405), np.float64(1.1743032765705532), np.float64(15.901546698879292), 0.15]",4.63795015716942,112.90753235850617,1624547227.6684105,0
2.1943520765389973e-08,0.016766311718203586,"[0.25, np.float64(0.23955157978069816), np.float64(10.89637623092516), 20, np.float64(0.24647667273648588)]",1.4238517164491966,84.92337136397666,64887113.22455335,0
7.178617050810283e-09,0.020271434867658113,"[0.25, 0.25, np.float64(5.570643425578574), 20, 0.25]",2.3255064706903283,114.71839491739865,323949091.3403492,0
3.140560822354705e-09,0.037702531765358885,"[np.float64(0.18404216129963452), np.float64(0.1710460459671299), np.float64(1.8327077642535774), np.float64(16.18324458042014), 0.15]",3.3650187652759307,89.25179842611293,1071470656.2355107,0
6.428567157781228e-09,0.02079385971353755,"[0.25, np.float64(0.24917053254123364), np.float64(5.0415334411061785), 20, np.float64(0.24761638813555642)]",2.502601592344399,120.35291315902818,389293839.6568223,0
9.962838931215387e-09,0.01901404788199413,"[0.25, 0.25, np.float64(7.110034830701441), 20, 0.25]",1.943029752832744,102.18916902343288,195027719.1318308,0
5.93132033308055e-09,0.021204830918000593,"[0.25, 0.25, np.float64(4.643318762676753), 20, 0.25]",2.6800315597039046,126.38778257971629,451844009.29362327,0
7.581194966033335e-09,0.020020663868375657,"[0.25, np.float64(0.24894689917957125), np.float64(5.825512846636991), 20, 0.25]",2.240663637316479,111.91754939034755,295555469.46827155,0
1.9845841764114447e-08,0.017028102511961917,"[np.float64(0.24935978098424175), np.float64(0.23956615118651634), np.float64(10.398453789840573), 20, np.float64(0.24251796253188795)]",1.4598251830293303,85.73034969714512,73558239.57384405,0
2.158959236997421e-08,0.016774027617079707,"[0.25, np.float64(0.23956034766270348), np.float64(10.799835761294009), 20, 0.25]",1.434963131123098,85.54672520402822,66465503.68031854,0
2.0378744437539115e-08,0.016920803925307988,"[0.25, np.float64(0.24083121596961757), np.float64(10.513323029592701), 20, 0.25]",1.463309336500015,86.47989439268797,71805666.97742642,0
7.554175282879724e-09,0.020049166539588176,"[0.25, np.float64(0.24982166796549923), np.float64(5.81196229201716), 20, 0.25]",2.2507236139717435,112.26020839956446,297944319.4907897,0
4.962426357783589e-09,0.02231211349567952,"[0.25, 0.25, np.float64(3.7177093648988486), 20, 0.25]",3.2120153094009734,143.95836190161648,647267098.3546008,0
8.387163998529343e-09,0.019632100158919526,"[0.25, 0.25, np.float64(6.304929017973858), 20, 0.25]",2.119452930238682,107.95854305356846,252701977.76153177,0
1.683461112932331e-08,0.01739137518804233,"[0.25, np.float64(0.24221841494686755), np.float64(9.567625171439756), 20, 0.25]",1.5568153833923497,89.51651991630649,92477062.3706666,0
8.745174280157212e-09,0.019453963225398208,"[0.25, np.float64(0.24867710414880229), np.float64(6.495175409088759), 20, 0.25]",2.0654304034462125,106.17016077987033,236179444.48890758,0
8.50311784545731e-09,0.019564354041205493,"[0.25, np.float64(0.24900649978829095), np.float64(6.365211115564475), 20, 0.25]",2.098297162735688,107.25103207171351,246767973.92108104,0
9.366895937684116e-09,0.019203068914717857,"[0.25, np.float64(0.24849419672476), np.float64(6.81524203156443), 20, 0.25]",1.9936669870940007,103.82022769110564,212841799.49872676,0
1.1107501530145642e-08,0.018602652108432056,"[0.25, np.float64(0.2461832193355836), np.float64(7.601240115847527), 20, 0.25]",1.8333478842121058,98.5530382187334,165054929.70101503,0
8.582980574016272e-09,0.019516063471555885,"[0.25, np.float64(0.24817095638990858), np.float64(6.405516082943256), 20, 0.25]",2.0832813153872074,106.74700450854402,242722361.70428246,0
5.804653974158673e-09,0.02132419137060359,"[0.25, 0.25, np.float64(4.535275948017786), 20, 0.25]",2.730858471464443,128.06386999645207,470460165.8637635,0
1.809268843409523e-08,0.01724187927580037,"[0.25, np.float64(0.23976757243260555), np.float64(9.932859951445725), 20, np.float64(0.24251195314126692)]",1.50298634893082,87.17068046290744,83071476.87894072,0
6.518950688482056e-09,0.020767785438430917,"[0.25, np.float64(0.24943727082140307), np.float64(5.119245533728672), 20, np.float64(0.2430597286757487)]",2.4704817649482735,118.95740026168758,378969236.4621226,0
7.49444991634762e-09,0.020085398657997015,"[0.25, 0.25, np.float64(5.77507482813242), 20, 0.25]",2.2628109902065403,112.6595010005241,301931564.7530952,0
4.492504780021057e-09,0.023070097309951625,"[0.15, 0.15, np.float64(3.275542747511101), 20, 0.15]",2.1438022724624264,92.92558430335124,477195323.64134246,0
7.079237784058963e-09,0.020326769447692666,"[0.25, np.float64(0.24936277318034133), np.float64(5.502647403849673), 20, np.float64(0.24961476432602808)]",2.3423098341132857,115.2327643672451,330870343.0456457,0
6.9126972212664255e-09,0.020421131486510962,"[0.25, np.float64(0.2487038934377687), np.float64(5.385673649813679), 20, 0.25]",2.376602462788097,116.37956811344881,343802482.11604685,0
4.731158104561025e-09,0.022668922826736063,"[0.25, 0.25, np.float64(3.452222214752902), 20, 0.25]",3.4176121673783215,150.76200106639118,722362705.2504559,0
5.763766985785325e-09,0.02136401559174544,"[0.25, 0.25, np.float64(4.499708862802596), 20, 0.25]",2.748128721724254,128.63352911921984,476793862.15676725,0
7.064618495809628e-09,0.020338795976330978,"[0.25, np.float64(0.24975273928369893), np.float64(5.493412339414747), 20, 0.25]",2.3485901221847167,115.47340977892003,332444012.87596506,0
1.3995415868136337e-08,0.017921474553499666,"[0.25, np.float64(0.24565983526245078), np.float64(8.692200125196734), 20, 0.25]",1.6722197844901832,93.30815829346118,119483393.72303768,0
2.2375740103594764e-08,0.016701446266556404,"[0.25, np.float64(0.2399239400658688), np.float64(10.987252052343486), 20, 0.25]",1.4218203072947202,85.1315679254572,63542939.84073842,0
1.9071191250949052e-08,0.01707857690643859,"[0.25, np.float64(0.24078166235984108), np.float64(10.180731436697858), 20, np.float64(0.24913972781500665)]",1.4910958928872986,87.30797074346157,78185776.29822133,0
1.7197505163054902e-08,0.017327189673943536,"[0.25, np.float64(0.24142342011757573), np.float64(9.667632634381224), 20, 0.25]",1.5432413053895846,89.064720501692,89736347.84566908,0
7.33978036643545e-09,0.02017455138731431,"[0.25, 0.25, np.float64(5.676211426470342), 20, 0.25]",2.292560280623384,113.63624581337348,312347259.2050818,0
1.6857121049380832e-08,0.017376577560139703,"[0.25, np.float64(0.2403757416565591), np.float64(9.569034954303916), 20, np.float64(0.24802630472584603)]",1.5466586423182533,89.00824324958836,91751055.10528815,0
6.079848131115376e-09,0.02107204202473443,"[0.25, 0.25, np.float64(4.76612384198626), 20, 0.25]",2.625080610219169,124.5764699566298,431767464.1878902,0
1.2853765479395067e-08,0.018151533716978318,"[0.25, np.float64(0.24519301815926187), np.float64(8.28423112113439), 20, 0.25]",1.7241030825987178,94.9838790198787,134132140.91718894,0
4.098389129409059e-09,0.023875832905671936,"[0.15, 0.15, np.float64(2.7366690220551426), 20, 0.15]",2.502883983317232,104.82917991617572,610699449.048685,0
1.4670544714538103e-08,0.017770383638974412,"[0.25, np.float64(0.24403600369072004), np.float64(8.909377858332736), 20, 0.25]",1.6378577544114439,92.16783315917033,111642599.93620907,0
6.95411477960767e-09,0.020401521909121388,"[0.25, np.float64(0.24920160846808345), np.float64(5.416064180480495), 20, 0.25]",2.3701004000768164,116.1727252816938,340819856.3283608,0
7.061299809665329e-09,0.020344706132504227,"[0.25, 0.25, np.float64(5.492064099676996), 20, 0.25]",2.350861484008093,115.55150852005576,332921919.10479325,0
7.868847377849817e-09,0.01986187064446008,"[0.25, np.float64(0.248599454920686), np.float64(5.9997787593494225), 20, 0.25]",2.1893659440717412,110.22959434500217,278232101.72237337,0
7.394269929095012e-09,0.02014273013498375,"[0.25, 0.25, np.float64(5.711307207978475), 20, 0.25]",2.2818802148106867,113.28554766503738,308601151.5257149,0
4.450146272235612e-09,0.0231950269437603,"[0.15, np.float64(0.15220362398680534), np.float64(3.2316926455579966), 20, 0.15]",2.195979123639706,94.67456661999898,493462234.5652732,0
1.00074566201283e-08,0.018999030804315677,"[0.25, 0.25, np.float64(7.13092845012117), 20, 0.25]",1.9389895775429888,102.0572890014233,193754482.39695993,0
8.811980574025065e-09,0.019442059109861777,"[0.25, np.float64(0.2469380459523363), np.float64(6.534930861295761), 20, np.float64(0.2449621531224506)]",2.040349898086239,104.94515455162326,231542714.0296412,0
2.335846346195454e-08,0.016596951939544496,"[0.25, np.float64(0.23905413295970873), np.float64(11.204950864976576), 20, 0.25]",1.4022542079674967,84.48865870524305,60031954.1673381,0
5.835860310878997e-09,0.021294231504957486,"[0.25, 0.25, np.float64(4.562190562296477), 20, 0.25]",2.717969975551037,127.63879151582762,465735955.0714908,0
4.595424068456172e-09,0.02289428996599086,"[0.15, 0.15, np.float64(3.4016610849211926), 20, 0.15]",2.07625482226702,90.68876236613002,451809189.17120427,0
2.2026545880449525e-08,0.01672950974607552,"[0.25, np.float64(0.23950726715412338), np.float64(10.902803919616222), 20, 0.25]",1.4267055548055323,85.2807748977949,64772096.4761823,0
7.693309910172301e-09,0.019975854923982555,"[0.25, 0.25, np.float64(5.898873222431579), 20, 0.25]",2.2269809014115807,111.48363411159531,289469802.6485332,0
4.222595116328175e-09,0.023594926118322482,"[0.15, 0.15, np.float64(2.9176172213019065), 20, 0.15]",2.367458258873158,100.33759999929494,560664281.9527105,0
1.3555992281660491e-08,0.017981289544987955,"[0.25, np.float64(0.2438362220516591), np.float64(8.529800304630223), 20, 0.25]",1.6843083478094973,93.67005317363214,124248252.1982658,0
7.70013368331906e-09,0.019951982033511485,"[0.25, np.float64(0.24869325637630094), np.float64(5.898028900932599), 20, 0.25]",2.21819197654052,111.17652235325943,288071878.7189149,0
1.383472982866494e-08,0.017946661214564456,"[0.25, np.float64(0.24524157266174956), np.float64(8.634644105681696), 20, 0.25]",1.6775426904176431,93.47380386588276,121255905.33339147,0
4.415938652383144e-09,0.023208841839091613,"[0.15, 0.15, np.float64(3.178280001672757), 20, 0.15]",2.1995735910356315,94.77308718312685,498098765.4456184,0
7.512678276827684e-09,0.020075125794388197,"[0.25, 0.25, np.float64(5.78657456190048), 20, 0.25]",2.259417335534853,112.5481034926541,300747250.4850718,0
6.393037799771053e-09,0.02081428253207141,"[0.25, 0.25, np.float64(5.012708467129368), 20, 0.25]",2.522941327286416,121.212024646969,394638887.8502748,0
1.0457616592928063e-08,0.018812431170975596,"[0.25, np.float64(0.24732226966338808), np.float64(7.324435938125076), 20, 0.25]",1.8876606902491868,100.34113470466956,180505823.05013102,0
8.346438238886887e-09,0.01965081316690929,"[0.25, 0.25, np.float64(6.28210771987746), 20, 0.25]",2.1251228434613854,108.14426992975312,254614337.59375662,0
8.858606533111307e-09,0.01938035741520973,"[0.25, np.float64(0.24693347974288307), np.float64(6.548322840976221), 20, np.float64(0.24987581768343606)]",2.0421964570745965,105.37455080533644,230532471.38151637,0
1.5918260692694e-08,0.017538340815583916,"[0.25, np.float64(0.2426833797399351), np.float64(9.296705075412103), 20, 0.25]",1.5874903592246898,90.5154242306721,99727626.64662854,0
1.557434929233753e-08,0.017597285025350736,"[0.25, np.float64(0.24289684456567015), np.float64(9.191786248837357), 20, 0.25]",1.6000164235822942,90.92405000415135,102734078.55116561,0
1.167335871959436e-08,0.01843809670564731,"[0.25, np.float64(0.2448326196644395), np.float64(7.830582448037299), 20, np.float64(0.24892723557754579)]",1.7880708503146476,96.9769753820083,153175353.66348973,0
1.0032160003899917e-08,0.018932755788026594,"[0.25, np.float64(0.24619237171469327), np.float64(7.125430587167961), 20, np.float64(0.24990394772130595)]",1.9180215995393302,101.30704800789331,191187301.51769066,0
7.0726009807210405e-09,0.020330000968584692,"[0.25, np.float64(0.24929560224643998), np.float64(5.497944102389598), 20, np.float64(0.24960633569127377)]",2.3433356151292433,115.26490425407877,331325861.80343854,0
2.0098745136415624e-08,0.016966734394061937,"[0.25, np.float64(0.23946041760245435), np.float64(10.448697791165584), 20, np.float64(0.24567544062791413)]",1.458928466866991,85.98758211112155,72588037.55980031,0
8.141791339419536e-09,0.019747440447667377,"[0.25, 0.25, np.float64(6.165611025989869), 20, 0.25]",2.154729179960087,109.11435260029407,264650503.81820607,0
8.422750471674593e-09,0.01958877509510953,"[0.25, np.float64(0.24824937462817762), np.float64(6.317643250439669), 20, 0.25]",2.104993882058897,107.45918883842936,249917635.47286788,0
2.103913799411352e-08,0.0168571082110317,"[0.25, np.float64(0.23997169867724505), np.float64(10.67912372908236), 20, np.float64(0.24747019600973807)]",1.4436992937893602,85.64335446601501,68619697.9264687,0
5.5535630478244366e-09,0.021579732072874034,"[0.25, 0.25, np.float64(4.3111008889534), 20, 0.25]",2.8445105651532434,131.8139889572042,512195601.3927955,0
3.880574491436072e-09,0.024530511205651483,"[0.15, np.float64(0.1538903436482865), np.float64(2.3980024833205635), 20, 0.15]",2.876605977683965,117.26645048559915,741283535.2168252,0
7.770428419569745e-09,0.01991554619480582,"[0.25, np.float64(0.24875425911269597), np.float64(5.941109341601492), 20, 0.25]",2.206556229425664,110.79566725622404,283968413.359098,0
7.562884060116247e-09,0.020045407078209274,"[0.25, np.float64(0.2498916701950232), np.float64(5.81767656368267), 20, 0.25]",2.2495484745183347,112.22263861948443,297445849.57762235,0
4.616835904549323e-09,0.022859131539966087,"[0.15, 0.15, np.float64(3.427278454562022), 20, 0.15]",2.063144759837869,90.25473064148305,446874180.17280924,0
1.2680289924406245e-08,0.018181131691253415,"[0.25, np.float64(0.24458319272124066), np.float64(8.216651125309166), 20, 0.25]",1.7305287154808593,95.18267316183528,136473907.59970272,0
1.6136135561864757e-08,0.017503712987169934,"[0.25, np.float64(0.2426663000213054), np.float64(9.362870994277293), 20, 0.25]",1.5802611290075468,90.28148085871061,97933059.80536304,0
6.781813148248646e-09,0.020526098032269156,"[0.25, np.float64(0.24977753999804725), np.float64(5.297745846432917), 20, 0.25]",2.4151215676998614,117.66101691139932,356117385.55839586,0
1.0013616487834406e-08,0.018996966507909368,"[0.25, 0.25, np.float64(7.1338058472148695), 20, 0.25]",1.9384350634382561,102.03918939538008,193579918.48332426,0
5.352813165337132e-09,0.02180511291334911,"[0.25, 0.25, np.float64(4.121050653512551), 20, 0.25]",2.950620681885691,135.3178354824899,551228034.8196787,0
2.350513357190895e-08,0.016580594018724026,"[0.25, np.float64(0.23883758537277472), np.float64(11.236146506078835), 20, 0.25]",1.3991673120884924,84.38583747412486,59526031.10329231,0
9.842461802103963e-09,0.019029985570738844,"[0.25, np.float64(0.24836712126369798), np.float64(7.045931441846987), 20, 0.25]",1.9460702516328166,102.26335928626034,197721900.3498512,0
1.1766578797702038e-08,0.01841255656559122,"[0.25, np.float64(0.2453205074895852), np.float64(7.867611598604846), 20, 0.25]",1.7859504764860985,96.99633345994027,151781627.19947848,0
5.5317429117179045e-09,0.021626841117667113,"[0.25, 0.25, np.float64(4.296259592246174), 20, np.float64(0.2470396126347547)]",2.849496185235435,131.75739210973637,515117247.9833327,0
7.094670315948939e-09,0.020323619204145948,"[0.25, 0.25, np.float64(5.514569052203234), 20, 0.25]",2.3435252103732616,115.31042708649012,330321932.66330886,0
1.0153134343087533e-08,0.018893070848388885,"[0.25, np.float64(0.24626149370748449), np.float64(7.181464077071773), 20, 0.25]",1.9079423406108431,100.98635398773958,187916585.7693797,0
2.2956835565768327e-08,0.016634357584035434,"[0.25, np.float64(0.23908964726630116), np.float64(11.114571150566533), 20, 0.25]",1.4090450953485536,84.70691388171568,61378019.25321214,0
2.82172944442054e-09,0.04192155189570701,"[np.float64(0.18513631658053603), np.float64(0.15577136772401357), np.float64(1.0303690448885767), np.float64(15.843207701813009), 0.15]",5.1314095533312125,122.40504755399324,1818533510.8855484,0
7.653117263232042e-09,0.019997556248294905,"[0.25, 0.25, np.float64(5.874140901937747), 20, 0.25]",2.2340168312965774,111.71449168880628,291909395.1466665,0
3.0959432308008333e-09,0.038062884461594004,"[np.float64(0.18463869990643741), np.float64(0.16924855699206623), np.float64(1.747099548604432), np.float64(16.150117552267872), 0.15]",3.4734394440908947,91.25528696059924,1121932537.2424266,0
7.447070236464235e-09,0.02009521309922581,"[0.25, np.float64(0.2488920221779226), np.float64(5.740866721137277), 20, 0.25]",2.2651296544094177,112.7198623485453,304163863.43696815,0
6.735850806477775e-09,0.020561396918826406,"[0.25, 0.25, np.float64(5.265792589722798), 20, 0.25]",2.4281455363136843,118.0924402120961,360480896.33733726,0
8.565443577937138e-09,0.019552091154112442,"[0.25, 0.25, np.float64(6.403475704310841), 20, 0.25]",2.0954395244730097,107.17214378536029,244638763.3525999,0
1.0024674819134603e-08,0.018947305282248854,"[0.25, np.float64(0.2470208315722608), np.float64(7.125503961985325), 20, 0.25]",1.9228757481178858,101.48544711101313,191814276.55364898,0
5.271607464493338e-09,0.021902446366771876,"[0.25, 0.25, np.float64(4.041090261896089), 20, 0.25]",2.9982685769182886,136.89194926950952,568757935.2432791,0
3.827585202759844e-09,0.024615922732184485,"[0.15, 0.15, np.float64(2.291686225400492), 20, 0.15]",2.927209311539163,118.91527867496659,764766597.338846,0
1.5895538667120526e-08,0.017550090094251895,"[0.25, np.float64(0.24322386202034277), np.float64(9.292967824170955), 20, 0.25]",1.5903203769657792,90.61608051155531,100048221.72244543,0
3.5088043643887702e-09,0.026102754236185837,"[0.15, np.float64(0.15836191822321713), np.float64(1.5954930493879422), 20, 0.15]",4.277346978530825,163.86573385429213,1219032620.325623,0
1.2778193694789421e-08,0.0181719648251963,"[0.25, np.float64(0.24542618476150174), np.float64(8.257503683877001), 20, 0.25]",1.7290064404065275,95.14691763045774,135309143.193812,0
1.1854748854635935e-08,0.018396516616223692,"[0.25, np.float64(0.24573526436579923), np.float64(7.90482709480533), 20, 0.25]",1.7823792892576924,96.88678169028103,150351501.42051914,0
2.2787866440714305e-08,0.016660073765410115,"[0.25, np.float64(0.23977820490419893), np.float64(11.081086145295757), 20, 0.25]",1.4141650734250468,84.8834821104548,62057809.45329776,0
6.303162709998441e-09,0.02088540608769289,"[0.25, 0.25, np.float64(4.943554955798285), 20, 0.25]",2.5505485310995923,122.12108878278167,404645833.91664076,0
7.505650527366403e-09,0.020079080690109344,"[0.25, 0.25, np.float64(5.782144674444998), 20, 0.25]",2.2607230100458784,112.59096195372514,301202807.3786597,0
1.3823452759959184e-08,0.017958193918320414,"[0.25, np.float64(0.24585505973187727), np.float64(8.634092884301044), 20, 0.25]",1.6805591383511984,93.58174580333171,121573037.32531153,0
5.441217184288486e-09,0.02170331872874337,"[0.25, 0.25, np.float64(4.2060262660257735), 20, 0.25]",2.901983004802604,133.71148629722168,533333426.42195565,0
2.148810186574066e-08,0.01679443234681115,"[0.25, np.float64(0.24025316574780686), np.float64(10.78048394528764), 20, 0.25]",1.439202569845114,85.69521970883304,66976719.43466037,0
5.046182949307332e-09,0.022238369505902866,"[0.15, 0.15, np.float64(3.9027864727781965), 20, 0.15]",1.8511935629133596,83.24322349361027,366850267.12467194,0
2.568513924236828e-08,0.016426570956223817,"[0.25, np.float64(0.23933671763170655), np.float64(11.721678144462258), 20, np.float64(0.24702662601982403)]",1.3642888827748556,83.05378440884792,53115884.243462734,0
7.243153471257619e-09,0.020228425273305883,"[0.25, np.float64(0.249759489913344), np.float64(5.612354125854488), 20, 0.25]",2.310595858013781,114.225196810694,319004128.1304779,0
4.77280735588677e-09,0.02261623962349924,"[0.15, 0.15, np.float64(3.6079898352260305), 20, 0.15]",1.9759774969496486,87.36985148037269,414007385.9282173,0
