design_id,split,d1,d2,d3,d4,d5,w1,w2,pitch_mm,height_mm,thickness_mm,arc_length_mm,radius_1_mm,radius_2_mm,radius_min_mm,aspect_ratio_H_over_P,thickness_ratio_t_over_H,thickness_ratio_t_over_P,curvature_index_t_over_Rmin,core_material_fraction,board_material_fraction,geometry_feasible
D000,test,0.6279124563273644,10.0,5.669894600811906,8.321548653554638,5.525153315130971,1.0,1.0,7.9,2.2,0.15,9.227687456155955,1.0191485953414865,1.019148595341263,1.019148595341263,0.27848101265822783,0.06818181818181818,0.018987341772151896,0.14718167761372652,0.07964057068028729,0.21600420704392365,1.0
D001,train,9.884838776206049,0.1,10.0,0.1,0.34781357580860317,0.0,0.0,4.86576429402609,4.0,0.15626015145824992,10.545860209214842,0.9071785051890289,0.9071785051886937,0.9071785051886937,0.822070235689586,0.03906503786456248,0.03211420488454348,0.1722485162120852,0.08466797886062,0.16279805458974497,1.0
D002,train,0.1,0.11031758842521328,9.810294924228543,10.0,10.0,0.01831558917119717,0.17398410305320075,7.9,2.2,0.25,9.681479499995156,2.507444838755351,0.9061452176693462,0.9061452176693462,0.27848101265822783,0.11363636363636363,0.03164556962025316,0.2758939683453976,0.13926178797461383,0.3665345152473411,1.0
D003,train,0.1,10.0,6.258829286082422,0.13192985137124502,6.520222395511445,0.1901488897935476,0.0,7.899453768874846,2.263247634293263,0.15,9.726212465119632,0.9498466127378732,1.7105307554495217,0.9498466127378732,0.2865068523105779,0.06627644174997227,0.01898865470812992,0.1579202346867716,0.08160295290697947,0.21415583640692398,1.0
D004,test,0.1,0.1,7.215915895667447,0.10840553444940591,7.168416411980394,0.5049118850449811,0.4874718475762521,7.133527072312738,3.9765204959224865,0.25,12.213091723336047,1.4439908437507685,1.2176920469427401,1.2176920469427401,0.5574410043744702,0.06286903343170225,0.035045777140220245,0.20530642425371431,0.10763613344077852,0.23337420030418304,1.0
D005,train,9.595033675461204,0.1,5.161748307126464,0.10536390121077766,0.10400677143121953,0.06004009487483722,0.07929479086140812,7.685345312107824,3.053242645853345,0.23693767130102628,11.235360005399038,0.9955196708215814,1.0289337209885894,0.9955196708215814,0.39728112685361516,0.07760197887410453,0.03082980161317468,0.23800400760086096,0.11344788482156137,0.2686518425697704,1.0
D006,train,0.1889337221413702,3.338217991783808,10.0,0.10229026637536032,9.630520147563674,1.0,0.9942502836069178,7.9,4.0,0.16948897281703376,12.534346804217893,1.3183034448575626,1.8065508880549541,1.3183034448575626,0.5063291139240506,0.04237224320425844,0.02145430035658655,0.1285659788557606,0.06722891027782786,0.15197339668634474,1.0
D007,train,0.1,5.215633883702463,9.821380452805055,9.774786655922787,8.982384443613258,0.027564131536560146,0.038956581982581,7.72516979938941,3.840950523910006,0.15,11.52301115032428,1.1113754997538514,1.0420271047714402,1.0420271047714402,0.4971994951118862,0.03905283316362617,0.019417048931643657,0.14395019027158723,0.05825195350810105,0.13635761983535338,1.0
D008,test,0.6311592020763087,0.1,10.0,0.1,3.7612107635744,0.006836782795561637,0.0,7.9,3.9457835014609133,0.23418703149396888,12.873422945416642,0.9214485213685959,0.913790133762394,0.913790133762394,0.49946626600771055,0.059351211592643616,0.02964392803721125,0.2562809805460898,0.09671560115886285,0.21541802434415008,1.0
D009,train,0.6483132485098069,3.4906919606010103,7.018179074746562,7.140048638984187,9.809847178470593,0.5349342621119983,0.48931723638115976,7.9,2.413128066774254,0.15,9.78224997215492,1.4869564506431163,0.9670587865026153,0.9670587865026153,0.3054592489587663,0.062159983162647606,0.018987341772151896,0.15510949498993495,0.07697018905847591,0.20129015538377112,1.0
D010,train,9.634586764559828,1.0963212872927468,7.640609643001589,10.0,0.1,0.0,0.0,7.878725458065563,2.2,0.15,9.617294835736114,2.0182101327177664,0.9356147362705927,0.9356147362705927,0.27923298149040454,0.06818181818181818,0.019038612374345763,0.16032240000612594,0.08322724930335326,0.2195908856669896,1.0
D011,train,0.1,0.1124614833623616,5.391267946613284,0.1,9.61421952482635,0.04414504917642894,0.024823936536963614,6.862944060701929,3.8785318201053762,0.25,11.885542435206094,0.9492264863845569,0.9229840979569174,0.9229840979569174,0.5651411093839933,0.06445738016227175,0.036427515332892055,0.2708605712204474,0.11163007018631242,0.24054483051085593,1.0
D012,test,0.10748115500219808,0.1,4.767622150986108,0.9371718146868162,9.817513248540502,0.489289140806762,0.5020373406954254,7.73774501913167,2.5121451088077933,0.24752830542328533,10.339709914219613,1.0539927863266856,0.9064622673649089,0.9064622673649089,0.3246611386904691,0.09853264628521265,0.031989721141142353,0.2730707215677621,0.13166613492051166,0.328731427490937,1.0
D013,train,0.3879872900298088,4.466559451377959,7.79441049456347,2.692222594170026,9.412597482155505,0.682518425309699,0.6442773341541,7.9,3.88274955055101,0.15,11.973444609864869,1.4849561214008211,1.1158947288488916,1.1158947288488916,0.4914872848798747,0.038632417066074516,0.018987341772151896,0.13442128197409217,0.05855229188428372,0.13581712601643275,1.0
D014,train,0.10064147361815257,10.0,7.034673166734111,9.888797118018996,7.034531507223571,0.07250756834812719,0.21706215382132046,7.9,2.321744565896214,0.15,9.378286744453543,0.9359037624191131,1.0804681890894698,0.9359037624191131,0.2938917172020524,0.06460659032148898,0.018987341772151896,0.16027288918283836,0.07669609235650136,0.20590927299947934,1.0
D015,train,9.43382736487971,0.10559588798682557,5.173994118046316,0.10010549666620903,0.10615202713658714,0.0,0.04171446713347611,7.637656582662695,3.7752784945524853,0.15,12.340931115600057,1.0104017784185877,1.0709106097016323,1.0104017784185877,0.4942980158498198,0.039732168160955955,0.019639531887371914,0.14845579570808934,0.06419926649501859,0.1436636028169305,1.0
D016,test,0.1,0.1,10.0,1.1749764835148737,9.641228269420028,0.04462201990158052,0.032753981238994215,7.9,2.328434304018882,0.15389175971973376,10.183473208770517,1.1498551885135184,0.9060697257471388,0.9060697257471388,0.294738519496061,0.06609237780688777,0.019479969584776425,0.16984538313851694,0.08519619730384567,0.21738095291762127,1.0
D017,train,9.129491835741012,6.482197581873014,9.81009963377587,0.10063132231600413,0.1010516830490019,0.029834269045312473,0.026982063711843016,7.9,2.4489984285186015,0.15,10.099369038739834,0.9368919562136068,2.785954438089497,0.9368919562136068,0.309999801078304,0.0612495288903615,0.018987341772151896,0.1601038401548628,0.07830146781173644,0.20080052559245942,1.0
D018,train,2.697649645193721,0.1033440582822358,9.128753729433546,4.934659849377289,9.980094937319265,0.9578987523150955,1.0,7.9,3.9436810309064474,0.25,12.328663849079595,1.1985882542775073,1.3400808663399708,1.1985882542775073,0.49920013049448697,0.06339255077699273,0.03164556962025316,0.20857871675932332,0.09892980367914592,0.22571490523313137,1.0
D019,train,0.1,7.282067016225084,8.624210422758395,0.1,9.75785068546977,0.0006150252006420464,0.0,7.9,3.985719848001371,0.1917196655168828,12.320025858746986,1.0227253812168708,1.713814714676587,1.0227253812168708,0.504521499747009,0.04810164106567102,0.02426831209074466,0.1874595752075388,0.07501436225028264,0.17121764438162468,1.0
D020,test,9.79950634014364,0.10322564925283662,9.916407083719665,0.1,0.1,0.0904491072133062,0.2527712082739443,7.9,4.0,0.2457124076381794,12.876409115826618,1.0523701052429542,1.7260327137262361,1.0523701052429542,0.5063291139240506,0.06142810190954485,0.031102836409896126,0.23348478488131635,0.10012321156911262,0.22297941538820235,1.0
D021,train,1.1665804872812702,0.10563857802487393,8.877102189144424,0.1024226233212541,9.956279973836056,0.22504568510242795,0.07056409252420025,7.888999833942273,3.9932691995032394,0.15,12.863284491716275,1.6390923770000423,1.0101070830844256,1.0101070830844256,0.5061819347900445,0.03756320761411725,0.019013817107034002,0.148499107185711,0.0612480968605036,0.1363745120887381,1.0
D022,train,0.10650395637098312,0.1,5.579498218408838,10.0,8.945755941943109,0.009793759138683623,0.21954124153741536,7.858881432453969,2.297708700366132,0.19388863009318627,9.729434679627488,1.0816911823877868,0.9158168436381274,0.9158168436381274,0.29237095890994536,0.08438346865392066,0.0246712756464941,0.21171114228796464,0.10446823168985679,0.2732351689976981,1.0
D023,train,6.016844175739362,0.10302619685828861,10.0,0.1,0.1,0.003564961603461203,0.0,6.495178189637285,3.8833026629297573,0.15,11.594495481314985,0.943836259928668,0.940233769807041,0.940233769807041,0.5978746925104168,0.03862691451580869,0.02309405463876528,0.15953479317253588,0.06895262496804483,0.1462064539996622,1.0
D024,test,1.7077440481106312,8.686909501211597,7.962472263623619,5.573273138157174,6.289068977271248,0.7872045303718666,0.8022366920171035,7.9,2.6934086114956237,0.15,9.975135027184798,1.3531461484964606,1.589099076887855,1.3531461484964606,0.3409377989234967,0.05569151273957888,0.018987341772151896,0.11085277090480691,0.07032029866398502,0.1817033241431428,1.0
D025,train,0.1,3.057345169743353,3.6686097543489193,2.0852344571915404,8.09069491669518,0.1969603759343993,0.0,7.9,2.2732754450816235,0.15,9.666946117858048,1.1793221023360945,0.9460994160425867,0.9460994160425867,0.28775638545337007,0.06598408491348225,0.018987341772151896,0.15854570614516483,0.08074235360693709,0.2127105234339016,1.0
D026,train,0.2889242006308545,0.10297431329482598,9.53075724125378,3.9911848197794444,5.506557500645446,0.020648734380797965,0.02487563416027695,7.9,3.9510172913532147,0.23927699786792248,12.381101245043237,1.333915482652026,0.9067439762550498,0.9067439762550498,0.500128771057369,0.060560858184948774,0.030288227578218033,0.26388595252230096,0.09491267299677926,0.21603438936667682,1.0
D027,train,6.134083721143505,3.7082603963942145,5.025693498328904,3.4852859505171323,0.1,0.0,0.0,7.9,3.0623170455838746,0.15,10.568031718272326,1.4128352786583156,1.438436048742232,1.4128352786583156,0.38763506906124995,0.04898251806301798,0.018987341772151896,0.10616948929987503,0.06552516513048369,0.16349020125651964,1.0
D028,test,7.835482387570096,1.0228640071807436,8.851456748960214,2.3645405015164846,10.0,0.03880163709899424,0.0,7.9,2.2473732506021,0.15,9.9924768757295,1.0843848206303648,0.9241731482234162,0.9241731482234162,0.2844776266584937,0.06674458724638334,0.018987341772151896,0.16230724760652526,0.0844232588151387,0.21791243330790536,1.0
D029,train,0.1,0.1,8.046503125414295,1.5937911155217175,10.0,0.7513384165688883,0.7033518654465928,7.9,3.95707938477383,0.2129728066638594,12.649012033014342,1.9852423566147335,0.9247442126371584,0.9247442126371584,0.5008961246549152,0.053820706120615784,0.026958583122007516,0.23030455746947556,0.08617452649936679,0.19381593874059835,1.0
D030,train,0.1,0.10732263211812246,9.973974713498015,9.230708928171534,9.773608897053915,0.02482925821219395,0.0,7.8370006320654655,2.7247985422105816,0.15,10.389653503004473,2.5449757930490966,0.9536367220273599,0.9536367220273599,0.34768384872420927,0.055049941372292285,0.019139975488360658,0.15729260056293898,0.07298070308667161,0.18308058583125617,1.0
D031,train,2.5142784405033494,10.0,6.357147989915217,2.4879840998470506,5.437655039552828,1.0,1.0,7.9,2.784435869528017,0.15,10.22850906294373,1.0000696316425772,1.2610425864272932,1.0000696316425772,0.3524602366491161,0.05387087619490627,0.018987341772151896,0.14998955598084762,0.06974920827700233,0.17749096066681488,1.0
D032,test,0.15774365444090732,0.10514395819454302,10.0,0.1,9.035648037004448,1.0,1.0,7.866404255751125,3.9615041515031657,0.2463333749526157,12.784667572936815,1.3766937636325114,1.3777780944248101,1.3766937636325114,0.5035978348820442,0.0621817788223562,0.03131460918405273,0.17893113302311062,0.10105930810211053,0.22542286574682296,1.0
D033,train,0.24083998161729578,3.363682571518929,10.0,0.1,5.948284419248143,0.0,0.042862014332392784,7.9,4.0,0.19768246693400882,12.522443630570148,0.9323435971280599,1.418572180160219,0.9323435971280599,0.5063291139240506,0.049420616733502204,0.02502309708025428,0.21202748379775335,0.07833758066244217,0.17717881412944658,1.0
D034,train,0.5469423574672574,10.0,7.867677723318696,5.285322266425222,6.243432905889311,0.5399648497399532,0.5966390209500724,7.9,2.2739607301242692,0.15637120622328216,9.460141386578472,0.9330889328039539,1.2525407870644962,0.9330889328039539,0.2878431303954771,0.06876600996303778,0.01979382357256736,0.16758446137967048,0.08234635149888624,0.21987837142496178,1.0
D035,train,0.1,7.264934885350417,9.358968173625874,3.609759374491433,6.869289211912336,0.0,0.0,7.9,2.5538565761935037,0.15,9.903614679745957,1.3080308044368325,1.595628450501669,1.3080308044368325,0.3232729843282916,0.05873470006039783,0.018987341772151896,0.1146761983671951,0.07363111869982679,0.19110051882062246,1.0
D036,test,0.1,0.2080283648767125,9.625798251157763,0.1,9.515070281527665,0.27110356208526604,0.05538976796880475,7.866500043485275,4.0,0.25,12.829499482462344,1.753133088736677,0.9615472634361306,0.9615472634361306,0.5084853464550149,0.0625,0.03178033415343843,0.25999761998865684,0.10193144514350468,0.2269314451435047,1.0
D037,train,9.888474962601922,0.1,10.0,0.1,10.0,0.0,0.010876892997292392,7.84722300522856,2.5528561154644636,0.232814067294937,10.642235490970473,0.9217553531826038,0.9172183957317503,0.9172183957317503,0.32531968490808916,0.09119748891628351,0.029668338358654303,0.25382620799836836,0.12368007798243914,0.3060750558150061,1.0
D038,train,0.10036388558395598,0.10163122919677135,7.67153195561507,6.3914541306663715,9.77549375401264,0.0,0.0,7.897398631647536,2.5988313527452283,0.24497590992940668,10.29483124385249,2.351315785042082,0.9223886316714961,0.9223886316714961,0.3290743539690191,0.09426387351785287,0.03101982328050476,0.2655886049738887,0.12287978808228177,0.3114075351179875,1.0
D039,train,9.570756647498708,9.550785775758555,7.095988280791439,10.0,0.10126312411813626,0.06305256073207219,0.0,7.893463047340555,2.2,0.15,9.277834174633366,1.0887959860551346,1.0684696667059854,1.0684696667059854,0.2787116360468956,0.06818181818181818,0.019003066094106517,0.14038770090913216,0.08013968001396272,0.21650331637759906,1.0
D040,test,5.525855495111614,0.10226889305456588,8.074879209060171,0.11099161236139701,9.571621985112072,0.0,0.0,7.9,3.9563445272829125,0.15,12.865078074639474,1.06421481339606,1.063111709761057,1.063111709761057,0.500803104719356,0.037913786063271664,0.018987341772151896,0.1410952382734207,0.06174225541888201,0.13756982754542535,1.0
D041,train,9.994090180760143,0.1,6.937538131030297,0.1,0.1,0.1708780132198619,0.0,7.897745576465664,4.0,0.25,12.890584133363275,1.48049873433389,1.0095276902659447,1.0095276902659447,0.506473646342764,0.0625,0.03165460289642275,0.2476405574711292,0.10201158046113558,0.22701158046113556,1.0
D042,train,7.412760023353634,4.668335928362747,9.654418824027632,3.69836238491969,0.1,0.002594805425460014,0.0,7.895882052866694,3.9901285829770208,0.15,12.069731258576665,1.1953154447846368,1.2585492256891855,1.1953154447846368,0.5053429821090548,0.03759277348603275,0.018997244259182,0.12548988692020616,0.05746472277612453,0.13265026974819003,1.0
D043,train,0.1,0.1,10.0,3.5851293773290047,8.177894181423689,0.0,0.0,7.9,4.0,0.15,12.50907088918748,1.7340877369450047,1.1597751425565173,1.1597751425565173,0.5063291139240506,0.0375,0.018987341772151896,0.1293354155438715,0.059378501056269684,0.13437850105626967,1.0
D044,test,9.182421712424066,0.1,6.303663537788967,0.10672007101684765,0.1,0.041510531968165926,0.05411098135903441,7.875233250839573,2.77111112707028,0.15,10.937194383982142,1.0550388276644584,1.066340259611758,1.0550388276644584,0.3518767049566251,0.0541299114765511,0.019047054889962604,0.1421748622579657,0.07517610525931652,0.1834359282124187,1.0
D045,train,0.1089776934295784,10.0,8.9113648183197,4.22470329882336,10.0,0.05616216804300321,0.15657430717516446,7.877615097896387,3.4416934439205145,0.15584783530035248,11.112626043968756,0.9700682466053853,1.262127835928804,0.9700682466053853,0.4368953548948556,0.045282311699098486,0.019783631640237106,0.16065656807726636,0.06387788563735329,0.15444250903555026,1.0
D046,train,3.9734885996572125,4.165185740177483,6.653304771215604,5.955316277558207,0.1,0.13751504794938121,0.157971209551448,7.9,2.388617902585863,0.15,9.570451102258202,0.9969145224630873,1.0027046785645546,0.9969145224630873,0.30235669652985603,0.06279782121603185,0.018987341772151896,0.15046425407606,0.07607638952865639,0.20167203196072006,1.0
D047,train,0.10517275473774135,0.1,9.95676714281908,10.0,10.0,0.04181430788742697,0.20594886501532242,7.877649141235888,2.2,0.15,9.646036468247102,2.3770606624332027,0.9090124916005865,0.9090124916005865,0.27927113286678473,0.06818181818181818,0.019041213604553502,0.16501423400230775,0.08348738219509359,0.21985101855872993,1.0
D048,test,0.1,0.10576400750120801,9.89319527918681,0.1023768427448622,9.223925048169365,0.0,0.0754678385319073,7.888630481030776,3.911898243335689,0.25,12.721309670364708,1.3176237601529075,1.4469947608979183,1.3176237601529075,0.4958906685694494,0.06390759279740982,0.031691178918971684,0.18973549776530138,0.10305822794189107,0.2308734135367107,1.0
D049,train,0.10509983297615987,5.396625462515962,10.0,1.4400800699881267,10.0,0.06735463105847828,0.20162976107899422,7.9,3.9734016069786158,0.22432950378194239,12.287864011834523,1.0406062003975924,2.014364754187003,1.0406062003975924,0.5029622287314703,0.05645779761802711,0.028396139719233212,0.21557579005029096,0.08781591639721421,0.20073151163326844,1.0
D050,train,0.10135893556415064,2.641491032007587,4.960828904627748,6.953829498950939,9.285192009243126,0.15041450582730784,0.10003892996762236,7.857598103578299,2.2,0.15,9.47338143991229,1.194990665615725,0.9395406396129067,0.9395406396129067,0.279983777612415,0.06818181818181818,0.019089803019028292,0.15965248726420223,0.08220226618729282,0.21856590255092917,1.0
D051,train,8.798220775158237,0.1013561121604794,8.598115805332457,0.10007515440387303,0.10802464138740542,0.0444781816077873,0.08629205581983397,5.93394488913264,3.8946153676441044,0.15,11.151862670313966,1.0778958969545862,1.1676463257453018,1.0778958969545862,0.6563281999427834,0.03851471476392203,0.025278293412314683,0.13916000647539323,0.07238200183155956,0.14941143135940363,1.0
D052,test,9.80190717528759,0.10415946093403579,8.64012471628833,0.10178778615316227,10.0,0.004996565236212547,0.01831705700345449,7.9,3.27330971092272,0.17932095120344657,11.815316677145544,0.9207864460169527,0.936444984565813,0.9207864460169527,0.41434300138262276,0.05478276333127592,0.022698854582714756,0.19474760079183992,0.08193363255799262,0.19149915922054445,1.0
D053,train,0.1,10.0,6.630298744949112,5.368876767435974,9.648008281262946,0.0010432171780562008,0.0,7.752130891377851,2.2305962975190416,0.15,9.279646977975494,1.1432608900371508,1.179964743288221,1.1432608900371508,0.2877397619795064,0.0672465923873522,0.01934951848746961,0.13120364853478517,0.08049717510839521,0.2149903598830996,1.0
D054,train,0.1,10.0,9.79370909047394,10.0,10.0,0.03539348278309991,0.0414333727037666,7.9,2.8748790882213506,0.15,10.148761956662662,1.3074472827443027,1.3094169340094595,1.3074472827443027,0.36390874534447476,0.052176107375981155,0.018987341772151896,0.11472737905359622,0.06702821437773464,0.17138042912969695,1.0
D055,train,0.1,0.1,7.990007212528866,4.508833297146054,10.0,0.0,0.19896847738238926,5.617572342144628,2.2,0.25,7.8170939315426144,1.079564357978921,0.9086629235971425,0.9086629235971425,0.39162824544242597,0.11363636363636363,0.04450320970936658,0.27512952659091655,0.1581298957060263,0.3854026229787536,1.0
D056,test,0.1015044975625497,0.1,7.372831443216397,8.034226121682346,9.838795726642587,0.1350301236523095,0.2170174095934538,7.9,2.2771759674961,0.2200370222213829,9.796697100603993,1.9810361863251946,0.9151902487540502,0.9151902487540502,0.28825012246786075,0.09662714931219288,0.02785278762295986,0.240427629687864,0.11982619158308723,0.313080490207473,1.0
D057,train,6.5794530268241695,4.243727080770926,8.000872279968297,5.4346771179017725,0.1,0.21181847318469893,0.0,7.896841800670051,3.1548704628288307,0.15,10.70068313961189,1.3390078550167914,0.9767186945374493,0.9767186945374493,0.39951040459758713,0.047545533728665906,0.018994935416747544,0.15357543665224552,0.06442698283394943,0.15951805029128127,1.0
D058,train,9.741016753024619,0.10033180631171308,5.814672641585941,0.1,0.10504254471723007,0.01305510572003909,0.17247278342047037,7.785614538053882,4.0,0.25,12.817280588524365,0.9112929031683258,1.352879126540535,0.9112929031683258,0.5137680500940717,0.0625,0.03211050313087948,0.2743355063238348,0.10289233211679312,0.22789233211679313,1.0
D059,train,8.40745609589681,4.2663115633862105,5.6208055954965666,9.797458232760988,0.10325120778364974,0.01108800764776169,0.15212439439763203,7.9,2.243488766833857,0.15,9.417018313856353,1.0189045991557422,1.0846634921895115,1.0189045991557422,0.28398591985238697,0.06686015201747089,0.018987341772151896,0.14721692308022657,0.07969914886275231,0.2134194528976941,1.0
D060,test,0.39610011593233657,2.5381073110503927,7.8358005876212875,0.1,10.0,0.10762053444997652,0.0,7.9,4.0,0.16897986689855402,12.576376761325042,1.2700233706158899,1.4205938082811793,1.2700233706158899,0.5063291139240506,0.042244966724638504,0.021389856569437215,0.13305256486469874,0.06725172377198649,0.15174165722126348,1.0
D061,train,0.21244958470427855,0.1,10.0,0.10023221379266414,8.92924536600052,0.011708209224065605,0.020482871077862553,7.863072894252734,3.9607956569701823,0.15,12.781634040058693,1.3678811670166624,1.3805052362901893,1.3678811670166624,0.5037210910082243,0.037871178669879366,0.01907651143735902,0.10965864843884704,0.06156060778450623,0.13730296512426493,1.0
D062,train,9.555230247473187,0.10097106527327976,9.469188634487008,0.10860747519074912,0.1,0.0,0.0,7.671314088862587,3.991644479079558,0.24598725372948385,12.675041719271606,1.38849067931619,1.3869156549832846,1.3869156549832846,0.5203338610362377,0.06162554180832422,0.03206585610757543,0.17736280706446314,0.10182170933755097,0.2250727929541994,1.0
D063,train,0.1,0.10972992606201307,4.711660742718406,0.1,9.860684057070246,0.0,0.03717594149890696,7.8248990501414,3.3734239330794056,0.24666588585980254,11.873837697989583,0.9509628844845378,1.0010160484369683,0.9509628844845378,0.43111405162708727,0.07312033434073474,0.0315232035939614,0.25938539756312984,0.11095593397705615,0.2571966026585256,1.0
D064,test,8.406095963776405,10.0,7.05535831974475,4.692017453285631,0.10218299245306302,0.1669657824893244,0.013539924887833383,7.9,2.385829420296766,0.15,9.582040947083474,1.3739689819580416,1.2495914977553695,1.2495914977553695,0.3020037240881982,0.0628712173317663,0.018987341772151896,0.12003922903560381,0.07625754162860367,0.20199997629213629,1.0
D065,train,10.0,4.6428955556925136,9.622782240105686,9.261490657980852,9.502152631182124,0.0,0.0,7.844888935706887,2.2,0.15000218133548862,9.520730594695374,1.3897389408831533,1.1053883548714012,1.1053883548714012,0.28043736731395325,0.06818280969794936,0.0191210076477612,0.13570088799509705,0.08274816477883831,0.21911378417473704,1.0
D066,train,2.114131205568169,9.57973802338069,9.238885373442416,3.362456032917403,9.412034932511483,0.1751408447522,0.0,7.865039403658843,3.007848623887629,0.15204880368667498,10.508390434312293,1.4335783634645156,1.2692524066035638,1.2692524066035638,0.38243274693428336,0.050550683461640655,0.019332236735640683,0.11979398494389908,0.06754019799177793,0.16864156491505924,1.0
D067,train,0.1,0.1,10.0,0.1,10.0,0.1968566965461034,0.047916331255987585,6.158882500428424,4.0,0.25,11.50539258208602,1.4513434197338155,0.9358477571641544,0.9358477571641544,0.649468470899023,0.0625,0.04059177943118894,0.2671374676983366,0.11675608949031828,0.24175608949031827,1.0
D068,test,10.0,10.0,10.0,6.1551668664007915,0.10569767741922327,0.0,0.0,7.9,3.842027926110291,0.15,11.634535397430035,1.1529114411339103,1.2301306504199303,1.1529114411339103,0.48633264887472033,0.0390418817574451,0.018987341772151896,0.13010539634550955,0.0574979943404143,0.1355817578553045,1.0
D069,train,0.1,6.366562500224667,6.19028051201217,8.846463212915358,10.0,0.0002598583379332737,0.0,7.9,2.200832189930383,0.15,9.350567768045654,1.1013757097347097,1.0976999124597175,1.0976999124597175,0.2785863531557447,0.06815603692380781,0.018987341772151896,0.13664936864564484,0.0806705876022135,0.2169826614498291,1.0
D070,train,0.10072044610015261,7.2030854085959355,10.0,4.625867327251896,9.616862661346378,0.0,0.049687618402595723,7.9,4.0,0.20268429291816392,12.00170265216977,1.2362908635768888,1.4645622927280217,1.2362908635768888,0.5063291139240506,0.05067107322954098,0.025656239609894167,0.16394547504116402,0.0769796397426925,0.17832178620177447,1.0
D071,train,0.1,2.6136245683021535,9.617486763820336,0.1,9.437950987778919,0.1425824947383004,0.044041016086515346,7.839914748300673,4.0,0.2446303813199246,12.520775389633819,1.4434285599417342,1.5955155920846562,1.4434285599417342,0.510209629622186,0.06115759532998115,0.031203194061893213,0.16947868991160836,0.09767204607203016,0.21998723673199247,1.0
D072,test,4.36102717373357,5.428405519240673,5.322892244261718,2.157345659579639,0.1,0.0,0.0,7.9,2.701607850721987,0.15,10.076184326153552,1.2354042981850295,1.5184291468531081,1.2354042981850295,0.3419756773065806,0.055522491896784154,0.018987341772151896,0.12141774172258395,0.07081707121510937,0.18186205500867766,1.0
D073,train,10.0,0.10282542053760971,4.5221322928118575,0.11133923642888638,0.1,0.0,0.0,7.861179782449584,2.9775714987114474,0.18396850634605433,11.29483183734322,0.9391208717438827,0.9370531384470954,0.9370531384470954,0.3787690373598886,0.061784748552861694,0.023402149732890194,0.19632665299102556,0.08877145216486254,0.21234094927058594,1.0
D074,train,9.688130401997752,5.289878509328914,8.48240694332431,3.201669797132343,9.988499354543732,0.1384245652173134,0.02653648087415692,7.732278530201846,2.220807914609373,0.15053032862012544,9.582090175277328,1.0934330256741551,1.1058727501438195,1.0934330256741551,0.287212612160183,0.06778178681275226,0.019467784047375224,0.13766762580389055,0.08399738717951502,0.21956096080501958,1.0
D075,train,0.10711378900062772,10.0,4.711132802279122,2.673475971003696,7.3475425770139475,0.13861041129597726,0.03291224397899139,7.9,2.3164419753930945,0.15,9.572078351928674,0.964780594189952,0.9428015876517376,0.9428015876517376,0.29322050321431575,0.06475448191381758,0.018987341772151896,0.1591002836276604,0.07846012335665949,0.20796908718429463,1.0
D076,test,10.0,0.1,8.24291416651182,6.516012150219384,0.1,0.0,0.0,7.885826432096009,2.508068095893644,0.15,10.164160024644266,2.5236014811906378,0.9203922873267599,0.9203922873267599,0.3180475905081534,0.05980698859237067,0.01902146861735211,0.16297398627238455,0.07708612507254442,0.19670010225728576,1.0
D077,train,8.318731526049332,1.3954642790210503,7.674225674086028,0.1,0.1,0.05496483291294034,0.0,7.9,2.3548199880037797,0.15,10.167696046883563,0.9202265176462707,1.3065699311338976,0.9202265176462707,0.29807847949414934,0.06369913656421675,0.018987341772151896,0.16300334441966066,0.0819839821561877,0.2093822552846212,1.0
D078,train,10.0,3.5726715203055006,8.06099341788747,0.41536523359105615,0.1,0.003724888431950995,0.029373224156923443,7.690093958506718,2.2,0.15955695132700162,9.629193015860901,0.9177544959440229,1.877923524568949,0.9177544959440229,0.28608233031618274,0.07252588696681891,0.020748374751715624,0.17385581005830733,0.09081368420440214,0.23586545813803997,1.0
D079,train,9.441549825862568,0.1,4.4295588106134955,0.10165173471681127,0.1048161497419413,0.10860313239854374,0.08122982886216368,7.865753295231278,4.0,0.21099223862755193,12.920829988364813,0.9850745066229704,0.9201352196627531,0.9201352196627531,0.5085336203495037,0.05274805965688798,0.02682416174372884,0.22930568694553888,0.08664760836777995,0.1921437276815559,1.0
