case,seed,generation,evaluations,hypervolume,normalized_hypervolume,reference_objective_1,reference_objective_2
C037,3,1,36,1014.0523035160802,0.5997913192471255,0.423942885276629,3987.9786881590203
C037,3,2,72,1015.364536395017,0.6005674783139585,0.423942885276629,3987.9786881590203
C037,3,3,108,1016.2707610532286,0.6011034917734205,0.423942885276629,3987.9786881590203
C037,3,4,144,1035.7636766773521,0.6126331550241491,0.423942885276629,3987.9786881590203
C037,3,5,180,1036.9266710715174,0.6133210425616407,0.423942885276629,3987.9786881590203
C037,3,6,216,1037.1028896528762,0.6134252722695389,0.423942885276629,3987.9786881590203
C037,3,7,252,1037.1028896528762,0.6134252722695389,0.423942885276629,3987.9786881590203
C037,3,8,288,1037.2590513403488,0.6135176387325116,0.423942885276629,3987.9786881590203
C037,3,9,324,1037.5640292425603,0.6136980269606872,0.423942885276629,3987.9786881590203
C037,3,10,360,1038.0502239338193,0.6139856012349826,0.423942885276629,3987.9786881590203
C037,3,11,396,1038.0502239338193,0.6139856012349826,0.423942885276629,3987.9786881590203
C037,3,12,432,1042.93762664041,0.616876400562506,0.423942885276629,3987.9786881590203
C037,3,13,468,1047.505803789444,0.6195783844634087,0.423942885276629,3987.9786881590203
C037,3,14,504,1047.822869295286,0.6197659222633598,0.423942885276629,3987.9786881590203
C037,3,15,540,1047.823963849803,0.6197665696701016,0.423942885276629,3987.9786881590203
C037,3,16,576,1048.9831033391706,0.6204521771097854,0.423942885276629,3987.9786881590203
C037,3,17,612,1049.7503428108278,0.6209059836573255,0.423942885276629,3987.9786881590203
C037,3,18,648,1049.7644469289723,0.6209143259564351,0.423942885276629,3987.9786881590203
C037,3,19,684,1049.8524088582042,0.6209663536490844,0.423942885276629,3987.9786881590203
C037,3,20,720,1049.9308893458867,0.621012773261839,0.423942885276629,3987.9786881590203
C037,3,21,756,1050.093972305692,0.6211092335166692,0.423942885276629,3987.9786881590203
C037,3,22,792,1050.093271491329,0.6211088189992229,0.423942885276629,3987.9786881590203
C037,3,23,828,1050.3045623518472,0.6212337932471346,0.423942885276629,3987.9786881590203
C037,3,24,864,1050.3045623518472,0.6212337932471346,0.423942885276629,3987.9786881590203
C037,3,25,900,1050.3244943789828,0.6212455826359161,0.423942885276629,3987.9786881590203
C037,3,26,936,1050.3244943789828,0.6212455826359161,0.423942885276629,3987.9786881590203
C037,3,27,972,1050.3252723255212,0.6212460427754759,0.423942885276629,3987.9786881590203
C037,3,28,1008,1050.3252723255212,0.6212460427754759,0.423942885276629,3987.9786881590203
C037,3,29,1044,1050.3198428763562,0.6212428313666895,0.423942885276629,3987.9786881590203
C037,3,30,1080,1050.3485517575025,0.6212598120861623,0.423942885276629,3987.9786881590203
C037,3,31,1116,1050.3485517575025,0.6212598120861623,0.423942885276629,3987.9786881590203
C037,3,32,1152,1050.522839048107,0.6213628994748476,0.423942885276629,3987.9786881590203
C037,3,33,1188,1050.56124931529,0.6213856183669072,0.423942885276629,3987.9786881590203
C037,3,34,1224,1050.56124931529,0.6213856183669072,0.423942885276629,3987.9786881590203
C037,3,35,1260,1050.56124931529,0.6213856183669072,0.423942885276629,3987.9786881590203
C037,3,36,1296,1050.919127847666,0.6215972962422196,0.423942885276629,3987.9786881590203
C037,3,37,1332,1050.937860589135,0.6216083762779139,0.423942885276629,3987.9786881590203
C037,3,38,1368,1051.0248736737426,0.6216598427482602,0.423942885276629,3987.9786881590203
C037,3,39,1404,1051.0293587222131,0.621662495563238,0.423942885276629,3987.9786881590203
C037,3,40,1440,1051.175975027977,0.6217492161270121,0.423942885276629,3987.9786881590203
C037,3,41,1476,1051.1627721350087,0.6217414068842699,0.423942885276629,3987.9786881590203
C037,3,42,1512,1051.2038373145183,0.6217656961029895,0.423942885276629,3987.9786881590203
C037,3,43,1548,1051.2299815337024,0.6217811598770578,0.423942885276629,3987.9786881590203
C037,3,44,1584,1051.2403393287893,0.6217872863022513,0.423942885276629,3987.9786881590203
C037,3,45,1620,1051.2403393287893,0.6217872863022513,0.423942885276629,3987.9786881590203
C037,3,46,1656,1051.2423766368174,0.6217884913285262,0.423942885276629,3987.9786881590203
C037,3,47,1692,1051.2423766368174,0.6217884913285262,0.423942885276629,3987.9786881590203
C037,3,48,1728,1051.250805431234,0.6217934767890447,0.423942885276629,3987.9786881590203
C037,3,49,1764,1051.250805431234,0.6217934767890447,0.423942885276629,3987.9786881590203
C037,3,50,1800,1051.250805431234,0.6217934767890447,0.423942885276629,3987.9786881590203
C037,3,51,1836,1051.250805431234,0.6217934767890447,0.423942885276629,3987.9786881590203
C037,3,52,1872,1051.250805431234,0.6217934767890447,0.423942885276629,3987.9786881590203
C037,3,53,1908,1052.1676475742597,0.6223357702748935,0.423942885276629,3987.9786881590203
C037,3,54,1944,1052.1676475742597,0.6223357702748935,0.423942885276629,3987.9786881590203
C037,3,55,1980,1052.2534497859806,0.6223865205385475,0.423942885276629,3987.9786881590203
C037,3,56,2016,1052.3869414237367,0.6224654781280531,0.423942885276629,3987.9786881590203
C037,11,1,36,1014.0523035160802,0.5997913192471255,0.423942885276629,3987.9786881590203
C037,11,2,72,1014.4528850723655,0.6000282550928183,0.423942885276629,3987.9786881590203
C037,11,3,108,1023.3991051026594,0.6053197623411523,0.423942885276629,3987.9786881590203
C037,11,4,144,1025.6185868078517,0.6066325406420213,0.423942885276629,3987.9786881590203
C037,11,5,180,1026.296401268377,0.6070334541137166,0.423942885276629,3987.9786881590203
C037,11,6,216,1027.4663617374176,0.6077254619428589,0.423942885276629,3987.9786881590203
C037,11,7,252,1034.9476520149838,0.6121504930282312,0.423942885276629,3987.9786881590203
C037,11,8,288,1036.540836307511,0.6130928291437406,0.423942885276629,3987.9786881590203
C037,11,9,324,1036.5325610410691,0.6130879344918976,0.423942885276629,3987.9786881590203
C037,11,10,360,1038.9110147114748,0.6144947414778827,0.423942885276629,3987.9786881590203
C037,11,11,396,1042.4075799266207,0.6165628887085081,0.423942885276629,3987.9786881590203
C037,11,12,432,1042.465917925486,0.6165973944486759,0.423942885276629,3987.9786881590203
C037,11,13,468,1042.8257674341448,0.6168102381163847,0.423942885276629,3987.9786881590203
C037,11,14,504,1042.8257674341448,0.6168102381163847,0.423942885276629,3987.9786881590203
C037,11,15,540,1042.943821229582,0.6168800645360495,0.423942885276629,3987.9786881590203
C037,11,16,576,1043.445469877462,0.6171767795114677,0.423942885276629,3987.9786881590203
C037,11,17,612,1043.455333785787,0.6171826138126832,0.423942885276629,3987.9786881590203
C037,11,18,648,1043.455333785787,0.6171826138126832,0.423942885276629,3987.9786881590203
C037,11,19,684,1043.520048103338,0.6172208910157068,0.423942885276629,3987.9786881590203
C037,11,20,720,1044.9288717612783,0.6180541815643823,0.423942885276629,3987.9786881590203
C037,11,21,756,1044.9509093942722,0.6180672163762166,0.423942885276629,3987.9786881590203
C037,11,22,792,1044.9509093942722,0.6180672163762166,0.423942885276629,3987.9786881590203
C037,11,23,828,1045.4473206619643,0.618360833547743,0.423942885276629,3987.9786881590203
C037,11,24,864,1045.490865179268,0.6183865892443564,0.423942885276629,3987.9786881590203
C037,11,25,900,1045.4953616760297,0.6183892488307656,0.423942885276629,3987.9786881590203
C037,11,26,936,1045.5156162283117,0.6184012289866135,0.423942885276629,3987.9786881590203
C037,11,27,972,1045.4946043168727,0.6183888008682233,0.423942885276629,3987.9786881590203
C037,11,28,1008,1045.4946043168727,0.6183888008682233,0.423942885276629,3987.9786881590203
C037,11,29,1044,1045.4977156113284,0.6183906411356334,0.423942885276629,3987.9786881590203
C037,11,30,1080,1045.4977156113284,0.6183906411356334,0.423942885276629,3987.9786881590203
C037,11,31,1116,1045.4977156113284,0.6183906411356334,0.423942885276629,3987.9786881590203
C037,11,32,1152,1045.537556456345,0.6184142061853942,0.423942885276629,3987.9786881590203
C037,11,33,1188,1045.537556456345,0.6184142061853942,0.423942885276629,3987.9786881590203
C037,11,34,1224,1045.537556456345,0.6184142061853942,0.423942885276629,3987.9786881590203
C037,11,35,1260,1045.537556456345,0.6184142061853942,0.423942885276629,3987.9786881590203
C037,11,36,1296,1045.537556456345,0.6184142061853942,0.423942885276629,3987.9786881590203
C037,11,37,1332,1045.537556456345,0.6184142061853942,0.423942885276629,3987.9786881590203
C037,11,38,1368,1045.571721761588,0.6184344142687771,0.423942885276629,3987.9786881590203
C037,11,39,1404,1045.571721761588,0.6184344142687771,0.423942885276629,3987.9786881590203
C037,11,40,1440,1045.810389157635,0.618575581180819,0.423942885276629,3987.9786881590203
C037,11,41,1476,1049.7087865319957,0.620881403963342,0.423942885276629,3987.9786881590203
C037,11,42,1512,1050.1398338013648,0.621136359658878,0.423942885276629,3987.9786881590203
C037,11,43,1548,1050.707014037189,0.62147183523614,0.423942885276629,3987.9786881590203
C037,11,44,1584,1050.707014037189,0.62147183523614,0.423942885276629,3987.9786881590203
C037,11,45,1620,1050.717950871463,0.6214783041512392,0.423942885276629,3987.9786881590203
C037,11,46,1656,1050.742669104785,0.621492924483664,0.423942885276629,3987.9786881590203
C037,11,47,1692,1050.7508599692146,0.6214977692134329,0.423942885276629,3987.9786881590203
C037,11,48,1728,1050.7610740385462,0.6215038106277644,0.423942885276629,3987.9786881590203
C037,11,49,1764,1050.7615559700705,0.621504095680462,0.423942885276629,3987.9786881590203
C037,11,50,1800,1050.7607276331044,0.6215036057359888,0.423942885276629,3987.9786881590203
C037,11,51,1836,1050.7607276331044,0.6215036057359888,0.423942885276629,3987.9786881590203
C037,11,52,1872,1050.7607276331044,0.6215036057359888,0.423942885276629,3987.9786881590203
C037,11,53,1908,1050.7607276331044,0.6215036057359888,0.423942885276629,3987.9786881590203
C037,11,54,1944,1050.7607276331044,0.6215036057359888,0.423942885276629,3987.9786881590203
C037,11,55,1980,1050.7607276331044,0.6215036057359888,0.423942885276629,3987.9786881590203
C037,11,56,2016,1050.7607276331044,0.6215036057359888,0.423942885276629,3987.9786881590203
C037,29,1,36,1014.0523035160802,0.5997913192471255,0.423942885276629,3987.9786881590203
C037,29,2,72,1014.9011691096279,0.6002934059860955,0.423942885276629,3987.9786881590203
C037,29,3,108,1017.2764376756853,0.6016983290476201,0.423942885276629,3987.9786881590203
C037,29,4,144,1017.472590584553,0.6018143495049239,0.423942885276629,3987.9786881590203
C037,29,5,180,1024.3265221666873,0.6058683106777586,0.423942885276629,3987.9786881590203
C037,29,6,216,1025.494484402097,0.6065591365923374,0.423942885276629,3987.9786881590203
C037,29,7,252,1029.1666427023347,0.608731143562537,0.423942885276629,3987.9786881590203
C037,29,8,288,1029.1705567861652,0.6087334586635393,0.423942885276629,3987.9786881590203
C037,29,9,324,1038.2376116391988,0.6140964372526422,0.423942885276629,3987.9786881590203
C037,29,10,360,1038.965004097824,0.6145266751021657,0.423942885276629,3987.9786881590203
C037,29,11,396,1040.5525814855798,0.6154656948475056,0.423942885276629,3987.9786881590203
C037,29,12,432,1040.5598757194384,0.6154700092385225,0.423942885276629,3987.9786881590203
C037,29,13,468,1040.608463552348,0.6154987479537734,0.423942885276629,3987.9786881590203
C037,29,14,504,1040.608463552348,0.6154987479537734,0.423942885276629,3987.9786881590203
C037,29,15,540,1040.6127106511265,0.6155012600263464,0.423942885276629,3987.9786881590203
C037,29,16,576,1040.8643172173618,0.6156500801944681,0.423942885276629,3987.9786881590203
C037,29,17,612,1041.3059243666517,0.6159112818442678,0.423942885276629,3987.9786881590203
C037,29,18,648,1041.3971694419433,0.6159652514510565,0.423942885276629,3987.9786881590203
C037,29,19,684,1041.3839593241742,0.6159574379349917,0.423942885276629,3987.9786881590203
C037,29,20,720,1041.3644083033944,0.6159458739037228,0.423942885276629,3987.9786881590203
C037,29,21,756,1041.5805527484647,0.6160737189482113,0.423942885276629,3987.9786881590203
C037,29,22,792,1041.6016561261024,0.6160862011669982,0.423942885276629,3987.9786881590203
C037,29,23,828,1041.624896273663,0.6160999472417484,0.423942885276629,3987.9786881590203
C037,29,24,864,1041.624896273663,0.6160999472417484,0.423942885276629,3987.9786881590203
C037,29,25,900,1041.6367952451897,0.6161069852414699,0.423942885276629,3987.9786881590203
C037,29,26,936,1041.63943568297,0.6161085470067302,0.423942885276629,3987.9786881590203
C037,29,27,972,1041.629979221892,0.6161029537022766,0.423942885276629,3987.9786881590203
C037,29,28,1008,1041.6828082327595,0.6161342009880555,0.423942885276629,3987.9786881590203
C037,29,29,1044,1041.6828082327595,0.6161342009880555,0.423942885276629,3987.9786881590203
C037,29,30,1080,1041.6828082327595,0.6161342009880555,0.423942885276629,3987.9786881590203
C037,29,31,1116,1042.4434203402936,0.6165840875844681,0.423942885276629,3987.9786881590203
C037,29,32,1152,1042.4751803879533,0.6166028730068956,0.423942885276629,3987.9786881590203
C037,29,33,1188,1042.4751803879533,0.6166028730068956,0.423942885276629,3987.9786881590203
C037,29,34,1224,1042.4751803879533,0.6166028730068956,0.423942885276629,3987.9786881590203
C037,29,35,1260,1042.8396994601303,0.6168184786264813,0.423942885276629,3987.9786881590203
C037,29,36,1296,1042.8396994601303,0.6168184786264813,0.423942885276629,3987.9786881590203
C037,29,37,1332,1042.8396994601303,0.6168184786264813,0.423942885276629,3987.9786881590203
C037,29,38,1368,1042.8396994601303,0.6168184786264813,0.423942885276629,3987.9786881590203
C037,29,39,1404,1042.8396994601303,0.6168184786264813,0.423942885276629,3987.9786881590203
C037,29,40,1440,1043.1939720351745,0.6170280236513503,0.423942885276629,3987.9786881590203
C037,29,41,1476,1043.1939720351745,0.6170280236513503,0.423942885276629,3987.9786881590203
C037,29,42,1512,1043.1939720351745,0.6170280236513503,0.423942885276629,3987.9786881590203
C037,29,43,1548,1043.1939720351745,0.6170280236513503,0.423942885276629,3987.9786881590203
C037,29,44,1584,1043.1939720351745,0.6170280236513503,0.423942885276629,3987.9786881590203
C037,29,45,1620,1043.1939720351745,0.6170280236513503,0.423942885276629,3987.9786881590203
C037,29,46,1656,1043.1939720351745,0.6170280236513503,0.423942885276629,3987.9786881590203
C037,29,47,1692,1043.1939720351745,0.6170280236513503,0.423942885276629,3987.9786881590203
C037,29,48,1728,1043.1939720351745,0.6170280236513503,0.423942885276629,3987.9786881590203
C037,29,49,1764,1043.1939720351745,0.6170280236513503,0.423942885276629,3987.9786881590203
C037,29,50,1800,1043.2326482419023,0.6170508998412434,0.423942885276629,3987.9786881590203
C037,29,51,1836,1043.2326482419023,0.6170508998412434,0.423942885276629,3987.9786881590203
C037,29,52,1872,1043.2326482419023,0.6170508998412434,0.423942885276629,3987.9786881590203
C037,29,53,1908,1043.2399879847485,0.6170552411499012,0.423942885276629,3987.9786881590203
C037,29,54,1944,1043.2399893502802,0.6170552419575854,0.423942885276629,3987.9786881590203
C037,29,55,1980,1043.2823961706363,0.6170803247295866,0.423942885276629,3987.9786881590203
C037,29,56,2016,1043.2823961706363,0.6170803247295866,0.423942885276629,3987.9786881590203
C037,47,1,36,1014.0523035160802,0.5997913192471255,0.423942885276629,3987.9786881590203
C037,47,2,72,1015.9543939980924,0.6009163670928606,0.423942885276629,3987.9786881590203
C037,47,3,108,1032.0047622806032,0.6104098335868369,0.423942885276629,3987.9786881590203
C037,47,4,144,1033.7195952893871,0.6114241224445819,0.423942885276629,3987.9786881590203
C037,47,5,180,1036.133059360461,0.6128516373707111,0.423942885276629,3987.9786881590203
C037,47,6,216,1038.6873766107353,0.6143624640884312,0.423942885276629,3987.9786881590203
C037,47,7,252,1038.6873766107353,0.6143624640884312,0.423942885276629,3987.9786881590203
C037,47,8,288,1038.7777329261166,0.6144159080118038,0.423942885276629,3987.9786881590203
C037,47,9,324,1039.2629099683015,0.6147028803673632,0.423942885276629,3987.9786881590203
C037,47,10,360,1039.4009746854642,0.6147845428403553,0.423942885276629,3987.9786881590203
C037,47,11,396,1045.2869983304877,0.6182660061484385,0.423942885276629,3987.9786881590203
C037,47,12,432,1045.409111204582,0.6183382334305975,0.423942885276629,3987.9786881590203
C037,47,13,468,1045.3985761612423,0.6183320021666665,0.423942885276629,3987.9786881590203
C037,47,14,504,1045.4928225342583,0.6183877469800352,0.423942885276629,3987.9786881590203
C037,47,15,540,1045.647581831291,0.6184792839575769,0.423942885276629,3987.9786881590203
C037,47,16,576,1045.647581831291,0.6184792839575769,0.423942885276629,3987.9786881590203
C037,47,17,612,1045.768882531008,0.6185510308551053,0.423942885276629,3987.9786881590203
C037,47,18,648,1046.1863890607112,0.6187979774784468,0.423942885276629,3987.9786881590203
C037,47,19,684,1046.2962405569444,0.6188629524049062,0.423942885276629,3987.9786881590203
C037,47,20,720,1046.4214545514112,0.6189370139367119,0.423942885276629,3987.9786881590203
C037,47,21,756,1046.4794646817634,0.6189713257493206,0.423942885276629,3987.9786881590203
C037,47,22,792,1046.4794646817634,0.6189713257493206,0.423942885276629,3987.9786881590203
C037,47,23,828,1046.451437344028,0.6189547481489176,0.423942885276629,3987.9786881590203
C037,47,24,864,1046.451437344028,0.6189547481489176,0.423942885276629,3987.9786881590203
C037,47,25,900,1046.4741639501826,0.6189681904743679,0.423942885276629,3987.9786881590203
C037,47,26,936,1046.4980989444662,0.6189823475368269,0.423942885276629,3987.9786881590203
C037,47,27,972,1046.7087715260557,0.6191069560853235,0.423942885276629,3987.9786881590203
C037,47,28,1008,1046.7087715260557,0.6191069560853235,0.423942885276629,3987.9786881590203
C037,47,29,1044,1046.7087715260557,0.6191069560853235,0.423942885276629,3987.9786881590203
C037,47,30,1080,1046.718300627082,0.6191125923548295,0.423942885276629,3987.9786881590203
C037,47,31,1116,1047.4996116605216,0.619574721945053,0.423942885276629,3987.9786881590203
C037,47,32,1152,1047.6272157171334,0.6196501971500213,0.423942885276629,3987.9786881590203
C037,47,33,1188,1047.6285982880781,0.6196510149126239,0.423942885276629,3987.9786881590203
C037,47,34,1224,1047.6334942902986,0.619653910798389,0.423942885276629,3987.9786881590203
C037,47,35,1260,1047.7178175248027,0.6197037862770908,0.423942885276629,3987.9786881590203
C037,47,36,1296,1048.2964944163245,0.6200460618924414,0.423942885276629,3987.9786881590203
C037,47,37,1332,1048.4981225332756,0.6201653208240014,0.423942885276629,3987.9786881590203
C037,47,38,1368,1048.545862653463,0.6201935581344133,0.423942885276629,3987.9786881590203
C037,47,39,1404,1048.545862653463,0.6201935581344133,0.423942885276629,3987.9786881590203
C037,47,40,1440,1048.545862653463,0.6201935581344133,0.423942885276629,3987.9786881590203
C037,47,41,1476,1048.545862653463,0.6201935581344133,0.423942885276629,3987.9786881590203
C037,47,42,1512,1048.6195774915334,0.6202371589623203,0.423942885276629,3987.9786881590203
C037,47,43,1548,1048.7818769826554,0.6203331558113543,0.423942885276629,3987.9786881590203
C037,47,44,1584,1048.7844913110048,0.620334702133417,0.423942885276629,3987.9786881590203
C037,47,45,1620,1048.7844913110048,0.620334702133417,0.423942885276629,3987.9786881590203
C037,47,46,1656,1048.8399219688963,0.6203674882405125,0.423942885276629,3987.9786881590203
C037,47,47,1692,1048.8399219688963,0.6203674882405125,0.423942885276629,3987.9786881590203
C037,47,48,1728,1048.8399219688963,0.6203674882405125,0.423942885276629,3987.9786881590203
C037,47,49,1764,1048.8399219688963,0.6203674882405125,0.423942885276629,3987.9786881590203
C037,47,50,1800,1048.8399219688963,0.6203674882405125,0.423942885276629,3987.9786881590203
C037,47,51,1836,1048.8399219688963,0.6203674882405125,0.423942885276629,3987.9786881590203
C037,47,52,1872,1048.8399219688963,0.6203674882405125,0.423942885276629,3987.9786881590203
C037,47,53,1908,1048.8399219688963,0.6203674882405125,0.423942885276629,3987.9786881590203
C037,47,54,1944,1048.8399219688963,0.6203674882405125,0.423942885276629,3987.9786881590203
C037,47,55,1980,1048.8428712599857,0.6203692326862252,0.423942885276629,3987.9786881590203
C037,47,56,2016,1048.8504717076623,0.6203737281964894,0.423942885276629,3987.9786881590203
C037,83,1,36,1014.0523035160802,0.5997913192471255,0.423942885276629,3987.9786881590203
C037,83,2,72,1014.7445567599314,0.6002007729655805,0.423942885276629,3987.9786881590203
C037,83,3,108,1015.8248037064853,0.6008397170702778,0.423942885276629,3987.9786881590203
C037,83,4,144,1016.8465764250393,0.6014440748580441,0.423942885276629,3987.9786881590203
C037,83,5,180,1017.1798122591495,0.6016411770783815,0.423942885276629,3987.9786881590203
C037,83,6,216,1017.4708594687128,0.6018133255851024,0.423942885276629,3987.9786881590203
C037,83,7,252,1017.4966834817236,0.60182859996373,0.423942885276629,3987.9786881590203
C037,83,8,288,1020.1272670304379,0.603384536646288,0.423942885276629,3987.9786881590203
C037,83,9,324,1032.3887479291984,0.6106369532905684,0.423942885276629,3987.9786881590203
C037,83,10,360,1032.3887479291984,0.6106369532905684,0.423942885276629,3987.9786881590203
C037,83,11,396,1041.7650151325356,0.6161828246977961,0.423942885276629,3987.9786881590203
C037,83,12,432,1041.7650151325356,0.6161828246977961,0.423942885276629,3987.9786881590203
C037,83,13,468,1041.7836064240278,0.6161938210687051,0.423942885276629,3987.9786881590203
C037,83,14,504,1041.7881836985393,0.616196528433511,0.423942885276629,3987.9786881590203
C037,83,15,540,1041.8089429336355,0.616208807098982,0.423942885276629,3987.9786881590203
C037,83,16,576,1041.9331839886686,0.6162822931568949,0.423942885276629,3987.9786881590203
C037,83,17,612,1041.9331839886686,0.6162822931568949,0.423942885276629,3987.9786881590203
C037,83,18,648,1042.8317949112652,0.6168138032465473,0.423942885276629,3987.9786881590203
C037,83,19,684,1042.8317949112652,0.6168138032465473,0.423942885276629,3987.9786881590203
C037,83,20,720,1042.8317949112652,0.6168138032465473,0.423942885276629,3987.9786881590203
C037,83,21,756,1042.8317949112652,0.6168138032465473,0.423942885276629,3987.9786881590203
C037,83,22,792,1042.8317949112652,0.6168138032465473,0.423942885276629,3987.9786881590203
C037,83,23,828,1042.857020328794,0.6168287235681182,0.423942885276629,3987.9786881590203
C037,83,24,864,1042.857020328794,0.6168287235681182,0.423942885276629,3987.9786881590203
C037,83,25,900,1042.857020328794,0.6168287235681182,0.423942885276629,3987.9786881590203
C037,83,26,936,1042.8940900906412,0.6168506495785275,0.423942885276629,3987.9786881590203
C037,83,27,972,1043.0820299011014,0.6169618121551166,0.423942885276629,3987.9786881590203
C037,83,28,1008,1043.0820299011014,0.6169618121551166,0.423942885276629,3987.9786881590203
C037,83,29,1044,1043.4308519165393,0.6171681332848025,0.423942885276629,3987.9786881590203
C037,83,30,1080,1043.4386579366883,0.6171727503870041,0.423942885276629,3987.9786881590203
C037,83,31,1116,1043.8666360292718,0.6174258907268757,0.423942885276629,3987.9786881590203
C037,83,32,1152,1043.8991736549558,0.6174451360708945,0.423942885276629,3987.9786881590203
C037,83,33,1188,1043.8991736549558,0.6174451360708945,0.423942885276629,3987.9786881590203
C037,83,34,1224,1043.957366749746,0.617479556103248,0.423942885276629,3987.9786881590203
C037,83,35,1260,1043.957366749746,0.617479556103248,0.423942885276629,3987.9786881590203
C037,83,36,1296,1043.9660076509144,0.6174846670205975,0.423942885276629,3987.9786881590203
C037,83,37,1332,1043.9660076509144,0.6174846670205975,0.423942885276629,3987.9786881590203
C037,83,38,1368,1043.9664846329006,0.617484949145744,0.423942885276629,3987.9786881590203
C037,83,39,1404,1044.3329840847734,0.6177017261196536,0.423942885276629,3987.9786881590203
C037,83,40,1440,1044.3329840847734,0.6177017261196536,0.423942885276629,3987.9786881590203
C037,83,41,1476,1044.3424825372454,0.6177073442611628,0.423942885276629,3987.9786881590203
C037,83,42,1512,1044.3424825372454,0.6177073442611628,0.423942885276629,3987.9786881590203
C037,83,43,1548,1044.3424825372454,0.6177073442611628,0.423942885276629,3987.9786881590203
C037,83,44,1584,1046.3706203475238,0.618906946538702,0.423942885276629,3987.9786881590203
C037,83,45,1620,1046.3706203475238,0.618906946538702,0.423942885276629,3987.9786881590203
C037,83,46,1656,1046.3773906797826,0.618910951052575,0.423942885276629,3987.9786881590203
C037,83,47,1692,1046.476984887453,0.6189698590014066,0.423942885276629,3987.9786881590203
C037,83,48,1728,1046.5332954711441,0.6190031655667213,0.423942885276629,3987.9786881590203
C037,83,49,1764,1046.5259763188424,0.618998836436952,0.423942885276629,3987.9786881590203
C037,83,50,1800,1046.5259763188424,0.618998836436952,0.423942885276629,3987.9786881590203
C037,83,51,1836,1046.714240042641,0.6191101906016947,0.423942885276629,3987.9786881590203
C037,83,52,1872,1046.714240042641,0.6191101906016947,0.423942885276629,3987.9786881590203
C037,83,53,1908,1046.714240042641,0.6191101906016947,0.423942885276629,3987.9786881590203
C037,83,54,1944,1046.7716421299856,0.6191441427692275,0.423942885276629,3987.9786881590203
C037,83,55,1980,1046.780038571051,0.6191491090933965,0.423942885276629,3987.9786881590203
C037,83,56,2016,1046.7749764921646,0.6191461149766603,0.423942885276629,3987.9786881590203
C038,3,1,36,0.10533102244560637,0.33307564548214774,0.423942885276629,0.7459437344871997
C038,3,2,72,0.10535837056773668,0.33316212516514887,0.423942885276629,0.7459437344871997
C038,3,3,108,0.10538632317714583,0.33325051634569275,0.423942885276629,0.7459437344871997
C038,3,4,144,0.1054085522100526,0.3333208085474768,0.423942885276629,0.7459437344871997
C038,3,5,180,0.10545816136661926,0.3334776816268566,0.423942885276629,0.7459437344871997
C038,3,6,216,0.10590282648142994,0.3348837927297413,0.423942885276629,0.7459437344871997
C038,3,7,252,0.10591280695758655,0.3349153527911638,0.423942885276629,0.7459437344871997
C038,3,8,288,0.10591854969519286,0.334933512360782,0.423942885276629,0.7459437344871997
C038,3,9,324,0.10620250738707705,0.3358314376758314,0.423942885276629,0.7459437344871997
C038,3,10,360,0.10620274722481184,0.3358321960859035,0.423942885276629,0.7459437344871997
C038,3,11,396,0.10620889915133817,0.3358516495845133,0.423942885276629,0.7459437344871997
C038,3,12,432,0.10621205017336195,0.3358616136831248,0.423942885276629,0.7459437344871997
C038,3,13,468,0.10629156380394807,0.3361130500901508,0.423942885276629,0.7459437344871997
C038,3,14,504,0.10630160760417014,0.3361448103936624,0.423942885276629,0.7459437344871997
C038,3,15,540,0.10630454081249928,0.33615408572617966,0.423942885276629,0.7459437344871997
C038,3,16,576,0.10630454081249928,0.33615408572617966,0.423942885276629,0.7459437344871997
C038,3,17,612,0.10630611985582057,0.3361590789452833,0.423942885276629,0.7459437344871997
C038,3,18,648,0.10630908256033252,0.3361684475500379,0.423942885276629,0.7459437344871997
C038,3,19,684,0.10630908256033252,0.3361684475500379,0.423942885276629,0.7459437344871997
C038,3,20,720,0.10644649229850255,0.33660296186665484,0.423942885276629,0.7459437344871997
C038,3,21,756,0.10644649229850255,0.33660296186665484,0.423942885276629,0.7459437344871997
C038,3,22,792,0.10648900597113996,0.3367373977491398,0.423942885276629,0.7459437344871997
C038,3,23,828,0.10649245163586733,0.336748293560996,0.423942885276629,0.7459437344871997
C038,3,24,864,0.10649245163586733,0.336748293560996,0.423942885276629,0.7459437344871997
C038,3,25,900,0.10661019832035394,0.337120629763837,0.423942885276629,0.7459437344871997
C038,3,26,936,0.10661413521784778,0.33713307894208966,0.423942885276629,0.7459437344871997
C038,3,27,972,0.10673481217459117,0.33751468119305883,0.423942885276629,0.7459437344871997
C038,3,28,1008,0.10673481217459117,0.33751468119305883,0.423942885276629,0.7459437344871997
C038,3,29,1044,0.10673844642927603,0.33752617336029406,0.423942885276629,0.7459437344871997
C038,3,30,1080,0.10673844642927603,0.33752617336029406,0.423942885276629,0.7459437344871997
C038,3,31,1116,0.10674315722374093,0.3375410697400187,0.423942885276629,0.7459437344871997
C038,3,32,1152,0.10674315722374093,0.3375410697400187,0.423942885276629,0.7459437344871997
C038,3,33,1188,0.10674317491161,0.3375411256722433,0.423942885276629,0.7459437344871997
C038,3,34,1224,0.10674317491161,0.3375411256722433,0.423942885276629,0.7459437344871997
C038,3,35,1260,0.10682826024025796,0.3378101807910723,0.423942885276629,0.7459437344871997
C038,3,36,1296,0.10682826024025796,0.3378101807910723,0.423942885276629,0.7459437344871997
C038,3,37,1332,0.10682826024025796,0.3378101807910723,0.423942885276629,0.7459437344871997
C038,3,38,1368,0.10682886521115784,0.33781209381791183,0.423942885276629,0.7459437344871997
C038,3,39,1404,0.10682886521115784,0.33781209381791183,0.423942885276629,0.7459437344871997
C038,3,40,1440,0.10683122826555067,0.337819566221093,0.423942885276629,0.7459437344871997
C038,3,41,1476,0.10684771950150491,0.3378717144764951,0.423942885276629,0.7459437344871997
C038,3,42,1512,0.10684771950150491,0.3378717144764951,0.423942885276629,0.7459437344871997
C038,3,43,1548,0.10684734527439609,0.33787053110304127,0.423942885276629,0.7459437344871997
C038,3,44,1584,0.10684859290489969,0.33787447633518336,0.423942885276629,0.7459437344871997
C038,3,45,1620,0.10684859290489969,0.33787447633518336,0.423942885276629,0.7459437344871997
C038,3,46,1656,0.10684859290489969,0.33787447633518336,0.423942885276629,0.7459437344871997
C038,3,47,1692,0.10684976032737058,0.3378781679350939,0.423942885276629,0.7459437344871997
C038,3,48,1728,0.10685032528844497,0.3378799544436662,0.423942885276629,0.7459437344871997
C038,3,49,1764,0.10686671468368948,0.3379317806604196,0.423942885276629,0.7459437344871997
C038,3,50,1800,0.1068680436768615,0.3379359831759591,0.423942885276629,0.7459437344871997
C038,3,51,1836,0.10688105536748056,0.3379771284829269,0.423942885276629,0.7459437344871997
C038,3,52,1872,0.10690328137422377,0.33804741111543724,0.423942885276629,0.7459437344871997
C038,3,53,1908,0.10690705120585249,0.33805933200136373,0.423942885276629,0.7459437344871997
C038,3,54,1944,0.10696126703803949,0.33823077221794723,0.423942885276629,0.7459437344871997
C038,3,55,1980,0.10696891760568422,0.3382549646894282,0.423942885276629,0.7459437344871997
C038,3,56,2016,0.10698303514364316,0.33829960688466293,0.423942885276629,0.7459437344871997
C038,11,1,36,0.10533102244560637,0.33307564548214774,0.423942885276629,0.7459437344871997
C038,11,2,72,0.1053853853194502,0.3332475506709078,0.423942885276629,0.7459437344871997
C038,11,3,108,0.10608755408207082,0.335467934641528,0.423942885276629,0.7459437344871997
C038,11,4,144,0.1060876281433569,0.33546816883664066,0.423942885276629,0.7459437344871997
C038,11,5,180,0.10612984405871385,0.3356016631570285,0.423942885276629,0.7459437344871997
C038,11,6,216,0.10613238329856797,0.33560969269033986,0.423942885276629,0.7459437344871997
C038,11,7,252,0.10632560515540831,0.3362206949686249,0.423942885276629,0.7459437344871997
C038,11,8,288,0.10634219921483189,0.3362731683703383,0.423942885276629,0.7459437344871997
C038,11,9,324,0.10634219921483189,0.3362731683703383,0.423942885276629,0.7459437344871997
C038,11,10,360,0.10641601769262139,0.3365065956794765,0.423942885276629,0.7459437344871997
C038,11,11,396,0.10641736446600712,0.3365108544192509,0.423942885276629,0.7459437344871997
C038,11,12,432,0.1064986936858083,0.3367680320460591,0.423942885276629,0.7459437344871997
C038,11,13,468,0.1064986936858083,0.3367680320460591,0.423942885276629,0.7459437344871997
C038,11,14,504,0.10650124376010674,0.3367760958398328,0.423942885276629,0.7459437344871997
C038,11,15,540,0.10650125679892808,0.336776137070932,0.423942885276629,0.7459437344871997
C038,11,16,576,0.10650125679892808,0.336776137070932,0.423942885276629,0.7459437344871997
C038,11,17,612,0.10650125679892808,0.336776137070932,0.423942885276629,0.7459437344871997
C038,11,18,648,0.1065014172404342,0.33677664441584304,0.423942885276629,0.7459437344871997
C038,11,19,684,0.10655941631799304,0.3369600479350224,0.423942885276629,0.7459437344871997
C038,11,20,720,0.10665994014861097,0.3372779223749737,0.423942885276629,0.7459437344871997
C038,11,21,756,0.10666806126280684,0.33730360279931615,0.423942885276629,0.7459437344871997
C038,11,22,792,0.10666841783503282,0.33730473034485375,0.423942885276629,0.7459437344871997
C038,11,23,828,0.10666841783503282,0.33730473034485375,0.423942885276629,0.7459437344871997
C038,11,24,864,0.10666841783503282,0.33730473034485375,0.423942885276629,0.7459437344871997
C038,11,25,900,0.10681147898790444,0.3377571154516322,0.423942885276629,0.7459437344871997
C038,11,26,936,0.1068190813071346,0.3377811553529448,0.423942885276629,0.7459437344871997
C038,11,27,972,0.10683079659358524,0.3378182011966664,0.423942885276629,0.7459437344871997
C038,11,28,1008,0.10683079659358524,0.3378182011966664,0.423942885276629,0.7459437344871997
C038,11,29,1044,0.10686435306020309,0.33792431278202206,0.423942885276629,0.7459437344871997
C038,11,30,1080,0.10686435306020309,0.33792431278202206,0.423942885276629,0.7459437344871997
C038,11,31,1116,0.10686435306020309,0.33792431278202206,0.423942885276629,0.7459437344871997
C038,11,32,1152,0.10686435306020309,0.33792431278202206,0.423942885276629,0.7459437344871997
C038,11,33,1188,0.10687435384790217,0.3379559370721966,0.423942885276629,0.7459437344871997
C038,11,34,1224,0.10688847455211228,0.3380005892796873,0.423942885276629,0.7459437344871997
C038,11,35,1260,0.10688847455211228,0.3380005892796873,0.423942885276629,0.7459437344871997
C038,11,36,1296,0.10688842053204824,0.3380004184585248,0.423942885276629,0.7459437344871997
C038,11,37,1332,0.10689610085694017,0.33802470502777565,0.423942885276629,0.7459437344871997
C038,11,38,1368,0.10690023470300015,0.338037776992832,0.423942885276629,0.7459437344871997
C038,11,39,1404,0.10694113113991874,0.33816709888498026,0.423942885276629,0.7459437344871997
C038,11,40,1440,0.1069572252603013,0.33821799138949055,0.423942885276629,0.7459437344871997
C038,11,41,1476,0.10701533334279689,0.33840173960189346,0.423942885276629,0.7459437344871997
C038,11,42,1512,0.10710535471066435,0.33868640336489,0.423942885276629,0.7459437344871997
C038,11,43,1548,0.10711435460442127,0.33871486264832573,0.423942885276629,0.7459437344871997
C038,11,44,1584,0.10711435460442127,0.33871486264832573,0.423942885276629,0.7459437344871997
C038,11,45,1620,0.10711435460442127,0.33871486264832573,0.423942885276629,0.7459437344871997
C038,11,46,1656,0.10711435460442127,0.33871486264832573,0.423942885276629,0.7459437344871997
C038,11,47,1692,0.10711435460442127,0.33871486264832573,0.423942885276629,0.7459437344871997
C038,11,48,1728,0.10711435460442127,0.33871486264832573,0.423942885276629,0.7459437344871997
C038,11,49,1764,0.10711435460442127,0.33871486264832573,0.423942885276629,0.7459437344871997
C038,11,50,1800,0.10711435460442127,0.33871486264832573,0.423942885276629,0.7459437344871997
C038,11,51,1836,0.10711786549862122,0.33872596472751115,0.423942885276629,0.7459437344871997
C038,11,52,1872,0.10711786549862122,0.33872596472751115,0.423942885276629,0.7459437344871997
C038,11,53,1908,0.10711786549862122,0.33872596472751115,0.423942885276629,0.7459437344871997
C038,11,54,1944,0.10711786549862122,0.33872596472751115,0.423942885276629,0.7459437344871997
C038,11,55,1980,0.10711786549862122,0.33872596472751115,0.423942885276629,0.7459437344871997
C038,11,56,2016,0.10711786549862122,0.33872596472751115,0.423942885276629,0.7459437344871997
C038,29,1,36,0.10533102244560637,0.33307564548214774,0.423942885276629,0.7459437344871997
C038,29,2,72,0.10533108628918104,0.3330758473670184,0.423942885276629,0.7459437344871997
C038,29,3,108,0.10533108628918104,0.3330758473670184,0.423942885276629,0.7459437344871997
C038,29,4,144,0.10542065358964049,0.3333590752871692,0.423942885276629,0.7459437344871997
C038,29,5,180,0.10543326670460375,0.33339896022619653,0.423942885276629,0.7459437344871997
C038,29,6,216,0.10543326670460375,0.33339896022619653,0.423942885276629,0.7459437344871997
C038,29,7,252,0.10543326670460375,0.33339896022619653,0.423942885276629,0.7459437344871997
C038,29,8,288,0.10543332393156925,0.33339914118815844,0.423942885276629,0.7459437344871997
C038,29,9,324,0.10548542324690321,0.33356388859762176,0.423942885276629,0.7459437344871997
C038,29,10,360,0.10591924230404348,0.3349357025145907,0.423942885276629,0.7459437344871997
C038,29,11,396,0.10629767097222188,0.3361323620551127,0.423942885276629,0.7459437344871997
C038,29,12,432,0.10634542615930612,0.3362833725493991,0.423942885276629,0.7459437344871997
C038,29,13,468,0.10648549237338326,0.33672628712082153,0.423942885276629,0.7459437344871997
C038,29,14,504,0.10656378098322364,0.3369738497918281,0.423942885276629,0.7459437344871997
C038,29,15,540,0.10656409206280518,0.33697483348143836,0.423942885276629,0.7459437344871997
C038,29,16,576,0.10656583119950602,0.3369803329446142,0.423942885276629,0.7459437344871997
C038,29,17,612,0.10705310526604286,0.33852118121960634,0.423942885276629,0.7459437344871997
C038,29,18,648,0.10705381382844048,0.3385234218214012,0.423942885276629,0.7459437344871997
C038,29,19,684,0.10723005675209354,0.33908073365788055,0.423942885276629,0.7459437344871997
C038,29,20,720,0.10723903072182253,0.3391091109648754,0.423942885276629,0.7459437344871997
C038,29,21,756,0.1072446952167731,0.3391270231171377,0.423942885276629,0.7459437344871997
C038,29,22,792,0.10728145830065998,0.3392432746032738,0.423942885276629,0.7459437344871997
C038,29,23,828,0.10728145830065998,0.3392432746032738,0.423942885276629,0.7459437344871997
C038,29,24,864,0.10728148667641356,0.33924336433251234,0.423942885276629,0.7459437344871997
C038,29,25,900,0.10728825503776085,0.33926476710894293,0.423942885276629,0.7459437344871997
C038,29,26,936,0.10734479931185512,0.33944357027780037,0.423942885276629,0.7459437344871997
C038,29,27,972,0.10734627733810152,0.33944824406273694,0.423942885276629,0.7459437344871997
C038,29,28,1008,0.10734858880413115,0.3394555533342312,0.423942885276629,0.7459437344871997
C038,29,29,1044,0.10749488836731304,0.33991817887710707,0.423942885276629,0.7459437344871997
C038,29,30,1080,0.1074957130414182,0.3399207866450135,0.423942885276629,0.7459437344871997
C038,29,31,1116,0.1075124931041393,0.33997384822262183,0.423942885276629,0.7459437344871997
C038,29,32,1152,0.10753565572654998,0.3400470926024007,0.423942885276629,0.7459437344871997
C038,29,33,1188,0.10753565572654998,0.3400470926024007,0.423942885276629,0.7459437344871997
C038,29,34,1224,0.10753565572654998,0.3400470926024007,0.423942885276629,0.7459437344871997
C038,29,35,1260,0.10755244471044176,0.3401001823903559,0.423942885276629,0.7459437344871997
C038,29,36,1296,0.10755244471044176,0.3401001823903559,0.423942885276629,0.7459437344871997
C038,29,37,1332,0.10755244471044176,0.3401001823903559,0.423942885276629,0.7459437344871997
C038,29,38,1368,0.10755244471044176,0.3401001823903559,0.423942885276629,0.7459437344871997
C038,29,39,1404,0.1075856498142983,0.34020518290343865,0.423942885276629,0.7459437344871997
C038,29,40,1440,0.10760093648920917,0.3402535221200815,0.423942885276629,0.7459437344871997
C038,29,41,1476,0.10760639223501081,0.3402707741699741,0.423942885276629,0.7459437344871997
C038,29,42,1512,0.10763343527171054,0.3403562891179488,0.423942885276629,0.7459437344871997
C038,29,43,1548,0.10763624928202252,0.34036518752488815,0.423942885276629,0.7459437344871997
C038,29,44,1584,0.10763625452864527,0.3403652041156533,0.423942885276629,0.7459437344871997
C038,29,45,1620,0.10763625452864527,0.3403652041156533,0.423942885276629,0.7459437344871997
C038,29,46,1656,0.10763822633554733,0.34037143932387043,0.423942885276629,0.7459437344871997
C038,29,47,1692,0.10763822633554733,0.34037143932387043,0.423942885276629,0.7459437344871997
C038,29,48,1728,0.10763822633554733,0.34037143932387043,0.423942885276629,0.7459437344871997
C038,29,49,1764,0.10765510497519287,0.34042481261945107,0.423942885276629,0.7459437344871997
C038,29,50,1800,0.10765643504503696,0.34042901853962126,0.423942885276629,0.7459437344871997
C038,29,51,1836,0.10767007085282104,0.34047213741736404,0.423942885276629,0.7459437344871997
C038,29,52,1872,0.10767007085282104,0.34047213741736404,0.423942885276629,0.7459437344871997
C038,29,53,1908,0.10767007085282104,0.34047213741736404,0.423942885276629,0.7459437344871997
C038,29,54,1944,0.10768128154379777,0.34050758763940386,0.423942885276629,0.7459437344871997
C038,29,55,1980,0.10772429621208258,0.3406436077602715,0.423942885276629,0.7459437344871997
C038,29,56,2016,0.10774463907963411,0.3407079355678192,0.423942885276629,0.7459437344871997
C038,47,1,36,0.10533102244560637,0.33307564548214774,0.423942885276629,0.7459437344871997
C038,47,2,72,0.10534986136829604,0.3331352175454332,0.423942885276629,0.7459437344871997
C038,47,3,108,0.10568028990959147,0.33418009204795246,0.423942885276629,0.7459437344871997
C038,47,4,144,0.10571515053783362,0.3342903276270257,0.423942885276629,0.7459437344871997
C038,47,5,180,0.10600348022635696,0.3352020779821138,0.423942885276629,0.7459437344871997
C038,47,6,216,0.10668343274677512,0.33735221019745854,0.423942885276629,0.7459437344871997
C038,47,7,252,0.10711453746262396,0.33871544087886485,0.423942885276629,0.7459437344871997
C038,47,8,288,0.10712979091543723,0.3387636750412574,0.423942885276629,0.7459437344871997
C038,47,9,324,0.10716448148205596,0.3388733728548777,0.423942885276629,0.7459437344871997
C038,47,10,360,0.10718025093150174,0.33892323869146695,0.423942885276629,0.7459437344871997
C038,47,11,396,0.10718164162031255,0.3389276362997173,0.423942885276629,0.7459437344871997
C038,47,12,432,0.1072061883940904,0.33900525761517336,0.423942885276629,0.7459437344871997
C038,47,13,468,0.1072557987706155,0.3391621345522813,0.423942885276629,0.7459437344871997
C038,47,14,504,0.10734804725236131,0.33945384085009206,0.423942885276629,0.7459437344871997
C038,47,15,540,0.10735781902925072,0.33948474096687986,0.423942885276629,0.7459437344871997
C038,47,16,576,0.10735781902925072,0.33948474096687986,0.423942885276629,0.7459437344871997
C038,47,17,612,0.10756542053989754,0.3401412142978728,0.423942885276629,0.7459437344871997
C038,47,18,648,0.10757229463215211,0.3401629514144566,0.423942885276629,0.7459437344871997
C038,47,19,684,0.10758204451121796,0.3401937822863862,0.423942885276629,0.7459437344871997
C038,47,20,720,0.10758452963519867,0.3402016406955686,0.423942885276629,0.7459437344871997
C038,47,21,756,0.10758452963519867,0.3402016406955686,0.423942885276629,0.7459437344871997
C038,47,22,792,0.10758452963519867,0.3402016406955686,0.423942885276629,0.7459437344871997
C038,47,23,828,0.10759291579665324,0.34022815924703376,0.423942885276629,0.7459437344871997
C038,47,24,864,0.10759981324556525,0.340249970221571,0.423942885276629,0.7459437344871997
C038,47,25,900,0.10759981324556525,0.340249970221571,0.423942885276629,0.7459437344871997
C038,47,26,936,0.1076140440379484,0.3402949705476733,0.423942885276629,0.7459437344871997
C038,47,27,972,0.10761704771688241,0.3403044687209231,0.423942885276629,0.7459437344871997
C038,47,28,1008,0.10762121833075636,0.3403176569524229,0.423942885276629,0.7459437344871997
C038,47,29,1044,0.10762121833075636,0.3403176569524229,0.423942885276629,0.7459437344871997
C038,47,30,1080,0.10762640764704284,0.34033406650424913,0.423942885276629,0.7459437344871997
C038,47,31,1116,0.1076458986095908,0.34039570043488987,0.423942885276629,0.7459437344871997
C038,47,32,1152,0.1076458986095908,0.34039570043488987,0.423942885276629,0.7459437344871997
C038,47,33,1188,0.10764846984944071,0.34040383115794576,0.423942885276629,0.7459437344871997
C038,47,34,1224,0.10764863868508542,0.3404043650466334,0.423942885276629,0.7459437344871997
C038,47,35,1260,0.10766648945461003,0.34046081239180975,0.423942885276629,0.7459437344871997
C038,47,36,1296,0.10766999308827159,0.3404718915118663,0.423942885276629,0.7459437344871997
C038,47,37,1332,0.10766421553574249,0.3404536218511979,0.423942885276629,0.7459437344871997
C038,47,38,1368,0.10770489651364655,0.3405822624231741,0.423942885276629,0.7459437344871997
C038,47,39,1404,0.10770489651364655,0.3405822624231741,0.423942885276629,0.7459437344871997
C038,47,40,1440,0.10770480465664788,0.3405819719548162,0.423942885276629,0.7459437344871997
C038,47,41,1476,0.10770587924018783,0.3405853699813224,0.423942885276629,0.7459437344871997
C038,47,42,1512,0.10771032967794918,0.34059944306630363,0.423942885276629,0.7459437344871997
C038,47,43,1548,0.10771281512711,0.3406073025037641,0.423942885276629,0.7459437344871997
C038,47,44,1584,0.10771281512711,0.3406073025037641,0.423942885276629,0.7459437344871997
C038,47,45,1620,0.10771281512711,0.3406073025037641,0.423942885276629,0.7459437344871997
C038,47,46,1656,0.10771281512711,0.3406073025037641,0.423942885276629,0.7459437344871997
C038,47,47,1692,0.10771633289761402,0.3406184263270602,0.423942885276629,0.7459437344871997
C038,47,48,1728,0.10773134200637749,0.3406658878296017,0.423942885276629,0.7459437344871997
C038,47,49,1764,0.10773541391735818,0.34067876394479313,0.423942885276629,0.7459437344871997
C038,47,50,1800,0.10774067556071562,0.34069540220783173,0.423942885276629,0.7459437344871997
C038,47,51,1836,0.10774060406333578,0.34069517612025196,0.423942885276629,0.7459437344871997
C038,47,52,1872,0.10775728819327055,0.34074793434112843,0.423942885276629,0.7459437344871997
C038,47,53,1908,0.10777508111517396,0.34080419876171786,0.423942885276629,0.7459437344871997
C038,47,54,1944,0.10777508111517396,0.34080419876171786,0.423942885276629,0.7459437344871997
C038,47,55,1980,0.10777749923746734,0.3408118452995091,0.423942885276629,0.7459437344871997
C038,47,56,2016,0.10777749923746734,0.3408118452995091,0.423942885276629,0.7459437344871997
C038,83,1,36,0.10533102244560637,0.33307564548214774,0.423942885276629,0.7459437344871997
C038,83,2,72,0.1053357428371526,0.33309057220957033,0.423942885276629,0.7459437344871997
C038,83,3,108,0.10541742366247965,0.33334886167631667,0.423942885276629,0.7459437344871997
C038,83,4,144,0.10543417391490993,0.3334018289884216,0.423942885276629,0.7459437344871997
C038,83,5,180,0.10591045721435093,0.3349079224802568,0.423942885276629,0.7459437344871997
C038,83,6,216,0.10646778417359459,0.33667029060680326,0.423942885276629,0.7459437344871997
C038,83,7,252,0.1067485557624886,0.3375581408909131,0.423942885276629,0.7459437344871997
C038,83,8,288,0.10688955827252691,0.33800401619863524,0.423942885276629,0.7459437344871997
C038,83,9,324,0.10705732276433572,0.33853451770807474,0.423942885276629,0.7459437344871997
C038,83,10,360,0.10708611723167973,0.33862557099488655,0.423942885276629,0.7459437344871997
C038,83,11,396,0.10713167755426496,0.3387696409326989,0.423942885276629,0.7459437344871997
C038,83,12,432,0.10715391459117021,0.3388399584445663,0.423942885276629,0.7459437344871997
C038,83,13,468,0.10733557648482135,0.3394144060392302,0.423942885276629,0.7459437344871997
C038,83,14,504,0.10735584407186564,0.3394784957962686,0.423942885276629,0.7459437344871997
C038,83,15,540,0.10735584407186564,0.3394784957962686,0.423942885276629,0.7459437344871997
C038,83,16,576,0.1073582478337921,0.33948609692399573,0.423942885276629,0.7459437344871997
C038,83,17,612,0.10736647292824471,0.3395121061526194,0.423942885276629,0.7459437344871997
C038,83,18,648,0.10749970321031783,0.33993340427703655,0.423942885276629,0.7459437344871997
C038,83,19,684,0.10749970321031783,0.33993340427703655,0.423942885276629,0.7459437344871997
C038,83,20,720,0.10750319762479951,0.3399444542443875,0.423942885276629,0.7459437344871997
C038,83,21,756,0.10750319762479951,0.3399444542443875,0.423942885276629,0.7459437344871997
C038,83,22,792,0.10751915622158856,0.33999491819891,0.423942885276629,0.7459437344871997
C038,83,23,828,0.10751915622158856,0.33999491819891,0.423942885276629,0.7459437344871997
C038,83,24,864,0.10752766718725325,0.3400218314037439,0.423942885276629,0.7459437344871997
C038,83,25,900,0.10753780732799369,0.3400538963533094,0.423942885276629,0.7459437344871997
C038,83,26,936,0.10753601309820335,0.3400482226758715,0.423942885276629,0.7459437344871997
C038,83,27,972,0.10753601309820335,0.3400482226758715,0.423942885276629,0.7459437344871997
C038,83,28,1008,0.10753601309820335,0.3400482226758715,0.423942885276629,0.7459437344871997
C038,83,29,1044,0.10753386701398635,0.3400414363714263,0.423942885276629,0.7459437344871997
C038,83,30,1080,0.10753386701398635,0.3400414363714263,0.423942885276629,0.7459437344871997
C038,83,31,1116,0.10753386701398635,0.3400414363714263,0.423942885276629,0.7459437344871997
C038,83,32,1152,0.10752943895445516,0.34002743405043545,0.423942885276629,0.7459437344871997
C038,83,33,1188,0.10752431496050513,0.3400112310595907,0.423942885276629,0.7459437344871997
C038,83,34,1224,0.1075269766951854,0.3400196479435832,0.423942885276629,0.7459437344871997
C038,83,35,1260,0.1075269766951854,0.3400196479435832,0.423942885276629,0.7459437344871997
C038,83,36,1296,0.10752668709147006,0.34001873216452605,0.423942885276629,0.7459437344871997
C038,83,37,1332,0.10752668709147006,0.34001873216452605,0.423942885276629,0.7459437344871997
C038,83,38,1368,0.10752668709147006,0.34001873216452605,0.423942885276629,0.7459437344871997
C038,83,39,1404,0.10752668709147006,0.34001873216452605,0.423942885276629,0.7459437344871997
C038,83,40,1440,0.10752443266757797,0.34001160327053437,0.423942885276629,0.7459437344871997
C038,83,41,1476,0.10752443266757797,0.34001160327053437,0.423942885276629,0.7459437344871997
C038,83,42,1512,0.10752443266757797,0.34001160327053437,0.423942885276629,0.7459437344871997
C038,83,43,1548,0.10752443266757797,0.34001160327053437,0.423942885276629,0.7459437344871997
C038,83,44,1584,0.10752443266757797,0.34001160327053437,0.423942885276629,0.7459437344871997
C038,83,45,1620,0.10752443266757797,0.34001160327053437,0.423942885276629,0.7459437344871997
C038,83,46,1656,0.10754494208053376,0.34007645772461736,0.423942885276629,0.7459437344871997
C038,83,47,1692,0.10754494208053376,0.34007645772461736,0.423942885276629,0.7459437344871997
C038,83,48,1728,0.10754494208053376,0.34007645772461736,0.423942885276629,0.7459437344871997
C038,83,49,1764,0.10754494208053376,0.34007645772461736,0.423942885276629,0.7459437344871997
C038,83,50,1800,0.10754494208053376,0.34007645772461736,0.423942885276629,0.7459437344871997
C038,83,51,1836,0.10754494208053376,0.34007645772461736,0.423942885276629,0.7459437344871997
C038,83,52,1872,0.10754494208053376,0.34007645772461736,0.423942885276629,0.7459437344871997
C038,83,53,1908,0.10754510219098283,0.3400769640226664,0.423942885276629,0.7459437344871997
C038,83,54,1944,0.10754510219098283,0.3400769640226664,0.423942885276629,0.7459437344871997
C038,83,55,1980,0.10756138705062782,0.34012845967904476,0.423942885276629,0.7459437344871997
C038,83,56,2016,0.10756138705062782,0.34012845967904476,0.423942885276629,0.7459437344871997
C039,3,1,36,864.9496461194273,0.32211983055813304,3831.09467216496,0.700890993273147
C039,3,2,72,886.2009048705212,0.3300341084571545,3831.09467216496,0.700890993273147
C039,3,3,108,893.3742092594213,0.3327055513609826,3831.09467216496,0.700890993273147
C039,3,4,144,897.7638890799159,0.33434033198240504,3831.09467216496,0.700890993273147
C039,3,5,180,901.4384156587188,0.33570877913335273,3831.09467216496,0.700890993273147
C039,3,6,216,913.5567848610154,0.3402218361090945,3831.09467216496,0.700890993273147
C039,3,7,252,915.9764380673392,0.34112295016160304,3831.09467216496,0.700890993273147
C039,3,8,288,928.8021169536867,0.3458994195528545,3831.09467216496,0.700890993273147
C039,3,9,324,931.7968687819396,0.3470147086980764,3831.09467216496,0.700890993273147
C039,3,10,360,932.3403377163321,0.34721710443503695,3831.09467216496,0.700890993273147
C039,3,11,396,932.3720423893333,0.3472289117164676,3831.09467216496,0.700890993273147
C039,3,12,432,932.3720423893333,0.3472289117164676,3831.09467216496,0.700890993273147
C039,3,13,468,933.1490311385552,0.34751827362946197,3831.09467216496,0.700890993273147
C039,3,14,504,934.4598286628707,0.34800643369556855,3831.09467216496,0.700890993273147
C039,3,15,540,936.5948352134283,0.34880154119274087,3831.09467216496,0.700890993273147
C039,3,16,576,936.5948352134283,0.34880154119274087,3831.09467216496,0.700890993273147
C039,3,17,612,939.8339528270757,0.35000783571121036,3831.09467216496,0.700890993273147
C039,3,18,648,944.2370224952014,0.3516476029066714,3831.09467216496,0.700890993273147
C039,3,19,684,944.9296768590947,0.35190555746776486,3831.09467216496,0.700890993273147
C039,3,20,720,944.9296768590947,0.35190555746776486,3831.09467216496,0.700890993273147
C039,3,21,756,944.9296768590947,0.35190555746776486,3831.09467216496,0.700890993273147
C039,3,22,792,944.9296768590947,0.35190555746776486,3831.09467216496,0.700890993273147
C039,3,23,828,944.9296768590947,0.35190555746776486,3831.09467216496,0.700890993273147
C039,3,24,864,944.9296768590947,0.35190555746776486,3831.09467216496,0.700890993273147
C039,3,25,900,945.1353433691507,0.3519821506679216,3831.09467216496,0.700890993273147
C039,3,26,936,947.1185478022691,0.3527207248483081,3831.09467216496,0.700890993273147
C039,3,27,972,947.1185478022691,0.3527207248483081,3831.09467216496,0.700890993273147
C039,3,28,1008,947.1436527041973,0.35273007427898484,3831.09467216496,0.700890993273147
C039,3,29,1044,947.1436527041973,0.35273007427898484,3831.09467216496,0.700890993273147
C039,3,30,1080,947.1930123632909,0.3527484565340617,3831.09467216496,0.700890993273147
C039,3,31,1116,947.1945040957089,0.35274901207691434,3831.09467216496,0.700890993273147
C039,3,32,1152,948.2599824512325,0.35314581171592735,3831.09467216496,0.700890993273147
C039,3,33,1188,948.2599824512325,0.35314581171592735,3831.09467216496,0.700890993273147
C039,3,34,1224,948.2599824512325,0.35314581171592735,3831.09467216496,0.700890993273147
C039,3,35,1260,948.2599824512325,0.35314581171592735,3831.09467216496,0.700890993273147
C039,3,36,1296,948.2599824512325,0.35314581171592735,3831.09467216496,0.700890993273147
C039,3,37,1332,952.1261631830176,0.354585633661421,3831.09467216496,0.700890993273147
C039,3,38,1368,952.1261631830176,0.354585633661421,3831.09467216496,0.700890993273147
C039,3,39,1404,952.1261631830176,0.354585633661421,3831.09467216496,0.700890993273147
C039,3,40,1440,952.1261631830176,0.354585633661421,3831.09467216496,0.700890993273147
C039,3,41,1476,952.1261631830176,0.354585633661421,3831.09467216496,0.700890993273147
C039,3,42,1512,952.1261631830176,0.354585633661421,3831.09467216496,0.700890993273147
C039,3,43,1548,952.1261631830176,0.354585633661421,3831.09467216496,0.700890993273147
C039,3,44,1584,952.1261631830176,0.354585633661421,3831.09467216496,0.700890993273147
C039,3,45,1620,952.141859959257,0.3545914793692321,3831.09467216496,0.700890993273147
C039,3,46,1656,952.141859959257,0.3545914793692321,3831.09467216496,0.700890993273147
C039,3,47,1692,952.141859959257,0.3545914793692321,3831.09467216496,0.700890993273147
C039,3,48,1728,952.141859959257,0.3545914793692321,3831.09467216496,0.700890993273147
C039,3,49,1764,952.141859959257,0.3545914793692321,3831.09467216496,0.700890993273147
C039,3,50,1800,952.141859959257,0.3545914793692321,3831.09467216496,0.700890993273147
C039,3,51,1836,952.141859959257,0.3545914793692321,3831.09467216496,0.700890993273147
C039,3,52,1872,952.141859959257,0.3545914793692321,3831.09467216496,0.700890993273147
C039,3,53,1908,952.141859959257,0.3545914793692321,3831.09467216496,0.700890993273147
C039,3,54,1944,952.141859959257,0.3545914793692321,3831.09467216496,0.700890993273147
C039,3,55,1980,952.141859959257,0.3545914793692321,3831.09467216496,0.700890993273147
C039,3,56,2016,952.141859959257,0.3545914793692321,3831.09467216496,0.700890993273147
C039,11,1,36,864.9496461194273,0.32211983055813304,3831.09467216496,0.700890993273147
C039,11,2,72,896.7229694149265,0.333952678357,3831.09467216496,0.700890993273147
C039,11,3,108,905.436611897578,0.33719776557409825,3831.09467216496,0.700890993273147
C039,11,4,144,911.479587134232,0.33944825745883533,3831.09467216496,0.700890993273147
C039,11,5,180,919.7037009974227,0.3425110370969185,3831.09467216496,0.700890993273147
C039,11,6,216,925.8297912293987,0.34479248221497966,3831.09467216496,0.700890993273147
C039,11,7,252,925.8297912293987,0.34479248221497966,3831.09467216496,0.700890993273147
C039,11,8,288,934.8653757354912,0.3481574653248685,3831.09467216496,0.700890993273147
C039,11,9,324,938.0415481174616,0.34934031812340294,3831.09467216496,0.700890993273147
C039,11,10,360,945.4179161925526,0.35208738489791747,3831.09467216496,0.700890993273147
C039,11,11,396,945.4179161925526,0.35208738489791747,3831.09467216496,0.700890993273147
C039,11,12,432,950.0775694163483,0.3538227075420075,3831.09467216496,0.700890993273147
C039,11,13,468,950.0802324081774,0.35382369927890295,3831.09467216496,0.700890993273147
C039,11,14,504,953.0760532710375,0.3549393865481637,3831.09467216496,0.700890993273147
C039,11,15,540,953.0760532710375,0.3549393865481637,3831.09467216496,0.700890993273147
C039,11,16,576,954.123826499642,0.3553295925403571,3831.09467216496,0.700890993273147
C039,11,17,612,954.123826499642,0.3553295925403571,3831.09467216496,0.700890993273147
C039,11,18,648,954.123826499642,0.3553295925403571,3831.09467216496,0.700890993273147
C039,11,19,684,956.4826831460961,0.3562080650695682,3831.09467216496,0.700890993273147
C039,11,20,720,956.7006160625741,0.3562892264579148,3831.09467216496,0.700890993273147
C039,11,21,756,956.7536587442657,0.3563089803241838,3831.09467216496,0.700890993273147
C039,11,22,792,956.7536587442657,0.3563089803241838,3831.09467216496,0.700890993273147
C039,11,23,828,956.7536587442657,0.3563089803241838,3831.09467216496,0.700890993273147
C039,11,24,864,956.7536587442657,0.3563089803241838,3831.09467216496,0.700890993273147
C039,11,25,900,956.9945955062468,0.3563987086792305,3831.09467216496,0.700890993273147
C039,11,26,936,959.0582424105377,0.3571672408060709,3831.09467216496,0.700890993273147
C039,11,27,972,965.5145709409476,0.3595716714704152,3831.09467216496,0.700890993273147
C039,11,28,1008,965.5145709409476,0.3595716714704152,3831.09467216496,0.700890993273147
C039,11,29,1044,965.5145709409476,0.3595716714704152,3831.09467216496,0.700890993273147
C039,11,30,1080,967.9716965498951,0.36048674079076837,3831.09467216496,0.700890993273147
C039,11,31,1116,967.9716965498951,0.36048674079076837,3831.09467216496,0.700890993273147
C039,11,32,1152,967.9716965498951,0.36048674079076837,3831.09467216496,0.700890993273147
C039,11,33,1188,967.9716965498951,0.36048674079076837,3831.09467216496,0.700890993273147
C039,11,34,1224,968.0155712344865,0.3605030803615512,3831.09467216496,0.700890993273147
C039,11,35,1260,968.0155712344865,0.3605030803615512,3831.09467216496,0.700890993273147
C039,11,36,1296,968.4353927329464,0.36065942799468254,3831.09467216496,0.700890993273147
C039,11,37,1332,969.1705884098911,0.3609332255596009,3831.09467216496,0.700890993273147
C039,11,38,1368,969.244864860789,0.360960887190408,3831.09467216496,0.700890993273147
C039,11,39,1404,969.244864860789,0.360960887190408,3831.09467216496,0.700890993273147
C039,11,40,1440,969.244864860789,0.360960887190408,3831.09467216496,0.700890993273147
C039,11,41,1476,969.244864860789,0.360960887190408,3831.09467216496,0.700890993273147
C039,11,42,1512,969.244864860789,0.360960887190408,3831.09467216496,0.700890993273147
C039,11,43,1548,969.7223683491854,0.36113871643568635,3831.09467216496,0.700890993273147
C039,11,44,1584,969.7223683491854,0.36113871643568635,3831.09467216496,0.700890993273147
C039,11,45,1620,973.1896645471015,0.3624299879782304,3831.09467216496,0.700890993273147
C039,11,46,1656,973.1896645471015,0.3624299879782304,3831.09467216496,0.700890993273147
C039,11,47,1692,973.1896645471015,0.3624299879782304,3831.09467216496,0.700890993273147
C039,11,48,1728,973.1896645471015,0.3624299879782304,3831.09467216496,0.700890993273147
C039,11,49,1764,974.5142165754522,0.36292327042172523,3831.09467216496,0.700890993273147
C039,11,50,1800,974.5142165754522,0.36292327042172523,3831.09467216496,0.700890993273147
C039,11,51,1836,974.5142165754522,0.36292327042172523,3831.09467216496,0.700890993273147
C039,11,52,1872,974.5142165754522,0.36292327042172523,3831.09467216496,0.700890993273147
C039,11,53,1908,974.5142165754522,0.36292327042172523,3831.09467216496,0.700890993273147
C039,11,54,1944,974.5142165754522,0.36292327042172523,3831.09467216496,0.700890993273147
C039,11,55,1980,974.5142165754522,0.36292327042172523,3831.09467216496,0.700890993273147
C039,11,56,2016,974.5142165754522,0.36292327042172523,3831.09467216496,0.700890993273147
C039,29,1,36,864.9496461194273,0.32211983055813304,3831.09467216496,0.700890993273147
C039,29,2,72,877.6112688995038,0.3268352030689001,3831.09467216496,0.700890993273147
C039,29,3,108,882.6962128037047,0.32872891014903766,3831.09467216496,0.700890993273147
C039,29,4,144,906.7549699980065,0.33768874130873233,3831.09467216496,0.700890993273147
C039,29,5,180,906.7549699980065,0.33768874130873233,3831.09467216496,0.700890993273147
C039,29,6,216,912.2195709463371,0.33972383819494,3831.09467216496,0.700890993273147
C039,29,7,252,915.5721078586901,0.34097237171014755,3831.09467216496,0.700890993273147
C039,29,8,288,915.5721078586901,0.34097237171014755,3831.09467216496,0.700890993273147
C039,29,9,324,915.5721078586901,0.34097237171014755,3831.09467216496,0.700890993273147
C039,29,10,360,915.6245646385054,0.34099190737803475,3831.09467216496,0.700890993273147
C039,29,11,396,926.5334923137602,0.34505455073547114,3831.09467216496,0.700890993273147
C039,29,12,432,926.9187681498555,0.3451980330614053,3831.09467216496,0.700890993273147
C039,29,13,468,926.9187681498555,0.3451980330614053,3831.09467216496,0.700890993273147
C039,29,14,504,926.9187681498555,0.3451980330614053,3831.09467216496,0.700890993273147
C039,29,15,540,926.9187681498555,0.3451980330614053,3831.09467216496,0.700890993273147
C039,29,16,576,927.5853239561833,0.345446268140008,3831.09467216496,0.700890993273147
C039,29,17,612,927.5853239561833,0.345446268140008,3831.09467216496,0.700890993273147
C039,29,18,648,927.5853239561833,0.345446268140008,3831.09467216496,0.700890993273147
C039,29,19,684,934.2592980647472,0.3479317531837271,3831.09467216496,0.700890993273147
C039,29,20,720,936.2477724646607,0.3486722899764098,3831.09467216496,0.700890993273147
C039,29,21,756,936.2477724646607,0.3486722899764098,3831.09467216496,0.700890993273147
C039,29,22,792,936.2477724646607,0.3486722899764098,3831.09467216496,0.700890993273147
C039,29,23,828,936.2477724646607,0.3486722899764098,3831.09467216496,0.700890993273147
C039,29,24,864,936.4829634816285,0.34875987853243084,3831.09467216496,0.700890993273147
C039,29,25,900,936.4829634816285,0.34875987853243084,3831.09467216496,0.700890993273147
C039,29,26,936,937.2325884629669,0.34903904978020717,3831.09467216496,0.700890993273147
C039,29,27,972,939.0082190692609,0.3497003204479268,3831.09467216496,0.700890993273147
C039,29,28,1008,939.0082190692609,0.3497003204479268,3831.09467216496,0.700890993273147
C039,29,29,1044,939.0082190692609,0.3497003204479268,3831.09467216496,0.700890993273147
C039,29,30,1080,940.2314769121498,0.3501558794632384,3831.09467216496,0.700890993273147
C039,29,31,1116,944.0810519890119,0.3515895172212778,3831.09467216496,0.700890993273147
C039,29,32,1152,944.0810519890119,0.3515895172212778,3831.09467216496,0.700890993273147
C039,29,33,1188,944.0810519890119,0.3515895172212778,3831.09467216496,0.700890993273147
C039,29,34,1224,950.6887130464049,0.354050306320091,3831.09467216496,0.700890993273147
C039,29,35,1260,950.6902237735119,0.354050868936842,3831.09467216496,0.700890993273147
C039,29,36,1296,952.9013130147667,0.35487431073479797,3831.09467216496,0.700890993273147
C039,29,37,1332,955.378115754035,0.35579670810472397,3831.09467216496,0.700890993273147
C039,29,38,1368,955.512306347481,0.3558466826337815,3831.09467216496,0.700890993273147
C039,29,39,1404,955.512306347481,0.3558466826337815,3831.09467216496,0.700890993273147
C039,29,40,1440,955.7456056361136,0.3559335666826517,3831.09467216496,0.700890993273147
C039,29,41,1476,955.8367575497754,0.3559675129812779,3831.09467216496,0.700890993273147
C039,29,42,1512,955.8367575497754,0.3559675129812779,3831.09467216496,0.700890993273147
C039,29,43,1548,955.8438560785777,0.35597015657666553,3831.09467216496,0.700890993273147
C039,29,44,1584,955.8438560785777,0.35597015657666553,3831.09467216496,0.700890993273147
C039,29,45,1620,955.8438560785777,0.35597015657666553,3831.09467216496,0.700890993273147
C039,29,46,1656,955.8438560785777,0.35597015657666553,3831.09467216496,0.700890993273147
C039,29,47,1692,955.8438560785777,0.35597015657666553,3831.09467216496,0.700890993273147
C039,29,48,1728,958.9207500571516,0.35711603665358127,3831.09467216496,0.700890993273147
C039,29,49,1764,961.0913509394188,0.35792439999766973,3831.09467216496,0.700890993273147
C039,29,50,1800,961.0913509394188,0.35792439999766973,3831.09467216496,0.700890993273147
C039,29,51,1836,961.0913509394188,0.35792439999766973,3831.09467216496,0.700890993273147
C039,29,52,1872,961.0913509394188,0.35792439999766973,3831.09467216496,0.700890993273147
C039,29,53,1908,961.0913509394188,0.35792439999766973,3831.09467216496,0.700890993273147
C039,29,54,1944,961.0913509394188,0.35792439999766973,3831.09467216496,0.700890993273147
C039,29,55,1980,961.0913509394188,0.35792439999766973,3831.09467216496,0.700890993273147
C039,29,56,2016,961.0913509394188,0.35792439999766973,3831.09467216496,0.700890993273147
C039,47,1,36,864.9496461194273,0.32211983055813304,3831.09467216496,0.700890993273147
C039,47,2,72,890.7073892119998,0.331712388781336,3831.09467216496,0.700890993273147
C039,47,3,108,893.1956043775489,0.3326390363048245,3831.09467216496,0.700890993273147
C039,47,4,144,894.4200044741068,0.3330950207120187,3831.09467216496,0.700890993273147
C039,47,5,180,901.0046349925854,0.335547232903117,3831.09467216496,0.700890993273147
C039,47,6,216,919.1663151318426,0.34231090678327347,3831.09467216496,0.700890993273147
C039,47,7,252,923.2584912760418,0.34383489270788475,3831.09467216496,0.700890993273147
C039,47,8,288,935.057326450981,0.3482289505636064,3831.09467216496,0.700890993273147
C039,47,9,324,935.3138913649045,0.3483244990697778,3831.09467216496,0.700890993273147
C039,47,10,360,937.4944180215073,0.3491365589166182,3831.09467216496,0.700890993273147
C039,47,11,396,937.4944180215073,0.3491365589166182,3831.09467216496,0.700890993273147
C039,47,12,432,937.4944180215073,0.3491365589166182,3831.09467216496,0.700890993273147
C039,47,13,468,937.4944180215073,0.3491365589166182,3831.09467216496,0.700890993273147
C039,47,14,504,941.7135261073454,0.3507078161427631,3831.09467216496,0.700890993273147
C039,47,15,540,941.7135261073454,0.3507078161427631,3831.09467216496,0.700890993273147
C039,47,16,576,941.7135261073454,0.3507078161427631,3831.09467216496,0.700890993273147
C039,47,17,612,942.5540759267844,0.3510208491229234,3831.09467216496,0.700890993273147
C039,47,18,648,942.5540759267844,0.3510208491229234,3831.09467216496,0.700890993273147
C039,47,19,684,943.5423354864629,0.3513888913590689,3831.09467216496,0.700890993273147
C039,47,20,720,943.6057811131228,0.3514125194333748,3831.09467216496,0.700890993273147
C039,47,21,756,947.0285376978086,0.35268720377603824,3831.09467216496,0.700890993273147
C039,47,22,792,950.5216148244061,0.3539880765114561,3831.09467216496,0.700890993273147
C039,47,23,828,950.5216148244061,0.3539880765114561,3831.09467216496,0.700890993273147
C039,47,24,864,950.5216148244061,0.3539880765114561,3831.09467216496,0.700890993273147
C039,47,25,900,950.5216148244061,0.3539880765114561,3831.09467216496,0.700890993273147
C039,47,26,936,950.7994294059114,0.3540915387029519,3831.09467216496,0.700890993273147
C039,47,27,972,950.7994294059114,0.3540915387029519,3831.09467216496,0.700890993273147
C039,47,28,1008,950.7994294059114,0.3540915387029519,3831.09467216496,0.700890993273147
C039,47,29,1044,950.7994294059114,0.3540915387029519,3831.09467216496,0.700890993273147
C039,47,30,1080,950.7994294059114,0.3540915387029519,3831.09467216496,0.700890993273147
C039,47,31,1116,950.7994294059114,0.3540915387029519,3831.09467216496,0.700890993273147
C039,47,32,1152,950.7994294059114,0.3540915387029519,3831.09467216496,0.700890993273147
C039,47,33,1188,951.9150176343018,0.35450699998756424,3831.09467216496,0.700890993273147
C039,47,34,1224,952.0717624548017,0.354565374038871,3831.09467216496,0.700890993273147
C039,47,35,1260,953.2858343969623,0.35501751209112486,3831.09467216496,0.700890993273147
C039,47,36,1296,953.6718112901141,0.3551612555009051,3831.09467216496,0.700890993273147
C039,47,37,1332,954.1774468674001,0.3553495615453209,3831.09467216496,0.700890993273147
C039,47,38,1368,954.1774468674001,0.3553495615453209,3831.09467216496,0.700890993273147
C039,47,39,1404,956.0668695621554,0.35605321004210655,3831.09467216496,0.700890993273147
C039,47,40,1440,956.0668695621554,0.35605321004210655,3831.09467216496,0.700890993273147
C039,47,41,1476,956.2711544152527,0.35612928869311306,3831.09467216496,0.700890993273147
C039,47,42,1512,957.2308556465629,0.35648669539233885,3831.09467216496,0.700890993273147
C039,47,43,1548,959.6488405365774,0.3573871881395849,3831.09467216496,0.700890993273147
C039,47,44,1584,963.7876566059444,0.3589285434507954,3831.09467216496,0.700890993273147
C039,47,45,1620,963.7876566059444,0.3589285434507954,3831.09467216496,0.700890993273147
C039,47,46,1656,963.7876566059444,0.3589285434507954,3831.09467216496,0.700890993273147
C039,47,47,1692,963.7881194297752,0.3589287158131226,3831.09467216496,0.700890993273147
C039,47,48,1728,963.7881194297752,0.3589287158131226,3831.09467216496,0.700890993273147
C039,47,49,1764,963.7881194297752,0.3589287158131226,3831.09467216496,0.700890993273147
C039,47,50,1800,964.4517043412745,0.35917584448727385,3831.09467216496,0.700890993273147
C039,47,51,1836,964.4517043412745,0.35917584448727385,3831.09467216496,0.700890993273147
C039,47,52,1872,964.4517043412745,0.35917584448727385,3831.09467216496,0.700890993273147
C039,47,53,1908,966.0979199037689,0.35978891911009375,3831.09467216496,0.700890993273147
C039,47,54,1944,969.6784849024567,0.3611223736017561,3831.09467216496,0.700890993273147
C039,47,55,1980,969.6784849024567,0.3611223736017561,3831.09467216496,0.700890993273147
C039,47,56,2016,969.6784849024567,0.3611223736017561,3831.09467216496,0.700890993273147
C039,83,1,36,864.9496461194273,0.32211983055813304,3831.09467216496,0.700890993273147
C039,83,2,72,869.2725339247296,0.3237297368614805,3831.09467216496,0.700890993273147
C039,83,3,108,886.3721541250794,0.3300978841706992,3831.09467216496,0.700890993273147
C039,83,4,144,898.0838228716667,0.3344594799805006,3831.09467216496,0.700890993273147
C039,83,5,180,901.049791245689,0.33556404974865667,3831.09467216496,0.700890993273147
C039,83,6,216,901.5871446628199,0.33576416797802716,3831.09467216496,0.700890993273147
C039,83,7,252,901.5871446628199,0.33576416797802716,3831.09467216496,0.700890993273147
C039,83,8,288,922.4631250044671,0.34353868673823,3831.09467216496,0.700890993273147
C039,83,9,324,922.4631250044671,0.34353868673823,3831.09467216496,0.700890993273147
C039,83,10,360,922.8641656944254,0.3436880401250727,3831.09467216496,0.700890993273147
C039,83,11,396,923.5626930056084,0.34394818185717,3831.09467216496,0.700890993273147
C039,83,12,432,923.5626930056084,0.34394818185717,3831.09467216496,0.700890993273147
C039,83,13,468,925.5147683972642,0.34467516312968455,3831.09467216496,0.700890993273147
C039,83,14,504,927.4941288916735,0.3454123057713783,3831.09467216496,0.700890993273147
C039,83,15,540,938.4973022338826,0.3495100475861715,3831.09467216496,0.700890993273147
C039,83,16,576,940.4138133972505,0.35022378422272205,3831.09467216496,0.700890993273147
C039,83,17,612,944.4826753409686,0.35173908759992456,3831.09467216496,0.700890993273147
C039,83,18,648,944.4826753409686,0.35173908759992456,3831.09467216496,0.700890993273147
C039,83,19,684,946.7743063730106,0.3525925243324037,3831.09467216496,0.700890993273147
C039,83,20,720,952.3405668098271,0.35466548069095477,3831.09467216496,0.700890993273147
C039,83,21,756,955.211853134761,0.35573478948669923,3831.09467216496,0.700890993273147
C039,83,22,792,955.211853134761,0.35573478948669923,3831.09467216496,0.700890993273147
C039,83,23,828,955.211853134761,0.35573478948669923,3831.09467216496,0.700890993273147
C039,83,24,864,955.211853134761,0.35573478948669923,3831.09467216496,0.700890993273147
C039,83,25,900,960.3996914729078,0.3576668159508341,3831.09467216496,0.700890993273147
C039,83,26,936,960.3996914729078,0.3576668159508341,3831.09467216496,0.700890993273147
C039,83,27,972,960.3996914729078,0.3576668159508341,3831.09467216496,0.700890993273147
C039,83,28,1008,964.5415859320734,0.3592093176991866,3831.09467216496,0.700890993273147
C039,83,29,1044,964.5415859320734,0.3592093176991866,3831.09467216496,0.700890993273147
C039,83,30,1080,964.5415859320734,0.3592093176991866,3831.09467216496,0.700890993273147
C039,83,31,1116,964.5415859320734,0.3592093176991866,3831.09467216496,0.700890993273147
C039,83,32,1152,964.5415859320734,0.3592093176991866,3831.09467216496,0.700890993273147
C039,83,33,1188,964.5415859320734,0.3592093176991866,3831.09467216496,0.700890993273147
C039,83,34,1224,964.5415859320734,0.3592093176991866,3831.09467216496,0.700890993273147
C039,83,35,1260,964.6895957929263,0.3592644387244541,3831.09467216496,0.700890993273147
C039,83,36,1296,964.6895957929263,0.3592644387244541,3831.09467216496,0.700890993273147
C039,83,37,1332,964.6895957929263,0.3592644387244541,3831.09467216496,0.700890993273147
C039,83,38,1368,964.6895957929263,0.3592644387244541,3831.09467216496,0.700890993273147
C039,83,39,1404,964.6895957929263,0.3592644387244541,3831.09467216496,0.700890993273147
C039,83,40,1440,964.6895957929263,0.3592644387244541,3831.09467216496,0.700890993273147
C039,83,41,1476,968.4202267994505,0.3606537799804312,3831.09467216496,0.700890993273147
C039,83,42,1512,968.4611593193484,0.36066902384628285,3831.09467216496,0.700890993273147
C039,83,43,1548,968.4611593193484,0.36066902384628285,3831.09467216496,0.700890993273147
C039,83,44,1584,968.4611593193484,0.36066902384628285,3831.09467216496,0.700890993273147
C039,83,45,1620,968.4611593193484,0.36066902384628285,3831.09467216496,0.700890993273147
C039,83,46,1656,968.4611593193484,0.36066902384628285,3831.09467216496,0.700890993273147
C039,83,47,1692,969.1787298588456,0.36093625755362446,3831.09467216496,0.700890993273147
C039,83,48,1728,969.1787298588456,0.36093625755362446,3831.09467216496,0.700890993273147
C039,83,49,1764,970.329718492655,0.3613649024641813,3831.09467216496,0.700890993273147
C039,83,50,1800,970.329718492655,0.3613649024641813,3831.09467216496,0.700890993273147
C039,83,51,1836,970.329718492655,0.3613649024641813,3831.09467216496,0.700890993273147
C039,83,52,1872,971.123750740423,0.36166061162396446,3831.09467216496,0.700890993273147
C039,83,53,1908,971.1358469629429,0.3616651164331935,3831.09467216496,0.700890993273147
C039,83,54,1944,971.1358469629429,0.3616651164331935,3831.09467216496,0.700890993273147
C039,83,55,1980,971.1358469629429,0.3616651164331935,3831.09467216496,0.700890993273147
C039,83,56,2016,971.1358469629429,0.3616651164331935,3831.09467216496,0.700890993273147
