case,seed,member,d1,d2,d3,d4,d5,w1,w2,pitch_mm,height_mm,thickness_mm,surrogate_objective_1,surrogate_objective_2,surrogate_feasible,surrogate_violation,arc_length_mm,radius_1_mm,radius_2_mm,radius_min_mm,aspect_ratio_H_over_P,thickness_ratio_t_over_H,thickness_ratio_t_over_P,curvature_index_t_over_Rmin,core_material_fraction,board_material_fraction,geometry_feasible,trust_distance,predicted_potential_number,predicted_potential_std,predicted_stress_utilization,predicted_stress_upper
C037,83,1,0.1,10.0,10.0,10.0,9.377024230218801,0.0,0.0,7.9,4.0,0.15,0.1307692767598823,1697.8144636714335,True,0.0,11.748727637415211,0.9010079034003046,0.9010079034003046,0.9010079034003046,0.5063291139240506,0.0375,0.018987341772151896,0.1664802266816046,0.05576927675988233,0.1307692767598823,1.0,0.955330503638332,0.0005889925085439272,1.561654338571551e-05,0.4784664253375534,0.49552339576884313
C037,29,0,0.1,10.0,9.515720926462567,10.0,10.0,0.017773143968364404,0.015150698386301203,7.9,4.0,0.15,0.13078325115808892,1694.7440609143039,True,0.0,11.751671577304071,0.9019327840268613,0.9019327840268287,0.9019327840268287,0.5063291139240506,0.0375,0.018987341772151896,0.166309510704667,0.05578325115808894,0.13078325115808892,1.0,0.99974703015367,0.0005900595984154128,1.6315214782453025e-05,0.4747233531685395,0.4917803235998292
C037,3,31,0.1,10.0,9.949162664698088,10.0,10.0,0.30984396259394026,0.29801761684917044,7.9,4.0,0.15,0.1308249199714018,1593.4978357597763,True,0.0,11.760449807308646,0.9614330307843061,0.933813173801744,0.933813173801744,0.5063291139240506,0.0375,0.018987341772151896,0.1606317025806344,0.0558249199714018,0.1308249199714018,1.0,1.7633889613392304,0.0006275502718352938,3.213257014438585e-05,0.47456385050593575,0.4916208209372255
C037,3,29,0.1,10.0,9.556738012695215,6.162217635624042,10.0,0.1153397726474601,0.13330196816230938,7.9,4.0,0.15,0.1313370540366562,1583.142831378651,True,0.0,11.868339383722242,1.0292711644708237,1.1059366014047507,1.0292711644708237,0.5063291139240506,0.0375,0.018987341772151896,0.14573419053969036,0.05633705403665621,0.1313370540366562,1.0,0.8867313907895314,0.0006316549462117504,2.8481097749912884e-05,0.4834982858784101,0.5005552563096998
C037,47,28,0.1,10.0,10.0,10.0,10.0,0.0,0.0,7.6168136643011035,4.0,0.15,0.13191112533056126,1573.8409571251425,True,0.0,11.559504988495249,0.9025829713369663,0.9025829713369703,0.9025829713369663,0.5251539785917854,0.0375,0.01969327419719195,0.16618970749892384,0.05691112533056129,0.13191112533056126,1.0,0.981107944610637,0.0006353882172609427,1.9616797409670206e-05,0.47893727027544564,0.49599424070673537
C037,29,28,0.1,10.0,9.945474714031727,8.844018601693698,10.0,0.0,0.0032963996366693385,7.630361647038908,4.0,0.15,0.13198073643286368,1563.6810543682209,True,0.0,11.59423002392948,0.9470467910645619,0.9513137427405949,0.9470467910645619,0.5242215487325255,0.0375,0.019658308077469704,0.15838710548967397,0.05698073643286366,0.13198073643286368,1.0,1.0727533602278359,0.0006395166055164832,1.9166708992283315e-05,0.481062110833384,0.49811908126467375
C037,47,32,1.8939726944326554,10.0,10.0,2.3206577015446967,6.701910098723042,0.11863675770403553,0.0,7.9,4.0,0.15,0.1321503646329735,1516.5525465773596,True,0.0,12.03967681601309,1.0769723205813349,1.1155249755042402,1.0769723205813349,0.5063291139240506,0.0375,0.018987341772151896,0.13927934556296864,0.05715036463297352,0.1321503646329735,1.0,1.081674138187902,0.000659390274512318,3.550137054419541e-05,0.5017402900409476,0.5187972604722373
C037,47,34,0.1,10.0,10.0,9.071121456444828,10.0,0.07116141439167746,0.0661957001854009,7.516486850427084,4.0,0.15,0.13241885838041334,1478.1622144716587,True,0.0,11.509015839544315,0.9200596166142113,0.9195189283536808,0.9195189283536808,0.532163506648418,0.0375,0.019956131499315674,0.16312877894592342,0.057418858380413336,0.13241885838041334,1.0,1.0679349233315434,0.0006765157370481366,2.1768981481218055e-05,0.4820394424998889,0.4990964129311786
C037,11,12,0.31408333847288183,10.0,9.818928267092105,1.6464992034753863,7.939462575807978,0.0,0.0,7.9,4.0,0.15,0.13252067978413276,1466.150753537681,True,0.0,12.11768987452397,0.9244470970266793,1.1950856012586817,0.9244470970266793,0.5063291139240506,0.0375,0.018987341772151896,0.16225914980148512,0.057520679784132764,0.13252067978413276,1.0,0.8904734904815402,0.0006820581018610098,2.985512504573109e-05,0.5031204549982198,0.5201774254295095
C037,3,22,0.1,10.0,9.994670868257673,5.825033010569189,10.0,0.11470389368383495,0.027524061931848347,7.568067999792316,4.0,0.15,0.13267562649357822,1460.2863416140176,True,0.0,11.639815019573955,1.0944557125484538,1.032176517894708,1.032176517894708,0.5285364772237471,0.0375,0.019820117895890513,0.14532398034587088,0.057675626493578235,0.13267562649357822,1.0,1.111252406728704,0.0006847972014137482,2.5404542750280733e-05,0.48900866143778476,0.5060656318690745
C037,11,32,4.025239523260078,10.0,8.598104715549756,0.1,4.628632497659194,0.056844149172327156,0.018050201850219758,7.9,4.0,0.15,0.13319352489330297,1413.02719325969,True,0.0,12.259435910855823,0.9852932047536593,1.5257932792212876,0.9852932047536593,0.5063291139240506,0.0375,0.018987341772151896,0.1522389470223766,0.058193524893302956,0.13319352489330297,1.0,1.1800491595274933,0.000707700463777428,4.037394446535898e-05,0.5064018942275369,0.5234588646588266
C037,11,29,4.183172828296836,10.0,8.629462118277871,0.1,4.038168200979584,0.0,0.0,7.9,4.0,0.15,0.13323360497231007,1403.0858765391795,True,0.0,12.267879447499991,0.9221828760401692,1.4383920875572074,0.9221828760401692,0.5063291139240506,0.0375,0.018987341772151896,0.1626575421179976,0.05823360497231008,0.13323360497231007,1.0,1.1945122971139122,0.0007127147501951754,3.7784975991662546e-05,0.5062996826227701,0.5233566530540599
C037,83,15,0.1,10.0,10.0,0.1,10.0,0.09294291595376315,0.0,7.787501588219843,4.0,0.15,0.1336555505025649,1402.9068581559227,True,0.0,12.180805138576892,1.07880144820117,1.5594596513596544,1.07880144820117,0.5136435549561623,0.0375,0.019261633310856084,0.1390431948808699,0.0586555505025649,0.1336555505025649,1.0,0.8483021441556029,0.0007128056963913262,3.884028918985644e-05,0.514323063171944,0.5313800336032337
C037,29,15,10.0,10.0,10.0,2.156245256928033,0.1,0.0,0.10178642446857743,7.500167393292933,4.0,0.15,0.13414313303204983,1344.604722353193,True,0.0,11.828890610777774,0.9271558962996653,1.3253455010176274,0.9271558962996653,0.5333214300759505,0.0375,0.019999553627848138,0.16178508986315998,0.059143133032049856,0.13414313303204983,1.0,1.4727479216343498,0.0007437129911680659,5.066579287542149e-05,0.5010770390718599,0.5181340095031496
C037,11,16,0.10138267470993403,10.0,10.0,5.6864870333720425,10.0,0.004676333196041688,0.0,7.23910930743973,3.9994546059213048,0.15,0.134176868679439,1343.6876232351087,True,0.0,11.42014353758428,0.9573138204672151,1.0182058907185967,0.9573138204672151,0.5524788252348962,0.037505113766742294,0.020720781194150915,0.15668843047392003,0.05916664114595443,0.134176868679439,1.0,1.0773238656396236,0.0007442205931705804,3.133770083536763e-05,0.4941280004670558,0.5111849708983456
C037,83,21,0.13985066034111698,10.0,9.651067902615289,0.4857712915510095,10.0,0.1976297397104518,0.14303555725148162,7.644772343540688,3.982438667390625,0.15,0.13441597302704048,1323.9582723048982,True,0.0,11.992271225560716,1.0775849830624353,1.3636082397446638,1.0775849830624353,0.5209362016850004,0.037665363494042974,0.019621251393671622,0.13920015809213349,0.05908524603895453,0.13441597302704048,1.0,1.2464778887638766,0.0007553108137306212,4.3122190378130684e-05,0.5126636721120786,0.5297206425433684
C037,83,24,0.1,10.0,10.0,1.751657878062737,10.0,0.0,0.007757253357111971,7.442945802503294,4.0,0.15,0.13443913034700034,1305.1289858171783,True,0.0,11.797392685884063,0.9940550273705293,1.3515821375963035,0.9940550273705293,0.5374216212423145,0.0375,0.020153310796586794,0.15089707900454913,0.059439130347000345,0.13443913034700034,1.0,0.8812131173097946,0.0007662077931507065,3.6589152455823124e-05,0.5135950395003641,0.5306520099316538
C037,83,19,0.1,10.0,10.0,0.1,10.0,0.07865863018808124,0.0,7.397439153496444,4.0,0.15,0.13527284451843205,1233.7228346746285,True,0.0,11.88972533155341,1.0004923872835019,1.4284467250339619,1.0004923872835019,0.5407276649392074,0.0375,0.02027728743522028,0.14992617825636254,0.06027284451843207,0.13527284451843205,1.0,0.8748022555075831,0.0008105548279518807,4.667893850199205e-05,0.5210492164212549,0.5381061868525446
C037,83,11,0.1,10.0,10.0,0.1,10.0,0.013179312818693709,0.0,7.347149440717565,4.0,0.15,0.13558954889574948,1206.8951603238054,True,0.0,11.870945874206274,0.9386532764610447,1.4621188700960093,0.9386532764610447,0.5444288335598816,0.0375,0.020416081258495557,0.15980341598075185,0.06058954889574947,0.13558954889574948,1.0,0.8308459150599948,0.0008285723838114521,4.3762749453237424e-05,0.5213554499859654,0.5384124204172551
C037,29,7,0.1,10.0,10.0,2.3222501298185136,10.0,0.01470834264669077,0.006707330490345498,7.046528385616512,4.0,0.15,0.13600718409900683,1172.218538923281,True,0.0,11.463702786138239,0.9337452332230722,1.1702595527475923,0.9337452332230722,0.5676554157029814,0.0375,0.021287078088861804,0.16064339036273817,0.06100718409900682,0.13600718409900683,1.0,1.0561884183075805,0.0008530832492365554,4.882419388536872e-05,0.5175345387387853,0.534591509170075
C037,83,10,0.1,10.0,10.0,0.9427137745848739,10.0,0.1828045509238712,0.0,6.899418315404817,3.984573781542057,0.15,0.13734396697720555,1088.4678610405717,True,0.0,11.372870976124418,1.098214812613292,0.9990758286102499,0.9990758286102499,0.5775231475159897,0.0376451806953237,0.021740963243971515,0.15013875394088488,0.06205360558655817,0.13734396697720555,1.0,1.2117289266390143,0.0009187225785830767,5.883644563637719e-05,0.5296705621295521,0.5467275325608418
C037,3,16,0.1,5.404390000262036,9.998609047278237,3.71134716750279,10.0,0.07288901827796329,0.033673151412964855,6.487391750646489,4.0,0.15,0.13918681871925306,1079.6660635401397,True,0.0,11.104134353587307,1.0741459200700938,1.084343057588166,1.0741459200700938,0.6165806157153046,0.0375,0.02312177308932392,0.1396458313505596,0.06418681871925308,0.13918681871925306,1.0,1.3360785439570313,0.0009262123111669167,2.7904611063417764e-05,0.5303468596975909,0.5474038301288806
C037,11,9,0.1,10.0,9.997849483425995,2.1063550621523164,9.982966325064195,0.06646871158474402,0.0,6.665455751313531,3.9245401833757856,0.15,0.1399415205073995,1054.167304765817,True,0.0,11.073815796727768,0.9041041443899109,1.0532115510522155,0.9041041443899109,0.5887879733658714,0.038221038132159976,0.022504087581774163,0.1659100900385983,0.06349944424307956,0.1399415205073995,1.0,1.1328667608120337,0.000948616026582374,5.8958495901562246e-05,0.524681711716015,0.5417386821473047
C037,83,25,6.492803316421845,5.858753372842571,9.625409369280973,0.1002168803539975,3.978375967450039,0.009513865264279997,0.0,6.5098690359908975,4.0,0.15,0.14045714060380743,1042.3253111891,True,0.0,11.363131008032761,0.9239172613259881,1.3270092740033363,0.9239172613259881,0.6144516852620739,0.0375,0.023041938197327774,0.1623522000062245,0.06545714060380743,0.14045714060380743,1.0,1.5163740848445937,0.000959393376775227,3.55330368270804e-05,0.5465840559446297,0.5636410263759194
C037,3,8,0.1,4.433351337613519,9.99172037211302,1.4519343157343705,10.0,0.15429970884618147,0.05936142572301041,6.4152962377368725,3.9950871970179302,0.15,0.14072801297653884,1003.7192402372148,True,0.0,11.214822403286854,1.1975400843528172,1.1282398201451378,1.1282398201451378,0.6227439932574773,0.03754611416540924,0.02338161706666808,0.132950457271313,0.06563578464572037,0.14072801297653884,1.0,1.6846572448845836,0.0009962945412540505,4.1269053616920366e-05,0.5471682228930176,0.5642251933243073
C037,11,10,5.7390191707353395,7.8068726811115035,10.0,0.1,4.306857485429067,0.0693572011862873,0.0,6.367788074912248,3.9890140342779525,0.15,0.14113392820097792,946.3418296762437,True,0.0,11.16422766497173,0.9066583160540885,1.210752537071989,0.9066583160540885,0.6264363680685029,0.03760327707825459,0.02355606032037539,0.1654427002366473,0.06592737404446872,0.14113392820097792,1.0,1.5510303066696687,0.0010567006219540285,6.564273202940181e-05,0.547684077043893,0.5647410474751827
C037,3,15,0.1,4.946139589347335,9.9669382399691,1.1733171529386215,8.238895800494909,0.10407798989393406,0.03721042656738392,6.238046835102969,3.987401011334805,0.15,0.14189923041707306,930.6875950080905,True,0.0,11.054198883559351,0.9144650818787555,0.9936902922609239,0.9144650818787555,0.6392066486094259,0.037618488728272316,0.024045988105750413,0.16403031998972242,0.06666225296052843,0.14189923041707306,1.0,1.724182758119038,0.0010744744051212017,5.092023068510033e-05,0.5561992522972832,0.5732562227285729
C037,83,7,0.6527047773870571,0.1,10.0,0.20099364928286767,8.255163964959435,0.05790568044095112,0.16926505606797726,6.297197534863721,3.996169654406527,0.15,0.14416851518974091,923.8910566128948,True,0.0,11.5919586996248,0.9806368759828945,1.321678781942387,0.9806368759828945,0.634594934061094,0.037535943909337496,0.02382011985006695,0.1529618186646863,0.06909662737106591,0.14416851518974091,1.0,1.2561402958146366,0.0010823786991359463,4.591466817784268e-05,0.5815238868327817,0.5985808572640714
C037,3,26,0.1,1.5937153189887125,10.0,0.48557538776183495,10.0,0.002486549364992692,0.019071327697678882,6.0683239025305244,4.0,0.15,0.14453255300612505,915.4508819570652,True,0.0,11.251894757627717,1.0910621307784654,1.2329356499067108,1.0910621307784654,0.6591605959484097,0.0375,0.024718522348065364,0.13748071330546136,0.06953255300612506,0.14453255300612505,1.0,1.559828688711899,0.0010923578967581356,5.363558887699695e-05,0.5705081925880824,0.5875651630193721
C037,29,16,0.1,2.1778433151559065,8.88003382503921,3.714969375872924,10.0,0.0,0.04302617598528579,5.838701650917351,3.9812573408728387,0.15,0.14483978140334788,905.5906873480711,True,0.0,10.76829577228158,0.9286230356899733,0.9047557208253526,0.9047557208253526,0.68187374161297,0.03767653963486682,0.025690643051856,0.16579060684265615,0.06948670213361426,0.14483978140334788,1.0,1.905326927306006,0.0011042516381527694,2.4328427864323657e-05,0.5499710112553597,0.5670279816866495
C037,3,10,1.4226103327637407,1.0881247586411187,10.0,0.37523347337498203,6.839875041644026,0.0,0.0,5.944784068951326,4.0,0.15,0.14568588417728548,883.8389324044131,True,0.0,11.205661817516408,0.9855922850611918,1.0559914374237298,0.9855922850611918,0.6728587537588409,0.0375,0.02523220326595653,0.15219274975421204,0.07068588417728547,0.14568588417728548,1.0,1.4956473878893333,0.0011314278691928405,4.8338307415771655e-05,0.5762672615641827,0.5933242319954725
C037,83,16,5.917861640647247,1.2359996434492366,10.0,0.1,3.9458290884761293,0.1029217580235875,0.059424212775496255,5.831732937115374,4.0,0.15,0.14664502732658413,847.6425889245627,True,0.0,11.141724417092579,1.1055274127152235,1.1155835571986479,1.1055274127152235,0.6859024655505868,0.0375,0.025721342458147,0.13568184585454418,0.07164502732658412,0.14664502732658413,1.0,1.1424254156278668,0.0011797425153787272,2.162183727390954e-05,0.5925941024543859,0.6096510728856757
C037,3,7,0.1,0.8789272020653351,10.0,0.5428693541694267,10.0,0.01942095461480461,0.0,5.670231515224767,4.0,0.15,0.1478528088350443,799.6067294506424,True,0.0,11.015794470109695,1.075008904200995,1.0803604625980885,1.075008904200995,0.705438567942043,0.0375,0.02645394629782661,0.1395337279661773,0.0728528088350443,0.1478528088350443,1.0,1.7901968403839743,0.0012506147874556217,5.5745106920579015e-05,0.5783678299882349,0.5954248004195246
C037,47,16,0.1,0.1,10.0,0.1,9.237836153797886,0.03444529465981755,0.027633378452296225,5.718815522767976,4.0,0.15,0.14826301320490684,787.0237456278584,True,0.0,11.172737524292707,1.0681252990167436,1.057469749836185,1.057469749836185,0.6994455379920966,0.0375,0.02622920767470362,0.14184802924455933,0.07326301320490686,0.14826301320490684,1.0,1.6264483198792852,0.0012706096932338898,5.680139692999698e-05,0.5935948570183236,0.6106518274496133
C037,3,9,10.0,0.1,10.0,0.1,0.1277140975226841,0.04288763932646234,0.11714413200916467,5.48627013524999,4.0,0.15,0.15018283569536123,742.8817225593052,True,0.0,10.999289230903127,0.964007737150946,1.1360810329011737,0.964007737150946,0.7290927900723456,0.0375,0.02734097962771296,0.1556004108881055,0.07518283569536123,0.15018283569536123,1.0,0.6226424555822546,0.0013461093060075505,1.0344746216604965e-05,0.6281830191577014,0.6452399895889911
C037,3,11,0.1,0.1,10.0,0.7949600130473515,10.0,0.00423914390300776,0.028467632343407073,5.287326416927478,4.0,0.15,0.15150364593448848,679.232755198936,True,0.0,10.786659950418331,1.0109495085352658,0.9857468747673278,0.9857468747673278,0.7565260179878289,0.0375,0.028369725674543583,0.15216888213356544,0.07650364593448848,0.15150364593448848,1.0,1.952898455321636,0.0014722493759994194,6.63483572019755e-05,0.5872643666711703,0.60432133710246
C037,47,26,5.951535134047704,0.1,10.0,0.1,3.197010767628124,0.0,0.009974713003986243,5.112984633941717,4.0,0.15,0.15365798184741683,651.3500941705149,True,0.0,10.724721400605565,0.9192111090581102,0.9303821473450733,0.9192111090581102,0.7823219286533056,0.0375,0.02933707232449896,0.16318340642521256,0.07865798184741682,0.15365798184741683,1.0,0.9154637298113144,0.0015352726727912518,3.7131919960830666e-05,0.6065346363057187,0.6235916067370084
C037,3,25,9.934216293053968,0.1,10.0,0.1,0.1532658994639375,0.01755470601718935,0.0,5.002746111740312,3.9847443976955783,0.15,0.1551818550597043,649.3476639132173,True,0.0,10.617829267167895,0.9573695605423486,0.9364439849046138,0.9364439849046138,0.7965114176680455,0.03764356882884299,0.029983532373946374,0.16018042981532846,0.07989471740201831,0.1551818550597043,1.0,0.24358919697361192,0.001540007080295966,6.879718635268352e-06,0.6292504923466585,0.6463074627779483
C037,3,28,10.0,0.1,10.0,0.1,0.3650612139721706,0.0,0.0,4.944499896944839,4.0,0.15,0.1554139024124705,632.6086461524256,True,0.0,10.602840858437137,0.9179787530863288,0.9179787530864675,0.9179787530863288,0.8089796912467454,0.0375,0.03033673842175295,0.16340247472578884,0.08041390241247048,0.1554139024124705,1.0,0.14861497882124058,0.001580756137435169,8.027175009896682e-06,0.6293000409679681,0.6463570113992578
C037,3,14,9.967692287103759,0.1,10.0,0.1,0.1,0.0,0.0,4.8,4.0,0.15,0.15701897323677588,588.9917258030267,True,0.0,10.498428574307315,0.9010842005837519,0.9010842005835705,0.9010842005835705,0.8333333333333334,0.0375,0.03125,0.16646613036035396,0.0820189732367759,0.15701897323677588,1.0,0.14442078780986708,0.0016978167199829639,4.056402171322501e-06,0.6294227751011312,0.6464797455324209
C037,47,31,9.905399639258544,0.1,10.0,0.1,0.19299191133973836,0.0,0.0,4.8,3.9620444566322166,0.1515025018044225,0.159578135501689,587.2405673073863,True,0.0,10.431531930117833,0.9013580867631293,0.9013580867633088,0.9013580867631293,0.8254259284650451,0.03823846588869459,0.031563021209254694,0.1680824791271178,0.08310120372429983,0.159578135501689,1.0,0.06926929417286125,0.0017028796300384986,2.197319262807121e-06,0.6340067574749295,0.6510637279062192
C037,83,5,9.801578396612628,0.1907576073908749,10.0,0.1,0.31676945802019907,0.0027856748379239647,0.0,4.848571260773176,4.0,0.1555783664980747,0.1622197561772921,575.0661659990179,True,0.0,10.525053287164205,0.906023495838104,0.9094352100450533,0.906023495838104,0.8249852966711149,0.03889459162451867,0.0320874662102554,0.17171559811940545,0.08443057292825472,0.1622197561772921,1.0,0.04884147024944515,0.001738930333803898,1.7843786527992134e-06,0.6237295988399519,0.6407865692712417
C037,3,3,9.640779247737598,0.1,10.0,0.1,0.3004206814301194,0.015603742590775564,0.0,4.869176138177898,3.9933568432460103,0.15884415351273684,0.16562686143448946,562.5335236762842,True,0.0,10.536287315196438,0.9268506944192849,0.9088576485304096,0.9088576485304096,0.8201298802758799,0.039777099755407774,0.032622388060124304,0.17477341338281321,0.0860726619236739,0.16562686143448946,1.0,0.10900528275093216,0.001777671832719894,7.522160826831143e-06,0.6353967361611758,0.6524537065924655
C037,11,7,3.9267842891411013,0.1,9.813185176798287,0.1,5.146160411656415,0.1169941704377247,0.1328883938853474,5.3808282677093855,3.9887727215462725,0.17199153897001207,0.1735944274478367,555.2272418824925,True,0.0,10.901269647647199,0.9648705776646217,1.0129591283084705,0.9648705776646217,0.7412934446325101,0.04311891174971195,0.03196376661974918,0.17825348077905057,0.08735660394841283,0.1735944274478367,1.0,1.5890422574604723,0.001801064365302952,5.863526836946956e-05,0.6154138637399906,0.6324708341712804
C037,47,12,5.361668658999339,0.1,9.886228860292265,0.1,4.253035128863089,0.025997241142929384,0.038792995569366405,5.159720995321668,3.977861041756476,0.17269023876049072,0.17701882300972163,540.8178130175091,True,0.0,10.719673864861413,0.9614549981255586,0.980427172930315,0.9614549981255586,0.7709449881811851,0.04341283844451166,0.033468910221515734,0.17961343910756675,0.09019314612069836,0.17701882300972163,1.0,1.1059180795886077,0.0018490515214735072,4.443575328522508e-05,0.6204138563812577,0.6374708268125474
C037,47,10,9.551497757473985,0.2189160852144211,10.0,0.1323971208565944,0.1,0.0,0.0,4.991283867782069,4.0,0.17850222178345054,0.18421477978373513,502.655435279495,True,0.0,10.621506529842682,0.9225622347004673,0.9290608880419947,0.9225622347004673,0.8013970164709233,0.044625555445862636,0.03576278699267208,0.19348529028115455,0.09496366889200986,0.18421477978373513,1.0,0.39967300174659,0.001989434371567002,2.7475507774582046e-05,0.6135642207350319,0.6306211911663216
C037,11,3,10.0,0.1,10.0,0.1,0.17729515522615813,0.3065863038143879,0.3337075073789909,5.323635770065291,3.83787220119988,0.17963217737687037,0.18678583149327999,486.8185062719072,True,0.0,10.597821593067671,0.9065238072467219,1.1311858808405388,0.9065238072467219,0.7209118668072987,0.04680514825916033,0.03374238680770366,0.1981549474386625,0.09317553497495934,0.18678583149327999,1.0,1.6166853058105215,0.002054153626282771,0.00010937138007410979,0.637623758081068,0.6546807285123577
C037,83,3,1.2836455735565089,0.1,8.750337915352427,0.1,6.143173100509572,0.147056270730486,0.13006817671010018,5.365819431562235,3.9984879577680585,0.19330860170050304,0.19495265986590873,452.1491831832425,True,0.0,10.905998195314698,0.9610537656405703,0.9074236410437252,0.9074236410437252,0.7451775090023699,0.04834542550639747,0.03602592375051691,0.21303015808377893,0.09826180885311378,0.19495265986590873,1.0,1.348672383022866,0.0022116594194857364,7.833900850093453e-05,0.6094305057483953,0.626487476179685
C037,47,30,9.932198057889579,0.2262640263770693,9.848669923966593,0.1,0.1,0.0024487266997609354,0.0,5.022022131371616,3.982401309836435,0.19645490053718978,0.20293656505177055,440.7712845977769,True,0.0,10.615516449835193,0.940166492596203,0.9472277769151266,0.940166492596203,0.7929876065179269,0.04933076434360116,0.03911868474453217,0.20895756452103875,0.10427503636456821,0.20293656505177055,1.0,0.6747655853563814,0.0022687503359311253,4.368791548074866e-05,0.6260372456352651,0.6430942160665548
C037,3,32,10.0,0.1,10.0,0.1,0.1,0.0,0.0,4.8,3.9841266416815238,0.19709843996973594,0.20685508547161655,394.63209986815724,True,0.0,10.47046283157969,0.9001292189267386,0.9001292189266392,0.9001292189266392,0.8300263836836508,0.04947092743180207,0.04106217499369499,0.2189668281235958,0.10791323060801242,0.20685508547161655,1.0,0.6408606012212514,0.0025340057241519135,5.521283451558585e-05,0.6413200649638235,0.6583770353951133
C037,3,33,10.0,0.1,10.0,0.1,0.1,0.0,0.0,4.8,3.979292116941882,0.1986913941965552,0.2086915529956438,389.7342859964095,True,0.0,10.461937480063973,0.9003756342464364,0.9003756342463374,0.9003756342463374,0.8290191910295588,0.04993134164506906,0.04139404045761567,0.22067611187953853,0.10882886970550566,0.2086915529956438,1.0,0.6679681016281466,0.0025658507242783683,5.755427684520236e-05,0.6413200649638235,0.6583770353951133
C037,3,1,4.48668226695274,0.1,10.0,0.14509313613896982,5.39234861379451,0.04802852614211886,0.06951371827762795,4.938131721541042,3.9974320289215353,0.21819361348816488,0.22621002429075512,330.8922462515009,True,0.0,10.588822361537321,0.9119310479304119,0.9461867536968859,0.9119310479304119,0.8095029161502515,0.05458344554942469,0.04418545834578775,0.2392654729580113,0.11704313319190572,0.22621002429075512,1.0,1.558540789824183,0.0030221318611374504,8.510483808603706e-05,0.6382944109748547,0.6553513814061445
C037,3,34,10.0,0.1,10.0,0.1,0.1,0.0,0.0,4.8,3.9689964460604914,0.22327444349759562,0.23490747366465298,322.1259371702068,True,0.0,10.4437864043444,0.9009066995755055,0.9009066995754056,0.9009066995754056,0.8268742595959357,0.05625463427139403,0.04651550906199909,0.247833037097875,0.12239820512186492,0.23490747366465298,1.0,1.0515656189802787,0.003104375912057073,8.993926263439959e-05,0.6513712621533847,0.6684282325846744
C037,47,4,10.0,0.1,9.940462673056992,0.1,0.1,0.28637299837224733,0.2725037152990176,5.504551255977625,3.9618638745447985,0.25,0.25169397937273336,308.7344715592341,True,0.0,10.946951379328388,1.1026385604227478,0.9998352523599633,0.9998352523599633,0.7197432979195976,0.06310161275511364,0.04541696286841083,0.25004119369657346,0.1254907538625061,0.25169397937273336,1.0,2.003965163510038,0.003239029302266103,0.00016904142650561263,0.6652390929510427,0.6822960633823324
C037,11,27,0.1,0.1,10.0,0.1,9.624969898965965,0.08916032294820239,0.12392708159128513,5.35878697977787,4.0,0.25,0.25218243346800684,302.4020737935736,True,0.0,10.904697096397127,0.9661749059553143,1.06063132732499,0.9661749059553143,0.7464375828139014,0.0625,0.046652348925868836,0.2587523216128349,0.12718243346800687,0.25218243346800684,1.0,0.9652192787693339,0.0033068556291800505,7.673854366565161e-05,0.6710057080956232,0.6880626785269129
C037,11,25,0.1,0.1,9.850013011422122,0.27609289989987884,10.0,0.004666829818057196,0.03751495175243848,5.208928054197692,4.0,0.25,0.25431307839259565,300.94932089555795,True,0.0,10.77732034902171,0.9649595091659884,0.9950103567316797,0.9649595091659884,0.767912314852677,0.0625,0.04799451967829231,0.2590782282834585,0.12931307839259565,0.25431307839259565,1.0,1.2509043184452189,0.0033228185962481103,7.671785702070498e-05,0.6613037927830051,0.6783607632142948
C037,29,1,10.0,0.1,9.061317095285693,0.1,0.1,0.2318455641553468,0.2235631582651345,5.31742033214772,3.9601488001945544,0.25,0.25454451792453875,299.90752245955554,True,0.0,10.805724841549115,0.9817232036843621,0.9365150471689428,0.9365150471689428,0.7447500014720558,0.0631289410104282,0.04701527891044572,0.2669471256823289,0.1282866359036824,0.25454451792453875,1.0,1.9221970624034275,0.0033343611784024405,0.00016260498049035116,0.6583912803937945,0.6754482508250842
C037,3,18,9.918584539125161,0.1,10.0,0.1,0.2440392928431654,0.0,0.0,4.868708116591315,4.0,0.24445982403278205,0.2546332922908604,286.7350797155908,True,0.0,10.54788310933236,0.9116976414653463,0.9116976414649693,0.9116976414649693,0.8215731779789839,0.06111495600819551,0.050210408629698985,0.2681369490437308,0.1324033802744694,0.2546332922908604,1.0,1.3464840892850658,0.003487539791056917,0.00010456962345854002,0.6611595794131419,0.6782165498444316
C037,11,1,10.0,0.1,10.0,0.1,0.19587741397265113,0.19385022653607323,0.20404418532788032,5.0869604726951465,3.9429540689897102,0.25,0.25900404777891173,277.1619490193188,True,0.0,10.606130758773523,0.9374229338335641,0.9852605297760314,0.9374229338335641,0.7751100269314015,0.06340423845313944,0.049145260974977914,0.2666885895117076,0.13219557087263284,0.25900404777891173,1.0,1.902990379080624,0.0036079988740817296,0.0001626259196956445,0.6657941777504492,0.682851148181739
C037,3,20,10.0,0.1,9.998411976727928,0.1,0.1,0.0,0.0,4.8,3.977365383861211,0.24702120527424326,0.2595355234092521,276.365093570261,True,0.0,10.458539130729,0.9003864742014932,0.9003864742014666,0.9003864742014666,0.828617788304419,0.062106741884105206,0.051462751098800684,0.27435019555721457,0.13532203964104167,0.2595355234092521,1.0,1.4088341828583935,0.0036184019735682263,0.00010774485396621159,0.6627164344891828,0.6797734049204726
C037,3,30,10.0,0.1,10.0,0.1,0.1,0.0,0.0,4.8,3.986181935400525,0.25,0.262287425371911,271.77747205738837,True,0.0,10.47408762048432,0.9000250309375034,0.9000250309374044,0.9000250309374044,0.8304545698751093,0.06271665569998135,0.052083333333333336,0.277770052394673,0.13685411397194833,0.262287425371911,1.0,1.4466775687588493,0.003679480835662643,0.00010867324800667106,0.6631616699165442,0.680218640347834
C038,29,1,0.5892726178310798,8.962588013871951,9.480826831922478,9.995233482727285,8.63075165160209,0.0,0.0,7.9,4.0,0.15000777361044945,0.1308073383336975,0.475341830365364,True,0.0,11.755317913583802,0.9364968127964591,0.935802449609304,0.935802449609304,0.5063291139240506,0.03750194340261236,0.018988325773474615,0.1602985477042483,0.05580345152847278,0.1308073383336975,1.0,0.8365543314310648,0.0005837148689795894,1.4290557151903927e-05,0.475341830365364,0.4923988007966537
C038,3,32,0.1,9.223366824250594,9.4053802576571,10.0,9.920866587484042,0.0,0.0,7.9,4.0,0.15,0.13084560540915824,0.474442405868942,True,0.0,11.764807539529336,0.9250660903202412,0.9247347375259226,0.9247347375259226,0.5063291139240506,0.0375,0.018987341772151896,0.1622086787842715,0.05584560540915824,0.13084560540915824,1.0,0.8957143624911322,0.0005832192492320035,1.3909599631314601e-05,0.474442405868942,0.4914993763002317
C038,3,24,1.7562865711530593,8.947777857192344,9.854382878627014,9.916378036190624,10.0,0.03258927863771943,0.0,7.891300788274337,4.0,0.15,0.1311409792210771,0.47368228323266476,True,0.0,11.814009428847436,0.9219648453770979,0.9053741581836138,0.9053741581836138,0.5068872809845988,0.0375,0.019008273036922457,0.16567735962437238,0.056140979221077095,0.1311409792210771,1.0,0.8474384650753553,0.0005834492529193155,1.3003163754266492e-05,0.47368228323266476,0.4907392536639545
C038,29,16,9.21069964859375,8.155315558934861,10.0,10.0,3.362747124474074,0.0,0.0,7.9,4.0,0.15001365082512116,0.13130895690770913,0.47138553882903167,True,0.0,11.859903051894525,0.9390320961839725,0.9300535548954235,0.9300535548954235,0.5063291139240506,0.03750341270628029,0.01898906972469888,0.1612957125269941,0.056302131495148545,0.13130895690770913,1.0,1.2431090774450104,0.0005709987968749497,2.394737547082524e-05,0.47138553882903167,0.4884425092603214
C038,3,21,0.1,10.0,9.55662265627391,10.0,9.173349783675784,1.0,1.0,7.880627983375599,3.928927298021254,0.15,0.13261889665505497,0.4708868845466469,True,0.0,11.613418944954066,0.9038728596232798,0.9038728596232798,0.9038728596232798,0.49855510326200325,0.03817835979697188,0.019034016110953227,0.16595254343903817,0.05626217706111123,0.13261889665505497,1.0,2.287845569624166,0.0005322049649061274,5.638685050675225e-05,0.4708868845466469,0.48794385497793663
C038,3,20,0.1,10.0,10.0,9.840620493428776,9.99654811543519,0.0,0.0,7.9,3.9093896002247783,0.15,0.13321130372754553,0.46838916186245083,True,0.0,11.627477299042136,1.001290920453126,1.0012909204531013,1.0012909204531013,0.4948594430664276,0.03836916126020682,0.018987341772151896,0.14980661158110015,0.056472981207131866,0.13321130372754553,1.0,0.9602364453756584,0.0005760938102983271,1.2540634861570316e-05,0.46838916186245083,0.48544613229374056
C038,29,22,0.1,10.0,10.0,10.0,10.0,0.0,0.0,7.9,3.894269152909149,0.15,0.13360162999027042,0.4669051114227586,True,0.0,11.601450539673243,0.9972277041802599,0.9972277041802527,0.9972277041802527,0.4929454623935631,0.03851813886257579,0.018987341772151896,0.1504170004214874,0.05656535226511883,0.13360162999027042,1.0,0.9498409708733021,0.0005734986281524862,1.2320520367085815e-05,0.4669051114227586,0.4839620818540483
C038,29,33,2.179988309096965,8.236326882516579,10.0,10.0,10.0,0.0,0.0,7.881573825964978,3.889978068072097,0.15,0.13420501718244948,0.46576594165937635,True,0.0,11.667596761048696,0.9760669961444166,0.966937052309859,0.966937052309859,0.49355346457036187,0.038560628716948306,0.019031731899261224,0.1551290227648985,0.05708375974855286,0.13420501718244948,1.0,0.7446432947397404,0.0005650326203874621,1.0355206289702129e-05,0.46576594165937635,0.4828229120906661
C038,29,28,1.9745412389200485,8.49430873253493,8.909248189316445,9.981738129484256,7.348742505016385,0.0,0.0,7.893953800012896,3.8456459408322092,0.15002978289164726,0.13495821941517172,0.46303913640442323,True,0.0,11.51983097387106,0.9559208309432049,0.9544804089077262,0.9544804089077262,0.48716347197597315,0.03901289541469862,0.019005657582060104,0.15718476931688524,0.0569324285857745,0.13495821941517172,1.0,0.8589102698725898,0.0005603676314548286,1.4438751464974986e-05,0.46303913640442323,0.48009610683571297
C038,29,21,0.1,7.54491370675346,7.854522586164472,9.448541209347745,8.197652621830713,0.21845577680016734,0.22043603418171093,7.9,3.7901721440819327,0.15001173970446482,0.13642013023311278,0.4610516847043864,True,0.0,11.429473175297463,0.9270748351594292,0.9270748351593212,0.9270748351593212,0.479768625833156,0.03957913625076286,0.01898882781069175,0.16181189912105073,0.05726185773158703,0.13642013023311278,1.0,1.331808307654498,0.0005865558048529524,2.051131149977701e-05,0.4610516847043864,0.47810865513567613
C038,29,13,4.363772739037119,8.797035451728332,9.089664686694535,10.0,6.3525974066011415,0.2666436808488861,0.25192784988769523,7.8975899053966065,3.6778511860940073,0.15,0.1399252060048438,0.45985711272893715,True,0.0,11.300086707461777,0.9391542434425009,0.9067116249969778,0.9067116249969778,0.46569285442142877,0.04078468442854662,0.018993136108207076,0.16543297324604167,0.05835583714775055,0.1399252060048438,1.0,1.6383225578170235,0.0005658995466621961,2.0662063251807153e-05,0.45985711272893715,0.4769140831602269
C038,3,23,0.1,9.615903680550689,8.741584960662236,10.0,9.096718339884067,0.0,0.0,7.9,3.594434757315528,0.15007349701654282,0.14227796884206906,0.4581944496234683,True,0.0,11.121010064578837,0.9441422290776355,0.9441422290776225,0.9441422290776225,0.45499174143234533,0.04175162637494188,0.018996645191967445,0.15895221333670964,0.0587747160921853,0.14227796884206906,1.0,1.0284427340984441,0.0005302029049456019,1.1162772157948678e-05,0.4581944496234683,0.475251420054758
C038,47,26,0.1,7.812454184842469,7.415120957426913,8.350480593424727,7.174869701789061,1.0,1.0,7.896385634694618,3.5078583129307503,0.15009512351277804,0.14513406344425542,0.45780053883479843,True,0.0,10.991088670964999,0.9914866052015887,0.9914866052015887,0.9914866052015887,0.44423594226682067,0.04278825144091306,0.01900807919680366,0.1513839145434151,0.059557560562429286,0.14513406344425542,1.0,2.0594626369082554,0.0004910427836201524,6.072971180588809e-05,0.45780053883479843,0.47485750926608816
C038,47,30,10.0,7.876554357948766,8.663021544612112,9.819374879523417,0.3460271749602168,0.0,0.0,7.8763246512244,3.495710201425702,0.15001128483302997,0.14590709390229814,0.4527031943506543,True,0.0,11.02740834277213,0.9895918996032421,0.9857335037488663,0.9857335037488663,0.44382505244781684,0.04291296365809982,0.019045848346247413,0.15218239439211362,0.06008116658609848,0.14590709390229814,1.0,0.996129287126334,0.0005107345912141124,1.9605518648589814e-05,0.4527031943506543,0.46976016478194405
C038,3,11,6.53250835321868,4.709054011958313,5.0977260511624305,4.779874178691413,0.1,0.027811215532243277,0.09297580917880716,7.9,3.4450640405030692,0.15,0.1478365693107609,0.45253896242746156,True,0.0,11.023472970335678,0.9923418720680494,1.039995989656971,0.9923418720680494,0.4360840557598822,0.04354055490303631,0.018987341772151896,0.151157584117053,0.060755459504688275,0.1478365693107609,1.0,0.8124277410116919,0.0005070552728426547,1.4157051272940778e-05,0.45253896242746156,0.4695959328587513
C038,47,9,0.24811619837229282,8.353393082220508,8.451032746133775,9.414473608009525,9.276271536591645,0.0,0.0,7.89472697698317,3.3739776890076523,0.15000190902980176,0.1499561219633941,0.448184606737397,True,0.0,10.83904807552976,1.034479400490324,1.0335967726242652,1.0335967726242652,0.4273710413095195,0.04445847686500856,0.01900026555283389,0.14512613913156122,0.061039168233376975,0.1499561219633941,1.0,0.7645320403085899,0.000495372420896845,4.593810014958181e-06,0.448184606737397,0.46524157716868675
C038,3,25,0.1,9.604993952115711,8.69185257126093,10.0,8.701602698307816,0.0,0.0,7.9,3.366038653206335,0.15,0.1499607504127366,0.4461400995779622,True,0.0,10.78474727059656,1.0214742407230935,1.02147424072308,1.02147424072308,0.42608084217801706,0.04456276812422128,0.018987341772151896,0.1468465811666657,0.060835214164294035,0.1499607504127366,1.0,0.7552420648090022,0.0004975630803453811,8.783033858217176e-06,0.4461400995779622,0.4631970700092519
C038,47,14,10.0,10.0,10.0,10.0,3.172246028815583,0.0,0.0,7.887116231866994,3.357905333751457,0.15,0.15086522191138707,0.4427882082878861,True,0.0,10.86272187384772,0.9944412713163718,0.9944412713163303,0.9944412713163303,0.4257456382073112,0.04467070542230557,0.01901835798919028,0.15083847013051535,0.06152381106677594,0.15086522191138707,1.0,0.8582895685734723,0.0004902039191239773,1.3470332696169196e-05,0.4427882082878861,0.45984517871917585
C038,29,10,6.331623240394257,6.594161285189466,6.980084795696043,10.0,0.8151268194056982,0.1811003763605142,0.1500205089731088,7.871240854853524,3.2866595874094986,0.15000866587453243,0.15310598961346364,0.440065823376821,True,0.0,10.661763594313648,0.9736454080895834,0.9245661118316816,0.9245661118316816,0.41755291802345185,0.045641680218171686,0.019057816758590845,0.1622476358963086,0.06182262917712024,0.15310598961346364,1.0,1.4925966393545833,0.0005006978122000164,2.192847156555959e-05,0.440065823376821,0.4571227938081107
C038,83,2,0.1,10.0,9.390732259891779,9.715700945904505,10.0,0.0,0.0,7.9,3.189125590870958,0.15,0.1570183957768212,0.43946919785913446,True,0.0,10.57290623502655,1.124562118638335,1.124562118638292,1.124562118638292,0.40368678365455163,0.0470348362665249,0.018987341772151896,0.13338525059125392,0.0629487232437714,0.1570183957768212,1.0,0.5099964126754857,0.0004695211842447905,3.7944064467512936e-06,0.43946919785913446,0.4565261682904242
C038,11,11,0.1,10.0,8.421868714666363,10.0,8.907472843449844,0.12773054259518063,0.03725710192214361,7.884589222479166,3.173697021114431,0.15,0.15744867854502342,0.4350263658474113,True,0.0,10.496722202691467,0.9855841337552871,0.9291209062695172,0.9291209062695172,0.4025190065788259,0.047263490812783415,0.019024453369409042,0.16144292845832095,0.06292169691945657,0.15744867854502342,1.0,0.639153819512101,0.00047582651292452744,9.653114807730262e-06,0.4350263658474113,0.452083336278701
C038,3,29,3.000570393179826,9.288011866192955,8.72971531721553,10.0,8.492018954678338,1.0,1.0,7.879558205674436,3.171840948618522,0.15141859207386935,0.15943787982209776,0.4331338705948564,True,0.0,10.557228901583786,0.958529484321743,0.9585294843216681,0.9585294843216681,0.4025404554197381,0.047738393736236645,0.01921663475559147,0.15796967599909065,0.06396109234962447,0.15943787982209776,1.0,1.813637348244303,0.0004891434251720558,5.9632735531625686e-05,0.4331338705948564,0.45019084102614615
C038,83,3,1.16065424276978,9.310799679504019,7.896213059669305,10.0,7.884425639982233,1.0,1.0,7.872191209035209,3.1504046728438238,0.15090992990367266,0.15944347332210632,0.4308791128696409,True,0.0,10.45861091023731,0.9388384087027302,0.9388384087025337,0.9388384087025337,0.40019412501413665,0.047901760432398195,0.01917000310288039,0.1607411121070652,0.0636399524573099,0.15944347332210632,1.0,1.8741286803796535,0.00048207853141368285,6.631140503256804e-05,0.4308791128696409,0.44793608330093065
C038,3,27,1.4619391229806094,9.453794577273376,8.777887128520824,10.0,8.938306478006115,0.1368738510027901,0.0,7.9,3.1288537789353428,0.15053036956206564,0.1601106950345384,0.4302161502054272,True,0.0,10.49108891346863,1.010616991481679,0.9185199868540627,0.9185199868540627,0.3960574403715624,0.04811038808380707,0.019054477159755143,0.16388360810485267,0.06388991886692426,0.1601106950345384,1.0,0.6257953429940638,0.00046395018830025297,7.98857995448062e-06,0.4302161502054272,0.4472731206367169
C038,29,14,4.636052210782324,8.69554168288877,9.282633934631425,9.972889377561225,7.092692806942257,0.22044599750624827,0.12585219242844925,7.849209028818896,3.075496964615225,0.15,0.1623536041876866,0.4301312844372117,True,0.0,10.429925184335449,1.0511912545440005,0.9065863428944353,0.9065863428944353,0.39182253311427073,0.04877260544419574,0.01911020581172765,0.16545583459938165,0.06480839329929514,0.1623536041876866,1.0,1.0498467594374012,0.00046173270272653144,6.508049606527506e-06,0.4301312844372117,0.44718825486850144
C038,47,17,3.6173394110605024,7.400539362776856,9.192441842483014,10.0,7.499705914520611,0.38003702584394755,0.4060800655470849,7.889930632977156,3.0698982133282917,0.15,0.16251482863440966,0.4296997949540352,True,0.0,10.462257474059335,1.0904257500474441,1.1835382420045446,1.0904257500474441,0.3890906468172469,0.04886155487135011,0.019011573989390015,0.13756094809158123,0.06479171889170944,0.16251482863440966,1.0,1.4451265586482767,0.00045706186740706114,1.6606696701380262e-05,0.4296997949540352,0.44675676538532494
C038,3,8,0.813426307489812,10.0,8.694623473661757,10.0,10.0,0.2917236906858166,0.26562409204335247,7.856168002979967,3.0795590618311506,0.15130532468506278,0.16320913635530204,0.42969275784101174,True,0.0,10.38460205010925,0.9658225607822881,0.9146334572673208,0.9146334572673208,0.3919925160285556,0.04913213925992847,0.01925943088636474,0.16542727961988452,0.06494485783544507,0.16320913635530204,1.0,1.4177341590196118,0.000471022985867923,1.0494418690714997e-05,0.42969275784101174,0.44674972827230147
C038,83,33,2.445112193430899,10.0,10.0,10.0,10.0,1.0,1.0,7.9,3.0374089641178217,0.15,0.1638423965010489,0.4290331855744678,True,0.0,10.409901828634505,1.1409571024907115,1.140957102490594,1.140957102490594,0.3844821473566863,0.049384196126373674,0.018987341772151896,0.13146857114309132,0.06507400424830155,0.1638423965010489,1.0,1.6590594616192482,0.00046214865477881614,4.889769074915613e-05,0.4290331855744678,0.4460901560057575
C038,29,12,5.115083558279121,8.825734952152759,9.899584314700434,9.999662707041761,6.816090459898674,0.9504925352518768,0.9328472875139739,7.897225588741349,3.0252327588699526,0.15000304838899603,0.16450315807525734,0.42840310511341617,True,0.0,10.405922984582459,1.205346362577182,1.0985078078478845,1.0985078078478845,0.383075388296222,0.04958396934886698,0.01899439831158519,0.13655164516570067,0.06533521937752336,0.16450315807525734,1.0,1.8449842774895124,0.00046435536070540484,4.761247142524706e-05,0.42840310511341617,0.4454600755447059
C038,47,31,6.134768356355824,6.585889607757773,7.267538477554261,8.768385679229587,0.1,1.0,1.0,7.872814409663742,3.016511116733195,0.15012651617462514,0.16457133280060404,0.4266647643793176,True,0.0,10.287821076682159,0.9650926527498584,0.9628471001790401,0.9628471001790401,0.3831553698294323,0.049768262195966424,0.01906897690746367,0.15591937302060663,0.0650348084086712,0.16457133280060404,1.0,2.1823653529005442,0.0004884249193869546,6.641625382202898e-05,0.4266647643793176,0.44372173481060734
C038,47,28,3.660342098563837,9.120276602406124,7.633020186535279,10.0,5.1568500464367135,0.8631886639512286,0.8608802651246352,7.822321876969676,3.0110615177018922,0.15039849667541724,0.16518681283761563,0.4244197612196204,True,0.0,10.224805900933456,0.9417967892118292,0.9374501332606563,0.9374501332606563,0.38493193773667117,0.0499486628855742,0.01922683559189983,0.1604335967741542,0.0652894870664672,0.16518681283761563,1.0,2.0082990223129906,0.00047700839199118627,5.975955763446445e-05,0.4244197612196204,0.4414767316509101
C038,11,18,2.151377145931076,9.830150649378812,7.144300320764252,7.356499784827355,5.737646598936156,0.9987787333086531,0.9969775468359872,7.884843920297048,2.9764790351163803,0.15,0.1662466064663264,0.42207619344839803,True,0.0,10.241336697005647,1.032444911828166,1.0324449118282173,1.032444911828166,0.37749371645193536,0.05039511390146076,0.019023838837681013,0.14528620198669265,0.06545637866340488,0.1662466064663264,1.0,1.2846531833504267,0.00045729051814525625,5.2654143316196585e-05,0.42207619344839803,0.43913316387968776
C038,11,29,1.8566665733755392,6.857282537795367,6.314858192828067,7.82126259475611,6.073234250512399,0.9911290358575875,0.9939757740846049,7.885413255910478,2.9698745876903603,0.15001909753982892,0.1667476535546804,0.41891758656364314,True,0.0,10.259268396745044,0.9990990964172488,1.0021668704424127,0.9990990964172488,0.3766289085057531,0.050513613659523976,0.019024887177267816,0.1501543721516661,0.06572042623563248,0.1667476535546804,1.0,1.8536293964117583,0.00047203959318113057,6.036641800393249e-05,0.41891758656364314,0.43597455699493287
C038,11,6,0.6768189341745338,5.716437764831474,5.400491508933806,7.920342623359555,5.845323576474017,0.9873065463356071,0.9907711897637358,7.9,2.9607011423858385,0.15090109630367574,0.16797037601953843,0.41767773054587043,True,0.0,10.235262573713385,0.9472533650303329,0.9472533650302034,0.9472533650302034,0.3747722965045365,0.05096802718226206,0.01910140459540199,0.15930383767901865,0.06603432165501434,0.16797037601953843,1.0,2.194329117398793,0.00048344975494072696,6.95322762990154e-05,0.41767773054587043,0.43473470097716016
C038,47,10,10.0,9.06007442641368,9.345136351074155,9.236347311452713,4.185300417076181,1.0,1.0,7.869571681631594,2.930159916464788,0.15011771892782416,0.1694742385723104,0.4175249885028662,True,0.0,10.293253318141238,1.0549394935603502,1.05484798991022,1.05484798991022,0.3723404570167508,0.051231920170739305,0.019075716570218764,0.1423121818155059,0.06701039823083174,0.1694742385723104,1.0,1.783787373002735,0.000489647000608852,5.378753540954418e-05,0.4175249885028662,0.4345819589341559
C038,47,6,1.7896893352848111,10.0,7.289875283315862,8.68645870378888,6.4303535193948065,1.0,1.0,7.894028807684498,2.852315136282836,0.15014154318109585,0.17237467691927197,0.4135640642808808,True,0.0,10.062433799946625,1.0001518901268154,1.0001518901268143,1.0001518901268143,0.36132565585600973,0.05263848348004131,0.019019634566691663,0.15011874162639302,0.06709770995918934,0.17237467691927197,1.0,1.5029167640140784,0.0004569299207070524,5.895700427264856e-05,0.4135640642808808,0.43062103471217056
C038,29,3,10.0,6.425480141168992,7.2168983475541735,9.893360193110267,1.5322085733519342,0.6541994042794204,0.6569007403078313,7.9,2.855022810796664,0.15001062667532103,0.17289911513974263,0.4097142056034305,True,0.0,10.196053320912469,0.9290480288499601,0.929048028849979,0.9290480288499601,0.3613952925059068,0.052542706877169276,0.01898868692092671,0.16146703078528088,0.06781370138540407,0.17289911513974263,1.0,1.7690518828115516,0.00045814615469763544,3.621451222113287e-05,0.4097142056034305,0.42677117603472026
C038,83,26,3.3093389853266078,9.722983295023782,7.83584343090881,9.645186786700044,8.591680494607528,1.0,1.0,7.840435957310799,2.7391952594761935,0.15,0.17892319595661973,0.4079158161061017,True,0.0,9.936736987218744,0.906725657008162,0.9067256570079307,0.9067256570079307,0.3493677232223339,0.05476060878868634,0.019131589214772274,0.16543041309206938,0.06940197837924707,0.17892319595661973,1.0,1.6512286855731424,0.0004723439890459712,5.431108573677345e-05,0.4079158161061017,0.42497278653739146
C038,29,34,2.51091162445341,9.091437951140005,7.323995590127469,9.905132981894367,7.943093058385992,1.0,1.0,7.9,2.7189794841697856,0.15005151302860414,0.17975867187124733,0.40497207493916487,True,0.0,9.93253035128162,0.9174980551045944,0.9174980551044243,0.9174980551044243,0.3441746182493399,0.05518670291637781,0.01899386240868407,0.16354423008725197,0.06938526603849171,0.17975867187124733,1.0,1.8104344481849617,0.00046785614627741813,5.9218016182923614e-05,0.40497207493916487,0.4220290453704546
C038,83,18,0.1,8.065639993812916,7.0014916111100325,10.0,9.547675979914064,1.0,1.0,7.89441678008141,2.714932169827796,0.15097079330174387,0.18110501029213438,0.4044305740194816,True,0.0,9.922024020326711,0.9408231019065345,0.9402072557383158,0.9402072557383158,0.3439053505102373,0.05560757464939528,0.019123742450824467,0.1605718232659151,0.06988986099334382,0.18110501029213438,1.0,2.0345860236930573,0.0004718289286330593,6.063933722139746e-05,0.4044305740194816,0.42148754445077136
C038,11,4,1.2782029271599813,10.0,7.491695433872333,9.149460565755565,7.403549385997169,1.0,1.0,7.9,2.6933872441376168,0.15085354106219712,0.1819753926290669,0.40374222691824624,True,0.0,9.867469007642702,1.0498637643236428,1.0498637643234738,1.0498637643234738,0.340935094194635,0.05600885702215398,0.019095384944581913,0.14368868246386832,0.06995767858475894,0.1819753926290669,1.0,1.588877332171113,0.0004559546192625717,5.568238952484818e-05,0.40374222691824624,0.42079919734953597
C038,83,25,4.400761147630833,10.0,7.89188269418946,9.823389826792154,5.291389285123416,0.9934262849683593,0.9949052669271662,7.876174043104595,2.6718492326848944,0.15091182771143033,0.1834875018638834,0.40156928042532475,True,0.0,9.834127110326436,1.0390022660646907,1.0402073935789335,1.0390022660646907,0.33923186791739773,0.05648216443701866,0.019160550145987453,0.14524687061850375,0.0705231729898461,0.1834875018638834,1.0,1.6631614212583836,0.0004693200691080021,5.743440742186396e-05,0.40156928042532475,0.4186262508566145
C038,29,2,5.639001409742647,8.259988839439924,7.765875543964378,10.0,6.509899824193599,1.0,1.0,7.84213924246694,2.636461206164089,0.15000442731428734,0.18511934886944853,0.399834411157411,True,0.0,9.831197321448895,0.9698944310670434,0.9688272203914239,0.9688272203914239,0.33619158301692237,0.05689612536819224,0.019127998455061825,0.15483093802183098,0.07132709813306407,0.18511934886944853,1.0,1.9302664043255342,0.0004859051962353771,5.5259652959540794e-05,0.399834411157411,0.4168913815887007
C038,83,9,3.518037169809875,6.9286603191178235,6.670098133953178,9.517468560271924,6.264276358537101,0.9230838329069107,0.9180665882890202,7.890694828840965,2.6405210114419333,0.150737055166455,0.18548374921508753,0.39937509962608375,True,0.0,9.856998263847867,0.9740097151131302,0.9522764446675693,0.9522764446675693,0.33463732519355205,0.05708610327783025,0.019103140906615978,0.15829127771723459,0.07131154265942703,0.18548374921508753,1.0,2.160605096116787,0.0004715612577389166,5.397140683579406e-05,0.39937509962608375,0.4164320700573735
C038,47,3,4.2505917223305305,9.547686056396778,5.532550320998631,5.437177306554872,2.78931915242405,1.0,1.0,7.885769969250792,2.5705886413143064,0.15,0.1887605707191373,0.3949571031314409,True,0.0,9.73765257144079,0.9760525263477889,0.9838749874706332,0.9760525263477889,0.3259781418095983,0.05835239352933073,0.01902160481283366,0.15368025382944575,0.07205578366047584,0.1887605707191373,1.0,1.0545011940879312,0.0004563148296947721,4.4828317377962044e-05,0.3949571031314409,0.4120140735627306
C038,83,6,2.4546427601001057,7.414482210669627,6.200045864670351,9.242383404846302,5.377807678870582,0.9647693095694951,0.97924614988157,7.890024484274467,2.579774887659433,0.15121110460159742,0.18943452404552277,0.3928977715960798,True,0.0,9.719682499015804,0.9509610152525447,0.9855211760803828,0.9509610152525447,0.3269666517260064,0.058614069516269914,0.019164846053770154,0.1590087313531361,0.07220638501298295,0.18943452404552277,1.0,2.073282693395856,0.0004760548671705072,6.134941437726358e-05,0.3928977715960798,0.40995474202736953
C038,47,12,6.303679124054431,7.661140090963898,7.080081563367982,10.0,4.2581485866464925,1.0,1.0,7.855909647716065,2.5667115667972396,0.1502300717586449,0.18955592077816244,0.39177372969241336,True,0.0,9.730343495863437,0.9733505497549612,0.9714607372474081,0.9714607372474081,0.32672366179051654,0.05853017288814536,0.019123192411246864,0.15464348274570033,0.07249557500187173,0.18955592077816244,1.0,2.099242092532517,0.0004927514188347062,5.993272586982128e-05,0.39177372969241336,0.4088307001237031
C038,83,12,2.4921100853605145,9.823918582432357,7.22003058064424,9.530021364985998,7.187433663606877,1.0,1.0,7.887435244523134,2.5362631323230116,0.15004540910137207,0.19086367637803903,0.3883421676066093,True,0.0,9.671783725102316,0.9814048199398857,0.9814048199396592,0.9814048199396592,0.321557395236194,0.0591600324071827,0.01902334592294249,0.15288839636083862,0.0725436115636736,0.19086367637803903,1.0,1.7135848932624087,0.0004615495423092135,5.405706676432235e-05,0.3883421676066093,0.405399138037899
C038,47,4,6.497579065671081,10.0,8.03866934103284,8.440508461734925,5.920644140871449,0.988726314921294,0.9968941926417514,7.89606207262042,2.5107702957108944,0.15,0.19304287439526246,0.38726691064863095,True,0.0,9.721964039089086,1.025745846654649,1.0616774323178606,1.025745846654649,0.31797752761050163,0.059742621719016835,0.018996811147182432,0.14623505470600498,0.07355763095722882,0.19304287439526246,1.0,1.5227752772128396,0.0004648080210630349,3.944988707256959e-05,0.38726691064863095,0.4043238810799207
C038,83,17,0.39678411161901805,9.493896227523576,7.622636141766374,10.0,10.0,1.0,1.0,7.8653088161408995,2.4857227898851675,0.1501826053327605,0.1946344169995759,0.3854330550606039,True,0.0,9.60715750141937,1.03501178390033,1.0350117839001083,1.0350117839001083,0.316036261002754,0.060418082798242546,0.019094304984511385,0.1451023144556343,0.0737982514030908,0.1946344169995759,1.0,1.859548264974133,0.0004613332951555143,4.857841486063748e-05,0.3854330550606039,0.4024900254918936
C038,47,5,10.0,8.742544615653955,8.141304189208055,10.0,1.0027023830486406,0.9308916049314212,0.9414485322457342,7.878116487231178,2.4533360927646024,0.15003002997372725,0.19686922922838287,0.3822400253696935,True,0.0,9.605509660217301,1.1306861501032146,1.1677042248446106,1.1306861501032146,0.3114115025769117,0.06115347604276355,0.019043895862278167,0.132689367389909,0.07456227714285578,0.19686922922838287,1.0,2.086260271460436,0.0004720251478576437,4.55206273342487e-05,0.3822400253696935,0.3992969958009832
C038,3,7,0.1,10.0,7.378646541481203,10.0,10.0,1.0,1.0,7.860571794780763,2.4109510329419,0.15,0.19961027988830998,0.3791672178898423,True,0.0,9.498222910305799,1.002410997747645,1.00241099774738,1.00241099774738,0.3067144599509562,0.062216112210693224,0.01908258125695086,0.14963922017723297,0.07517805546692352,0.19961027988830998,1.0,1.869065211750342,0.0004605624314870738,4.8558433259690885e-05,0.3791672178898423,0.39622418832113204
C038,47,22,10.0,8.080361435984347,7.227711115309072,9.257161882699526,0.1,1.0,1.0,7.862444672366557,2.4143779924869633,0.15,0.1996478271944593,0.37745439418241056,True,0.0,9.541093394985685,1.1188957418542502,1.1188670178689082,1.1188670178689082,0.30707726325535434,0.06212780288205429,0.019078035681089345,0.13406418958144203,0.07539222143035072,0.1996478271944593,1.0,2.1334116890372155,0.000494131592814131,5.320063052814109e-05,0.37745439418241056,0.3945113646137003
C038,47,21,9.405353532219278,10.0,7.100525735770011,9.936315740379415,0.1,0.9648167398130976,0.9706066563237452,7.8936165574800246,2.3960700780895148,0.15003947264730058,0.2005709476127584,0.3754399169731683,True,0.0,9.496316136849474,0.9802616364976381,0.9906052175053998,0.9802616364976381,0.3035452837925081,0.0626189834843784,0.019007697112564018,0.15306063918136625,0.0753329806440016,0.2005709476127584,1.0,2.0010641363055104,0.00047621317618968845,5.784897805810087e-05,0.3754399169731683,0.39249688740445804
C038,83,31,7.936853139023402,9.013197791426004,7.142833255206752,9.946808010540009,4.249765044452183,1.0,1.0,7.860732679637296,2.370146264048296,0.1506203294804889,0.2038656569078416,0.3754287892864714,True,0.0,9.495838565165263,0.9149283178620587,0.9149283178619462,0.9149283178619462,0.3015172199136096,0.06354895972674018,0.01916110566520864,0.16462527887700165,0.07676773745436126,0.2038656569078416,1.0,2.0364222433628067,0.0004967419801700507,5.29117161946481e-05,0.3754287892864714,0.3924857597177611
C038,11,7,2.260870029272887,5.220556063245576,3.771979717198052,5.073039712780103,3.418473849074503,1.0,1.0,7.893681654406753,2.374280959700227,0.15162690663828568,0.20455785171410434,0.37534341535579474,True,0.0,9.496975225422501,0.9667103009813593,0.9667103009812645,0.9667103009812645,0.3007824566087933,0.063862242595514,0.01920864221242542,0.1568483406914936,0.07683336652307637,0.20455785171410434,1.0,1.829759528030957,0.0004801032528017747,4.958835839775139e-05,0.37534341535579474,0.39240038578708447
C038,29,24,4.792601230264922,9.319831201357852,7.825288724848803,9.771236486793633,5.593540200228327,0.9669926907583425,1.0,7.875916429802963,2.3342306785482956,0.15,0.20554744119445412,0.374789976156226,True,0.0,9.440343478676786,0.9937387910679555,1.124912676369003,0.9937387910679555,0.2963757550442536,0.06426100101352793,0.019045402695283885,0.1509450988008603,0.07702543916739826,0.20554744119445412,1.0,1.9045337773647104,0.0004710099620830523,4.2167402207876553e-05,0.374789976156226,0.39184694658751573
C038,47,19,10.0,9.344186844721518,7.260175253907084,6.897174474897925,0.1,1.0,1.0,7.8953003203746155,2.3334044022517935,0.15032239895836141,0.2063318436273022,0.3744697278869201,True,0.0,9.496627569069819,1.2450446984627581,1.2511329734097083,1.2450446984627581,0.2955434635247768,0.0644219230979836,0.019039478279304887,0.12073654796808717,0.07748799743133503,0.2063318436273022,1.0,1.7220960658334965,0.00047705056277393636,3.6872244390107274e-05,0.3744697278869201,0.39152669831820985
C038,47,11,10.0,7.3140222733591,5.923204292904586,8.707361442497094,0.1,1.0,1.0,7.875003714475604,2.3139267688722818,0.15001326949788793,0.20735824019307472,0.3722515862882235,True,0.0,9.437894840542794,0.9239938076724844,0.9239938076722515,0.9239938076722515,0.29383183205601393,0.06483060376668644,0.019049295078062994,0.16235311130039404,0.07769703265970182,0.20735824019307472,1.0,2.333092970624414,0.0005084690392612225,5.784472011759252e-05,0.3722515862882235,0.38930855671951325
C038,11,9,2.0789901132193753,9.196146954889784,5.561715307273241,7.739695235160954,4.7610938818538395,0.9902895332044556,1.0,7.9,2.2676645499219523,0.15,0.21040431138070445,0.37117677785894715,True,0.0,9.328656964954877,0.9712782593783407,0.9980412465240215,0.9712782593783407,0.2870461455597408,0.06614734970618236,0.018987341772151896,0.15443566099791667,0.07810961196833974,0.21040431138070445,1.0,1.812706523430998,0.0004606550592510269,5.2079769408156464e-05,0.37117677785894715,0.3882337482902369
C038,29,6,5.071602752341045,9.195404613219063,7.150490579964725,9.988412095794402,3.578162168545953,0.9603023245795772,0.9876366795466469,7.85304856191298,2.2600051602966116,0.15,0.2113338723445472,0.3684896508046348,True,0.0,9.29882841552001,1.0194910970481668,1.1155805653271664,1.0194910970481668,0.2877869839309998,0.06637152986868111,0.019100862399794,0.1471322313988909,0.07859081260718502,0.2113338723445472,1.0,2.079377215500537,0.00047675485439821534,4.983072559834016e-05,0.3684896508046348,0.38554662123592454
C038,47,8,7.691470751748761,9.7542682996089,9.215064497865658,9.881097526561604,8.255376487213212,1.0,1.0,7.89354722629026,2.2677220645122755,0.1500043015969317,0.21159993003963562,0.3679747300183872,True,0.0,9.463630065906282,1.1648608290084288,1.1648608290083142,1.1648608290083142,0.2872880847484382,0.06614756893905052,0.019003408391265103,0.12877444056955326,0.07930479216153458,0.21159993003963562,1.0,1.9316065651105083,0.0004815824404880152,3.939920051104581e-05,0.3679747300183872,0.38503170044967694
C038,83,16,0.1,10.0,7.153312203711264,10.0,10.0,1.0,1.0,7.8983425271279755,2.2323899578621678,0.15,0.21367154383789083,0.3670294887575124,True,0.0,9.3199498623537,1.0407885380365416,1.0407885380364386,1.0407885380364386,0.2826403071523815,0.067192561708012,0.018991326279507854,0.1441214949224858,0.07928642042186686,0.21367154383789083,1.0,2.0362051702687,0.00046516164120627884,4.2966706611364806e-05,0.3670294887575124,0.38408645918880213
C038,29,18,7.482127918357052,9.304685023445405,7.024041876845918,9.994079848068683,3.1678059222778066,0.979718828733888,0.993683695156536,7.855018459031529,2.2306560754486897,0.15,0.21406691710597475,0.36465195488452734,True,0.0,9.295611521222751,0.9619594657662699,0.9999569257069916,0.9619594657662699,0.28397846384230074,0.06724479028880682,0.019096072247613022,0.15593172616739542,0.07957733652836113,0.21406691710597475,1.0,2.1275719678772482,0.0004921725112229262,5.055024207735872e-05,0.36465195488452734,0.38170892531581707
C038,83,32,5.722220818783893,10.0,6.469851770880364,10.0,4.2227568028860905,1.0,1.0,7.9,2.2,0.15,0.2164154403280246,0.3631044899835076,True,0.0,9.275335686007121,0.9078612675554946,0.9078612675552479,0.9078612675552479,0.27848101265822783,0.06818181818181818,0.018987341772151896,0.1652234822220475,0.08005180396438825,0.2164154403280246,1.0,2.1038205698437302,0.0004869834953121654,5.511063882573353e-05,0.3631044899835076,0.3801614604147973
C038,29,0,10.0,9.542622400822134,7.15266111248634,10.0,3.032611211474422,1.0,1.0,7.8886572840554585,2.2,0.15,0.21695047824951547,0.3619763391806033,True,0.0,9.323922332883633,0.9255096465235882,0.9255096465233077,0.9255096465233077,0.27888142693771684,0.06818181818181818,0.01901464274575342,0.162072865003058,0.08058684188587911,0.21695047824951547,1.0,2.195139078436579,0.0005021488704209121,5.0627648358973696e-05,0.3619763391806033,0.379033309611893
C038,47,0,9.919348841050411,7.849898031454456,6.87901229413956,9.741167631290015,1.8035872464049323,0.9781064319844079,0.958430719027335,7.879738510500128,2.2,0.15,0.2170766913891456,0.3619053736437497,True,0.0,9.32796726377444,1.0100669692174185,0.9320591420599752,0.9320591420599752,0.27919708211997074,0.06818181818181818,0.019036164689998004,0.16093399359667238,0.08071305502550923,0.2170766913891456,1.0,2.3916197234527505,0.0004989068858087814,4.91126792542481e-05,0.3619053736437497,0.3789623440750394
C039,3,1,0.1,0.1,10.0,0.1,10.0,0.21238126876917335,0.18643902684230076,5.202730350203146,4.0,0.20794419990339336,368.20218806280894,0.6421547436990862,True,0.0,10.790203982657687,1.0536127001540416,0.9281356322473844,0.9281356322473844,0.7688270832340591,0.05198604997584834,0.03996828317179151,0.22404505621649068,0.10781648206506374,0.2117885820167604,1.0,1.3040002157211146,0.0027158991239601684,9.686584192737276e-05,0.6421547436990862,0.6592117141303759
C039,3,31,0.1,0.1,10.0,0.1,10.0,0.0,0.0,5.3447619422996295,4.0,0.21300548877564973,417.23489059119055,0.6413084426180432,True,0.0,10.894711991229185,1.0199023152787243,1.0199023152786693,1.0199023152786693,0.7483962884002586,0.05325137219391243,0.0398531293021448,0.20884891188569363,0.10854709142402104,0.21504983581184592,1.0,1.282203600285278,0.0023967314875874236,5.537769985661777e-05,0.6413084426180432,0.6583654130493329
C039,11,9,4.980674297716104,0.1,10.0,0.1,4.627142275807997,0.16880620810729544,0.16386851515552894,5.133359991115018,4.0,0.1873650456167035,433.35861416950434,0.6258639342030125,True,0.0,10.739296871735664,0.9669182203531214,0.9479693510203795,0.9479693510203795,0.7792167326903483,0.046841261404175875,0.036499494666456446,0.19764884319838683,0.09799472722285207,0.1916772500312038,1.0,1.539083372902125,0.0023075576838743972,9.311623766373823e-05,0.6258639342030125,0.6429209046343022
C039,47,24,0.1,2.389879544366851,10.0,0.7953617648893196,10.0,0.07547995209125473,0.060500601878987585,5.291307469871618,4.0,0.2022581114685005,445.0419644919587,0.5937504782957934,True,0.0,10.610976481087828,0.9128532050534863,0.9841279943281762,0.9128532050534863,0.7559568259406122,0.05056452786712513,0.03822459999161755,0.22156696207978993,0.10140008287751094,0.2025291386117612,1.0,1.6260167763305793,0.0022469791160965196,8.317002884886984e-05,0.5937504782957934,0.6108074487270831
C039,11,18,0.1,5.828436656720133,9.75853121816262,3.8033453967400472,10.0,0.0,0.06753691057924659,6.50044254901549,4.0,0.2284426876232872,555.6137892137037,0.5898071335904786,True,0.0,11.093524676547611,0.942552148238953,1.1323756752505434,0.942552148238953,0.615342720105389,0.0571106719058218,0.03514263619757481,0.24236609937190776,0.09746392546418287,0.21168526927582648,1.0,1.038472164131421,0.0017998113427227659,3.2021998256069025e-05,0.5898071335904786,0.6068641040217684
C039,11,25,10.0,3.8492842643979923,10.0,2.52277137008548,0.1,0.0,0.061808666283228564,5.864712515643248,4.0,0.20911460845259675,557.4136920763602,0.5688723962133504,True,0.0,10.811363223361509,0.9235969303820409,1.0893462521243036,0.9235969303820409,0.6820453669861217,0.052278652113149186,0.035656412466052625,0.22641327788529744,0.09637360660312254,0.20093091082942094,1.0,1.8497888745751154,0.0017939997065285756,4.730722826886299e-05,0.5688723962133504,0.5859293666446401
C039,29,27,9.596143221097295,4.56756385636301,8.917846833047065,2.3004440707658023,0.1,0.043039480394017525,0.033815628971773676,6.232707902766196,4.0,0.21048443922582838,618.4901256681802,0.5644892540632218,True,0.0,11.017125944563187,0.9550534458371597,1.0667487411095753,0.9550534458371597,0.6417756234372419,0.052621109806457095,0.03377094555199857,0.22039022019477306,0.09301469010333854,0.19825690971625273,1.0,1.6129037958181751,0.0016168406875043625,4.143834162067831e-05,0.5644892540632218,0.5815462244945115
C039,11,13,7.971750283789554,3.0719925884400103,9.089105319276314,3.6726887464259725,0.1,0.15419429926826295,0.16225753776489016,5.891951439424913,3.768302856440763,0.18461808989440576,675.9423610868706,0.5528914010757392,True,0.0,10.360326921908113,0.9190662389758131,0.9159566325467273,0.9159566325467273,0.6395678741046397,0.04899237055186727,0.0313339462812045,0.20155767569594787,0.08614751510004826,0.1841322562037828,1.0,1.6558029647459311,0.0014794160827441946,4.762319399279477e-05,0.5528914010757392,0.5699483715070289
C039,3,13,0.1,0.1,10.0,10.0,10.0,0.06864853055730524,0.23350826172724498,6.56969601177266,3.715575031269969,0.18930849281029863,729.085993372889,0.5515708181698344,True,0.0,10.7419110928079,0.9374508345130523,1.1040164171663371,0.9374508345130523,0.5655627025378026,0.050949985188589696,0.028815411317519805,0.2019396493562595,0.08330677859294669,0.1852067489701261,1.0,1.80171856001846,0.0013715803198657156,8.961866358249547e-05,0.5515708181698344,0.5686277886011242
C039,11,27,10.0,0.1,9.830124071186628,9.0758087488068,0.1,0.07468074216170445,0.19005852006714374,6.808596161255464,4.0,0.20098654255105425,738.7293155127917,0.5482315436051157,True,0.0,11.428923753555347,1.104681621768835,1.042301076079303,1.042301076079303,0.5874926203968638,0.05024663563776356,0.029519527636956155,0.19282964122715948,0.08434410765093543,0.18483737892646257,1.0,2.3574720768647803,0.001353675803844127,0.0001418096861428076,0.5482315436051157,0.5652885140364055
C039,83,21,7.846290864056358,4.769735634837974,8.951222031660668,7.494178258410043,1.272025094929047,0.12356958762144434,0.1592165653589097,7.1438998727478555,3.8555859677537945,0.21689421682280968,763.0998197927948,0.5422681293175023,True,0.0,11.1690562713897,1.0804928304213024,1.1092481823406672,1.0804928304213024,0.5397032484262364,0.056254540460725075,0.030360758225378474,0.20073637761968208,0.08795057869215787,0.20045965961360804,1.0,1.529182221415901,0.001310444550061001,5.3419872336381154e-05,0.5422681293175023,0.5593250997487921
C039,47,12,10.0,5.874274318625435,10.0,10.0,0.1,0.02536488299398032,0.08897788510722093,7.5450417236466665,4.0,0.23358013569766917,769.6356915257927,0.5275643756218442,True,0.0,11.624844500633197,1.0532245140975822,1.083002148848118,1.0532245140975822,0.5301494871080344,0.05839503392441729,0.030958097284686095,0.2217762049507592,0.08997076674248766,0.20676083459132225,1.0,1.5958789614898699,0.001299316041356545,9.087609057147114e-05,0.5275643756218442,0.544621346053134
C039,83,9,4.435023737206687,8.776481547624087,10.0,6.645296530910386,6.238722824022281,0.00780184179359147,0.06971567293421867,7.664002880529261,3.6222618326192886,0.22655877089139576,827.7149554989097,0.5121601233794097,True,0.0,11.147375198267362,1.1217387659375022,1.2345751921866048,1.1217387659375022,0.4726331512507394,0.06254621597234708,0.02956141515381973,0.2019710629346463,0.09097414856757814,0.21606658051227232,1.0,1.0876234938421956,0.0012081453806730416,2.585645521354122e-05,0.5121601233794097,0.5292170938106995
C039,11,29,10.0,9.695496505750013,9.462884664934636,2.523536523655818,0.1,0.033508506477069336,0.0,7.9,3.5263597653325967,0.2219764816904593,894.8680590057801,0.4970185375983456,True,0.0,11.349615972029003,1.1638808147684678,1.5491937054208749,1.1638808147684678,0.4463746538395692,0.06294776950233355,0.028098288821577125,0.19072097320773979,0.09043455824649176,0.21633009725115884,1.0,1.5984588020968669,0.0011174831752415256,4.676453752241107e-05,0.4970185375983456,0.5140755080296353
C039,11,24,10.0,10.0,10.0,3.3632810468417165,0.1,0.0,0.0,7.13729411284752,3.180491502617744,0.20081011438378613,897.3394587750851,0.49509313748424155,True,0.0,10.203007298295073,1.091226891429711,1.4190255427861467,1.091226891429711,0.445615866788043,0.06313807605475658,0.028135328488469735,0.18402232932574397,0.0902580502640908,0.21653420237360396,1.0,1.4881242109358148,0.0011144054685448157,4.1735266857298065e-05,0.49509313748424155,0.5121501079155313
C039,47,13,5.303409033809109,7.599980354046668,10.0,8.978057834992457,3.6857455359561957,0.06350041424806639,0.02542893871077633,6.687301882627464,2.9864977498392995,0.19066985179789941,942.5233860710468,0.48421776501232755,True,0.0,9.408876946304433,0.9539746208711471,0.9205598079709818,0.9205598079709818,0.44659233308993285,0.0638439629857947,0.028512224383533374,0.20712380678248096,0.0898269589202006,0.21751488489179005,1.0,1.2883720639454592,0.0010609816316267198,3.9292923827082496e-05,0.48421776501232755,0.5012747354436173
C039,29,2,9.152079832928669,9.448776342539126,8.522408866435255,2.577528364885058,1.6070022040484624,0.11575586466669363,0.06335897181643008,6.762697451654211,3.019175728921078,0.18627920804574047,945.9083467032478,0.48303282403321807,True,0.0,9.707584310923785,0.9308230068575073,1.0815244859065407,0.9308230068575073,0.44644548281286234,0.06169869685336552,0.0275451045056252,0.20012312402400315,0.08856603535201282,0.21196342905874385,1.0,1.410933498400523,0.0010571848778851319,4.702502902903516e-05,0.48303282403321807,0.5000897944645077
C039,47,19,10.0,10.0,10.0,7.685522913603616,0.18619664366242336,0.0,0.0,7.039055001991078,3.1841153728440004,0.1930420546753101,1000.081634241793,0.48085226328177794,True,0.0,9.964374234675388,1.0564231850915966,1.0823289284003943,1.0564231850915966,0.4523498355877794,0.06062658920015453,0.02742442765693775,0.1827317474659291,0.08582203480316472,0.2070752132034738,1.0,1.0803163120331152,0.0009999183724218124,4.342666514015621e-05,0.48085226328177794,0.49790923371306767
C039,83,6,6.663320949479767,7.565107831264794,9.460975432646329,6.485226794806314,8.546892493503403,0.013989405391921027,0.025133179026099094,7.475289464601253,3.2843735391229067,0.2066217443482282,1016.8535764480282,0.4714838108046708,True,0.0,10.61684745629628,0.9647381893156121,1.0040419111558658,0.9647381893156121,0.439364061375261,0.0629105495726916,0.027640634563607474,0.21417390400478106,0.08934927688992975,0.21517037603531294,1.0,1.2510443052804732,0.0009834257587932184,2.501890795827348e-05,0.4714838108046708,0.4885407812359605
C039,29,25,10.0,7.397836439529365,8.676092838793384,7.140882071585813,0.1,0.0,0.0,7.008783177288068,3.0424791218833724,0.19344317987897075,1038.130168030875,0.4623785414720352,True,0.0,9.773276111706819,1.077290751682206,1.0828252932840274,1.077290751682206,0.4340951981140625,0.06358077479894898,0.02760010903259535,0.17956450436143287,0.08865910840557868,0.2158206580034766,1.0,1.0252915675457697,0.0009632703400738269,3.9318306167343125e-05,0.4623785414720352,0.47943551190332495
C039,47,23,1.3468627552169656,7.963943030150858,8.188638728281852,6.921610251849305,6.147261445779613,0.0,0.0,6.4048447358650575,2.649115712911452,0.1691413916127789,1131.843157697304,0.4556054588882046,True,0.0,8.680926062115676,0.9282962369824315,0.9309497392574884,0.9282962369824315,0.4136112305856942,0.06384824595936121,0.026408351581989467,0.18220626657132513,0.08653791391152754,0.21423440583024997,1.0,0.9268183353024942,0.0008835146399916978,1.8264602155193014e-05,0.4556054588882046,0.4726624293194943
C039,83,25,6.506205235909059,6.542777957065167,8.617636803302052,9.381284076940982,3.846902695679689,0.0,0.0,7.341667882062172,3.1448013853065406,0.19057012792007172,1183.2297744474515,0.4539570322828599,True,0.0,10.159222948590198,1.043821815761918,1.0163099853545474,1.0163099853545474,0.4283497205029125,0.0605984622146482,0.02595733435255086,0.18751181299629746,0.08385469049676042,0.20505161492605686,1.0,1.2495685798785636,0.0008451443849669716,4.473022949248902e-05,0.4539570322828599,0.4710140027141496
C039,29,21,4.892258157111691,8.694475115870764,8.385300523668649,6.0737075058624335,4.013927302924031,0.0972192534684796,0.0,6.673001443865586,2.774920655872391,0.16900795229282875,1215.8234538454274,0.4501694200214145,True,0.0,9.102780076142492,1.086865854492489,1.028730818285513,1.028730818285513,0.4158429575080257,0.06090550803143427,0.025327126588320436,0.16428782854439813,0.0830824704144997,0.20489348647736821,1.0,1.1412937675798414,0.0008224878347569154,2.1398081649627178e-05,0.4501694200214145,0.46722639045270425
C039,11,19,10.0,9.060786396549755,9.99960069012786,8.970670849254681,2.181622238543105,0.0,0.0,7.183728353562479,3.0403003381930933,0.1807217599715591,1252.3335700467585,0.44886837419532366,True,0.0,9.887416228325506,1.0444239743372756,1.0453147981085074,1.0444239743372756,0.42322039316608895,0.05944207475205077,0.025157098247170977,0.1730348636301972,0.08181385843429122,0.20069800793839276,1.0,0.9027561711444186,0.0007985092980959242,3.28838651225033e-05,0.44886837419532366,0.4659253446266134
C039,83,16,4.236593484603491,6.774665304182334,9.170970777369806,6.042514979942068,6.694564403225369,0.13345860753208708,0.25011011537756467,7.573806583085958,3.039181242310549,0.19250268603215342,1263.374740365567,0.4459425976806333,True,0.0,10.28347307196387,1.004260873457243,1.3417380857486263,1.004260873457243,0.40127526481831943,0.06334031131549184,0.025416900196798785,0.19168593651313784,0.08600145496681957,0.21268207759780325,1.0,1.3262261750760582,0.0007915307850073387,2.1043621206090913e-05,0.4459425976806333,0.46299956811192305
C039,11,22,2.3925024608045655,7.980045706093465,7.431684612620107,5.936077126739722,6.2258176954037125,0.0,0.0,7.173621476677631,2.872247111061031,0.17831631190134395,1310.544837438781,0.43526470410663987,True,0.0,9.626705253593608,1.0772755912397332,1.1006564556496357,1.0772755912397332,0.4003901126368427,0.06208251066374038,0.024857223437433,0.16552525031792173,0.08331217830574808,0.20747719963322883,1.0,0.91003247941688,0.0007630414247820136,1.804743884274914e-05,0.43526470410663987,0.4523216745379296
C039,47,29,10.0,8.530915957494368,9.066435723864448,9.666573457960732,0.1,0.0,0.0,7.763434157819106,3.118997179990254,0.19323511145771868,1352.3880365935404,0.42982484273876026,True,0.0,10.393108718446124,1.138352815266062,1.1360989669895227,1.1360989669895227,0.40175483124937567,0.0619542437221192,0.02489041673176269,0.17008651277076703,0.08293973742594034,0.20684822487017873,1.0,1.0927493688375154,0.0007394327463283747,3.5323233995075744e-05,0.42982484273876026,0.44688181317005
C039,83,20,1.7438165085836985,10.0,9.074185811913225,10.0,10.0,0.0,0.0,7.460906948808039,2.929424595726333,0.18707786106760205,1356.6591160934795,0.4279104490687021,True,0.0,9.890676397328768,0.9419012947084258,0.941901294708408,0.941901294708408,0.3926365274123062,0.06386164072648445,0.02507441284969916,0.19861726713680466,0.08465925482813318,0.21238253628110207,1.0,0.8411781454213658,0.0007371048394820912,2.5681378483719745e-05,0.4279104490687021,0.44496741949999186
C039,83,19,0.1,8.115056991295464,5.6077073663230195,6.612413870925849,5.4671807888599755,0.10865355329482881,0.12920143270413104,7.9,2.9986368970317288,0.19736048630428027,1379.8138667932285,0.41927432771997075,True,0.0,10.23678296493756,0.9543063371703796,0.9684589494846788,0.9543063371703796,0.37957429076350996,0.06581673376314491,0.024982340038516487,0.20681041151783108,0.08528501506258135,0.21691848258887117,1.0,0.8780852319790969,0.0007247354328479543,2.308196483303645e-05,0.41927432771997075,0.4363312981512605
C039,11,12,10.0,6.5987311974369485,7.545789625357347,8.03994890210592,0.20933233818117003,0.10182884380140839,0.0,7.663355465385811,2.8648953235706816,0.18235548634993645,1583.264194506709,0.4114472417491338,True,0.0,10.021962788548915,1.1016345078736267,1.0150227813437827,1.0150227813437827,0.3738434601541022,0.06365171001174887,0.023795775515517703,0.179656545352132,0.08324226535577231,0.21054568537927004,1.0,1.090859764488154,0.0006316065274952838,2.7873133690649414e-05,0.4114472417491338,0.4285042121804235
C039,83,15,10.0,8.355915608815312,8.152847307541473,7.561010067281355,0.1,0.10312907521833675,0.06434722784148189,7.9,2.880886991827196,0.18781273879918475,1623.5699328167582,0.40710648454790066,True,0.0,10.205525072166505,1.2305254862575683,1.1968730568169967,1.1968730568169967,0.36466923947179697,0.0651926782730429,0.023773764404960093,0.15691951433735177,0.08421841932116758,0.21460377586725335,1.0,1.0318488042425216,0.0006159266563067497,1.565981631258883e-05,0.40710648454790066,0.4241634549791904
C039,83,12,9.773904600632909,6.283389125716079,8.111670844312593,10.0,0.1,0.0,0.0,7.259921038347744,2.5735292227497855,0.16771727078273652,1768.0187242259942,0.403102395037808,True,0.0,9.288756335372982,1.1479569769263132,1.1099916821387505,1.1099916821387505,0.35448446465961625,0.06517014429062228,0.023101803710651184,0.15109777260634608,0.08338239320498975,0.2137226817862343,1.0,1.0535750414743859,0.0005656048696191165,2.0883290813364018e-05,0.403102395037808,0.4201593654690977
C039,83,13,7.333540445559987,7.755940040378755,8.603936264505744,9.157855786214226,6.722826611946155,0.08105442404444196,0.0,7.820174321324666,2.7518421246355618,0.17978626309016893,1813.6231808987536,0.398254047004755,True,0.0,10.034146688680183,1.0452651819807732,0.9863322460556513,0.9863322460556513,0.35189012566275185,0.06533305871025533,0.02299005823948369,0.18227758831685298,0.08382952448147094,0.21449564190198162,1.0,0.9995893240818672,0.0005513824539364583,1.4253168375160086e-05,0.398254047004755,0.4153110174360447
C039,83,17,10.0,7.805751556318391,6.278759362356416,4.017204812169983,1.1038341513461045,1.0,1.0,7.8493991293702665,2.5678410118704678,0.162168695214146,1821.6914393201753,0.39033593381890747,True,0.0,9.880506082763395,1.022322656396295,1.1077024703352436,1.022322656396295,0.32713854519925245,0.06315371335860823,0.020660013912065688,0.15862770349411354,0.07949533954185424,0.20580276625907065,1.0,1.596087359260478,0.0005489403849716631,3.23374233780862e-05,0.39033593381890747,0.4073929042501972
C039,11,16,6.329733851674782,6.872225374555315,7.044894745290223,10.0,1.0095539651475898,1.0,1.0,7.775574478580722,2.3850481996558903,0.15,2002.975342761519,0.3821924695366788,True,0.0,9.402666707405505,1.294355016715775,1.2877199362903218,1.2877199362903218,0.3067359468070112,0.0628918107489994,0.019291179116501696,0.11648495590751022,0.07605235300967804,0.20183597450767685,1.0,2.3784974550732176,0.0004992572692489023,5.730084148891651e-05,0.3821924695366788,0.3992494399679685
C039,11,33,6.4602546391663935,10.0,8.65595378060631,10.0,3.5886704633684277,1.0,1.0,7.698609436967288,2.2,0.15,2025.8128692164332,0.3706850206835376,True,0.0,9.127700568363048,1.3528952844351296,1.3528952844347473,1.3528952844347473,0.2857658929203513,0.06818181818181818,0.019484038153660312,0.11087332606283083,0.08083839369507843,0.21720203005871477,1.0,1.9683661592541368,0.0004936290094685751,4.203274783513258e-05,0.3706850206835376,0.3877419911148273
C039,11,31,8.580731376973915,10.0,7.114824098044924,10.0,0.1,1.0,1.0,7.9,2.2,0.15,2054.570780021716,0.36253949470820857,True,0.0,9.26389454753412,1.132256385839828,1.1322563858395707,1.1322563858395707,0.27848101265822783,0.06818181818181818,0.018987341772151896,0.13247882889066212,0.07995305996145673,0.21631669632509304,1.0,2.1493531114676503,0.00048671966413803974,5.542326407561541e-05,0.36253949470820857,0.3795964651394983
C039,83,28,10.0,10.0,7.411744172966047,10.0,0.1,0.602243831953774,0.6419288551718686,7.9,2.2,0.15,2605.5374891843526,0.36211452733050364,True,0.0,9.287293693372678,0.916672478418723,1.0517209545380024,0.916672478418723,0.27848101265822783,0.06818181818181818,0.018987341772151896,0.16363532617315268,0.08015500886109905,0.2165186452247354,1.0,1.6294782756536121,0.0003837979703424048,2.9970500298824496e-05,0.36211452733050364,0.3791714977617934
C039,3,9,10.0,8.696661610121257,7.40577464698465,10.0,0.1,0.13139187298283875,0.0755137068635591,7.61961604208013,2.2,0.15,3049.5346618279173,0.3577693690701453,True,0.0,9.065596342941861,1.1052046357122294,1.0586243960715433,1.0586243960715433,0.28872845926228685,0.06818181818181818,0.019686031313337737,0.14169331498181606,0.0811207334005607,0.21748436976419708,1.0,0.46660540042167886,0.00032791888300774105,3.4107125934326213e-06,0.3577693690701453,0.374826339501435
C039,47,15,10.0,10.0,6.845725397958214,10.0,0.1,0.1742240224691302,0.13682657487298866,7.708010087255535,2.2,0.15,3101.3113519617154,0.35636478782885084,True,0.0,9.116427764956962,0.933196948834234,0.9077241354408979,0.9077241354408979,0.2854173742763378,0.06818181818181818,0.019460275518841212,0.16524844293926624,0.08064008911530737,0.21700372547894373,1.0,0.7175522877307718,0.00032244424584053973,6.969497920152313e-06,0.35636478782885084,0.37342175826014057
C039,11,26,5.280286893525657,10.0,7.004232175466026,10.0,2.504287823791022,0.23345364955222653,0.11749680278173881,7.9,2.2,0.1501210908558877,3228.0045490843922,0.3560286803769503,True,0.0,9.249394181691736,1.0895241948783074,0.9507689987504393,0.9507689987504393,0.27848101265822783,0.06823685947994895,0.01900266972859338,0.15789438975522585,0.07989235582920967,0.21636607478910758,1.0,0.9953968653682124,0.00030978890667413873,5.658275389926275e-06,0.3560286803769503,0.37308565080824
C039,3,17,0.10226473750859295,10.0,7.261280927885512,10.0,10.0,0.018106862308906842,0.003093928608532877,7.812556095971796,2.2,0.15,3253.6291454416414,0.3544285049456809,True,0.0,9.210685260234774,1.057799966208053,1.0577999662080908,1.057799966208053,0.28159797804643405,0.06818181818181818,0.01919986213952959,0.14180374814882277,0.08038358509413858,0.21674722145777495,1.0,0.543571697993224,0.0003073491032009617,1.8421335595411668e-06,0.3544285049456809,0.37148547537697063
C039,47,10,6.438124301508379,9.52910843434369,7.312576059480822,9.09416241968746,5.954263890032827,0.1124578153511306,0.0014809426826273954,7.809197300997115,2.2,0.15,3283.2145811956066,0.35404416932397137,True,0.0,9.258814054175453,1.0044176049844578,0.9505445680610234,0.9505445680610234,0.2817190954720908,0.06818181818181818,0.019208120145824372,0.15780427876830522,0.08083836943656787,0.21720200580020424,1.0,0.5826209511645041,0.0003045795440016116,4.256078989089098e-06,0.35404416932397137,0.3711011397552611
C039,3,34,0.1,10.0,5.980633042921825,9.161889615785542,7.81609007701997,0.0,0.0,7.899911357465944,2.2,0.15,3315.610833983182,0.35386577383929946,True,0.0,9.24810165734254,0.9425197694590666,0.9425197694590551,0.9425197694590551,0.2784841374100803,0.06818181818181818,0.018987554823414566,0.1591478554196165,0.07981765328695571,0.21618128965059208,1.0,0.8233595555367865,0.0003016035506189543,3.200250051119534e-06,0.35386577383929946,0.3709227442705892
C039,11,8,9.803056371470168,9.382236274977183,7.119294926907566,9.879935743892931,0.1,0.08775864190292146,0.0,7.880751855063014,2.2082425154212992,0.15097810850891238,3316.5084363259084,0.3518910122714324,True,0.0,9.283458151085306,1.086007235110414,1.0467903160053014,1.0467903160053014,0.28020708633308977,0.06837025709565601,0.01915783053261803,0.14422956173789037,0.08053957695910612,0.21728009115041813,1.0,0.11332290197978676,0.0003015219225879067,1.7380860152508917e-06,0.3518910122714324,0.3689479827027221
C039,47,5,9.597501064891988,9.564128037786173,7.1107320340797555,10.0,0.10797669549776016,0.06388565387886028,0.0046271111766995705,7.8899357477569945,2.200194417068331,0.15047031611378417,3372.089236742366,0.3514961991779749,True,0.0,9.275484765391482,1.0887224094745307,1.069722256006709,1.069722256006709,0.2788608788980085,0.06838955455321975,0.01907117129015416,0.14066297608455147,0.08039942170006084,0.21717853080650035,1.0,0.023055753974650914,0.0002965520571353734,1.1873842315261111e-06,0.3514961991779749,0.36855316960926465
C039,47,6,9.606096451963566,9.561980965752127,7.100569457531487,10.0,0.1059069224083453,0.064237544064247,0.0009603017759199682,7.890495116120746,2.200097911370512,0.1500348054314237,3389.550297644549,0.3514113413489365,True,0.0,9.275882769912132,1.0859304003417047,1.065303605553857,1.065303605553857,0.2788288794293253,0.06819460382013734,0.019014624966295683,0.1408376022095784,0.08016799215600907,0.21655719979628374,1.0,0.007800280218094838,0.0002950243873633961,1.209921934836301e-06,0.3514113413489365,0.3684683117802262
C039,47,7,9.603207713771091,9.561803821868773,7.102942210142868,10.0,0.10622715638197461,0.06418383604642877,0.0,7.890407625598211,2.20000809783227,0.15,3390.6805622642805,0.35137038018717437,True,0.0,9.275699975277062,1.0866282653098585,1.065618942504398,1.065618942504398,0.2788205885200356,0.06818156721686582,0.01901042469762489,0.1407632635053134,0.0801519758365951,0.21651511027032672,1.0,0.006296250002132285,0.00029492604261493886,1.2228007611464906e-06,0.35137038018717437,0.3684273506184641
