archive_run,row,x1,x2,x3,x4,x5,x6,x7,archived_inverse_inertia,recomputed_inverse_inertia,archived_section_area_m2,recomputed_section_area_m2,archived_effective_Ez_Pa,recomputed_effective_Ez_Pa,radius_1_mm,radius_2_mm,physically_feasible_Rmin_0p9,inverse_inertia_relative_error,section_area_relative_error,Ez_relative_error
EPSO_0,0,2.714448673512629,0.1,10.0,2.230125126216315,9.940628541665314,0.0,0.0,246.1803687211214,246.17466778948665,1.0005412262706896e-05,9.998032181981313e-06,27227532.445526488,27505737.98657462,0.8603904489910958,0.9822124503126776,False,2.3157539589223226e-05,0.0007376088592662257,0.010217802204615179
EPSO_0,1,0.1,4.371710887432835,3.4864169830423264,9.296897255687625,2.3653064131272554,0.6311178267325869,0.8211467323311656,261.4084348362285,261.3852878571809,9.57493111088894e-06,9.554427704779881e-06,2771662.5538629266,2775206.4651298127,0.05294223746790224,0.07341400322385322,False,8.854717737806982e-05,0.0021413633029424587,0.0012786229196432794
EPSO_0,2,0.6924130089884164,3.657662149787858,3.069293233792669,8.04581583278659,3.147003637385602,0.423664283324289,0.6363335563707524,260.3376914923287,260.30887286642957,9.591579418017431e-06,9.572228049021843e-06,3192886.9690541006,3196982.399825724,0.07119926231328388,0.16835067382708715,False,0.00011069709397028944,0.0020175372743343233,0.0012826732707160481
EPSO_0,3,0.1,4.848222532089218,2.726639607732307,10.0,1.5542049795821775,0.683653761301971,0.9217754763483558,263.2274579512663,263.2193363548772,9.550359217264827e-06,9.52933735059695e-06,2617958.555126376,2620905.3708644174,0.01824935220810961,0.022010153054259095,False,3.085391034913837e-05,0.002201159787777842,0.001125615885809609
EPSO_0,4,2.517326704730126,0.7780477606643208,8.770756091160333,2.9331576233312475,8.603056784315818,0.08622536996581304,0.12254046842597044,247.61850831538135,247.610448854151,9.94390532395791e-06,9.935046794454198e-06,11443537.533317575,11471710.265389044,0.9269845509269689,1.079693832830573,True,3.2547895087392794e-05,0.0008908501454020074,0.0024618901270209844
EPSO_0,5,0.1,6.854137833754922,0.297749690460158,10.0,0.1,1.0,1.0,265.8152683231871,265.8243787735402,9.535925600965712e-06,9.527624562202634e-06,2569747.0856356164,2572520.656546653,0.0035772794615060647,0.0035772794615060647,False,3.427361569770569e-05,0.000870501628309378,0.0010793166870545579
EPSO_0,6,0.8661977307005091,3.520324950196285,2.679524241169389,9.43805716583623,2.2929900975673663,0.365170033510928,0.658109217860567,262.3587227957844,262.32301428114675,9.561066752940512e-06,9.538209229358905e-06,2976361.039048449,2981482.9681280283,0.029120553925535503,0.05115433746529267,False,0.0001361056886430583,0.002390687584581216,0.0017208695492186273
EPSO_0,7,0.1,8.04928961461525,7.139417576673264,7.453971010204506,6.446641817444822,1.0,0.9958852722889168,256.05149241439113,256.0509459796671,9.671671966140106e-06,9.658806961377612e-06,3214189.2025222974,3216155.535524229,0.6044469522621989,0.6028533467671272,False,2.1340813867649686e-06,0.001330173811470606,0.0006117664138715315
EPSO_0,8,1.867075091768946,0.5557415520227063,8.942104555715973,2.779519216886661,8.964880597811188,0.047855722657428774,0.09566364131879704,247.3098738423585,247.3006305241876,9.95621905860255e-06,9.94884189971492e-06,13202155.606024295,13252109.526525851,0.9332857922655947,1.0483681445979283,True,3.7375451401543146e-05,0.0007409598808753348,0.003783770013948457
EPSO_0,9,1.8232846864170413,0.8267685731684643,7.716366887218745,3.0611426125623478,8.321999980383842,0.0,0.10844011479503693,248.1472618735044,248.13628836113875,9.925316014416972e-06,9.917522924971498e-06,10383700.262026977,10407615.563646648,0.9490238152414008,1.1317501573440332,True,4.422177493633469e-05,0.0007851729289177561,0.0023031579317759347
EPSO_0,10,0.15058469376095351,4.723179309729711,0.9290886402876297,9.798862010984177,1.135677060641401,0.550240417873989,0.8337744058998706,264.80950673853454,264.79715365567614,9.542396762519895e-06,9.523437903529247e-06,2769207.663985094,2772737.6699077426,0.006783103271026778,0.011757486008846268,False,4.664894025346958e-05,0.001986802630667547,0.001274734996785561
EPSO_0,11,1.0142580161078296,3.9547963553061782,3.6422283055495965,8.894643055012963,2.783043971693467,0.5527125603532131,0.6830810408069818,259.34455655438484,259.32934122163306,9.614454117724229e-06,9.59889551108747e-06,3226464.500762918,3229605.498795297,0.17356381975704405,0.27720242150687835,False,5.866840990969005e-05,0.0016182516912818538,0.0009735107984719048
EPSO_0,12,0.1,4.418469196785542,3.5324877063136713,9.390537898267679,2.2928983559481075,0.6203082942234591,0.8329081399626477,261.76469127256536,261.74369646871173,9.568026828384816e-06,9.546028075616222e-06,2721886.4952492537,2725520.6874455134,0.0403813506279247,0.05394751707860809,False,8.020487313074753e-05,0.0022991943023541457,0.0013351740429304506
EPSO_0,13,0.23259308674215895,4.889551039892876,1.2886336083371108,10.0,0.957920648577057,0.6320942951252437,0.8701086696753805,264.4362874971277,264.4303270509594,9.546242668800852e-06,9.528870249453179e-06,2704679.723940995,2707411.7203996796,0.013970799686153747,0.015553492823482151,False,2.2540197582900153e-05,0.0018198174874026554,0.00101009980387022
EPSO_0,14,1.195338295859883,2.5908677419685584,5.7421859927539165,7.005669682581479,5.248883433602162,0.3498327026115533,0.4544038897214368,254.64791984998865,254.6256148819459,9.718588155562044e-06,9.706015636299515e-06,4191804.4445795994,4197812.603239746,0.4760792638075154,0.8886268912776498,False,8.759140092681858e-05,0.0012936569655267918,0.0014333108186655812
EPSO_0,15,1.0564676524135583,3.936772910854593,3.8787598864446995,8.115457329118799,3.0948374528229055,0.5651059128611345,0.7008896465727736,258.7578813119295,258.7464969801295,9.62117996702666e-06,9.605136063444784e-06,3245734.1916758497,3248843.4455824937,0.1809263628360028,0.3196163093920595,False,4.399607750025796e-05,0.0016675609059242545,0.0009579508742946593
EPSO_0,16,0.7404946074434601,3.514441960680662,3.3772628959647397,7.786531338927581,3.4390794582094,0.4107208315298904,0.6124205799117879,259.59203129431467,259.5632641256958,9.60539448893845e-06,9.58656514044874e-06,3286975.148549505,3291430.145645303,0.09289635319035869,0.2214018129624404,False,0.00011081684008335739,0.001960288930495683,0.0013553485786967597
EPSO_0,17,2.2235024625039808,0.31482625442159984,9.37947280563985,2.37120069888621,9.420621589263957,0.0,0.019661216919629965,246.61740481440503,246.61015987804458,9.98572358221613e-06,9.978606120391069e-06,18676639.308833543,18802076.84514602,0.8878703276435232,1.0075499542368143,False,2.937723055638674e-05,0.000712763753819251,0.006716279853043328
EPSO_0,18,0.9844837352717768,4.685003519047212,2.619681327307469,7.95509015699893,2.631654622084061,0.5798276504835611,0.7028299371877755,260.0137093061614,260.01039861594563,9.597751828567532e-06,9.58421502504261e-06,3220425.2345418045,3222304.784335947,0.11733337198807955,0.3047985378231437,False,1.2732752532895517e-05,0.0014104139976436202,0.0005836340412386623
EPSO_0,19,1.7912143746635776,0.3346399065929454,8.487148516752082,1.1737616308365928,10.0,0.0,0.0,245.7279142257661,245.72103748041116,1.0026340752933837e-05,1.001988154299682e-05,20080675.364586838,20189952.815120738,0.873485788410796,1.0411370929392265,False,2.798520215591051e-05,0.0006442240590243437,0.005441921078342616
EPSO_0,20,1.4959942309000098,2.8974249543080903,5.35953439023409,6.899792436097606,4.761740683870117,0.28372681327245325,0.45548947802219003,255.77207624529015,255.75053024799234,9.688257260746917e-06,9.671872077981595e-06,3873339.966866168,3878551.8881270154,0.2813616026490334,0.6441328582693573,False,8.423905226129415e-05,0.0016912415024018844,0.0013455883824894648
EPSO_0,21,0.9477870409612403,3.2211582131189713,4.2750077040447305,7.368445563125694,4.062904645719726,0.404721418275447,0.5618536860792476,257.5335059826618,257.5064161931946,9.647529767030328e-06,9.631024758158502e-06,3543137.784271869,3547399.7266274667,0.19523873033999145,0.43682507325008607,False,0.00010518937861631617,0.001710801549245311,0.0012028723168816045
EPSO_0,22,6.342650887153966,1.4504158672759493,9.940308590131158,4.064356542955416,5.195074552324367,0.0,0.20904528684114038,248.9442935083949,248.9453671797418,9.885631106988598e-06,9.868600947459395e-06,7393218.341533691,7407224.9970280295,0.8891122663275779,1.2162095020503452,False,4.312898005236214e-06,0.0017227184936289754,0.0018945275044363445
EPSO_0,23,0.7051376409484111,3.6612524609857395,4.02630060093945,8.159850985678244,3.349446467628823,0.49810725689952484,0.6289461841270968,258.5064743681139,258.48533111756393,9.62813496613627e-06,9.61217341452702e-06,3263132.480606776,3267053.208168512,0.21293847039052352,0.331593074413305,False,8.179002325440735e-05,0.0016578030600306805,0.0012015226427481603
EPSO_0,24,1.678104621422427,1.6446133027570728,6.233366087737947,4.492142809975482,6.7204340363561075,0.09343295263224242,0.25847423301300054,251.12856246909925,251.1101763828087,9.82007691013386e-06,9.809274868138586e-06,6099047.691948468,6108512.813912722,0.6968783709521211,1.4408395318132,False,7.321383959584435e-05,0.0010999956613503442,0.0015519016151897946
EPSO_0,25,6.11089212096181,1.3563167787929198,9.649854921658958,5.299441538046208,6.392219983602146,0.0,0.19004079558870257,249.4939534588535,249.4917924869355,9.872775741304089e-06,9.8584179145759e-06,8334310.827726583,8351494.938061826,0.8906377682194618,1.057483146034616,False,8.66141999847782e-06,0.0014542847021350583,0.002061851386448756
EPSO_0,26,1.5499740600671164,2.048196440487225,6.949956630371387,5.508761138198313,6.345633899678284,0.298784397871417,0.3547333661360107,251.79100613374172,251.77559896085228,9.797519872481652e-06,9.786834093451396e-06,5246821.835562538,5253895.347221625,0.8835885803221647,1.2465033729138444,False,6.11903225854528e-05,0.0010906616336925385,0.0013481516774865475
EPSO_0,27,1.1509902780710464,3.5595205637426943,5.094444282567431,8.28517110705419,3.7453686966795523,0.5535509427603746,0.6448930920096523,256.90887017511056,256.89264784704255,9.663796281746595e-06,9.649499831495843e-06,3458837.704723371,3462349.2267195657,0.35235167010432905,0.5060696355749273,False,6.314428947880898e-05,0.0014793824118329657,0.001015231790551832
EPSO_0,28,4.447457668750616,7.500562846572623,6.944267424992079,5.335759021938862,5.430082068738139,0.13408675753083,0.20173800989181978,253.85518464494683,253.8595202455796,9.739009050037674e-06,9.72810971225674e-06,4495573.60600309,4496820.34778403,0.5683805108192573,0.5680608877413563,False,1.7079031254907157e-05,0.0011191423814204545,0.0002773265194180398
EPSO_0,29,1.8218248530314067,1.368379925281673,8.601356968117418,4.363737739342694,7.749941130313416,0.24946990926500817,0.23926575202219252,249.37287269391888,249.3632992526274,9.882842681402449e-06,9.874425074481277e-06,7648626.908450113,7659673.538708576,0.8974646193468232,0.9865650602206681,False,3.8390067003117407e-05,0.0008517394430462606,0.0014442631848416002
EPSO_0,30,1.2235649695423947,2.0446652419833145,7.356547385089591,5.712020628177941,6.671837245140931,0.33233116699337806,0.34961765285167296,251.59286438762555,251.57811451690358,9.809095583752504e-06,9.799896515077772e-06,5424888.194299079,5432252.363473795,0.9582599959760802,1.0375231503067683,True,5.862595013523983e-05,0.0009378100759838185,0.0013574785158624442
EPSO_0,31,1.607227959748799,2.2607394122358695,6.515087557426462,6.0208855318222545,5.74888685239946,0.3483377092836731,0.418544614666686,252.7819834102563,252.76529342343338,9.767765785144267e-06,9.756043522605456e-06,4771442.12925358,4777348.364276522,0.7260211954010455,1.2559310494479823,False,6.602522299155962e-05,0.001200096603118742,0.0012378301701975259
EPSO_0,32,1.3836078988901206,2.5497963991270414,5.818867373545252,6.456406201969049,5.142503464445713,0.37305242652343273,0.4710467047585756,254.2016900614505,254.18203467071726,9.727798463264043e-06,9.714499727682548e-06,4224345.178538588,4229905.3119789,0.5116984438139176,0.9593016014962268,False,7.732203011119692e-05,0.0013670858449336344,0.0013162119110341087
EPSO_0,33,2.596510838483731,3.746709869491779,6.445792301247971,4.796769653094985,6.288197182150533,0.11577344798979797,0.2431839988777485,252.3577950064202,252.3550697532754,9.77581813500281e-06,9.762380518425023e-06,4817066.734231826,4820500.659050088,0.6325821729067893,1.2682260653573614,False,1.0799163722021867e-05,0.0013745771854810122,0.0007128663578313626
EPSO_0,34,1.754466404287525,1.6419742316770318,7.532175669019068,4.775964567288378,7.070668520312593,0.22603116800872683,0.27130580700547435,250.43562648520785,250.42234857864136,9.841765419539378e-06,9.832193861491662e-06,6347637.207459276,6356025.676528341,1.0153408647823456,1.1738215600571222,True,5.301923992539687e-05,0.0009725448270402012,0.0013215104762458723
EPSO_0,35,2.339319461336412,0.1,9.676501482334078,3.1368503795983314,9.189547315271906,0.0,0.042598494992936164,247.01361573349203,247.00697086983413,9.973399118539204e-06,9.966695215864443e-06,25915832.21723544,26202868.242567673,0.8763743750478484,0.9727585035429971,False,2.690079912463662e-05,0.0006721783210600138,0.011075701637755635
EPSO_0,36,1.0706260359840531,3.3653990869846933,4.011121638396298,7.7394620623214525,3.71468682195173,0.4155689166476782,0.5766734609096287,258.135016787249,258.11182042438077,9.635313973227464e-06,9.618626758341815e-06,3480705.3322528764,3484920.5832217475,0.16757939913599032,0.38066264296010416,False,8.986135688582685e-05,0.0017318807598813888,0.0012110335597247653
EPSO_0,37,1.3382912767830508,3.158450003158268,5.642216400167609,6.9551240413806585,4.585056372351131,0.5026700414912829,0.5748738472062357,254.98990936214528,254.97588333935465,9.705885479885392e-06,9.692341516634127e-06,3832329.2849592776,3836574.614487919,0.535404958239369,0.8185888753162186,False,5.5006187600587756e-05,0.0013954381884407855,0.001107767421057226
EPSO_0,38,1.2280304548293057,0.40327935025169204,7.415131612671283,2.2862219352559743,8.802172167740453,0.0,0.000888462004633439,247.10650768742693,247.1001009342055,9.97167272036429e-06,9.966204576086991e-06,15910818.211532896,15999166.812566258,0.8463472178367297,1.0275343217780109,False,2.592709225420647e-05,0.0005483678045440639,0.00555273775734063
EPSO_0,39,4.009754499821997,1.498094515167236,7.751068897611494,4.856816118755751,6.49239508552386,0.05626061298053665,0.2235383889070781,250.1885476804876,250.18188860601342,9.850570302121727e-06,9.83773010372979e-06,7274306.903660879,7285435.098053399,0.7930046644289664,1.1299468662934338,False,2.6616224187408103e-05,0.0013034979699775688,0.0015297944587572476
EPSO_0,40,3.216347239538072,0.46111660314761665,10.0,2.5477414816643744,9.388160293321734,0.14997895250336185,0.08304455884343562,246.7185195652613,246.71559619721066,9.985688570196351e-06,9.977479145128548e-06,17355778.623083454,17420698.972314995,0.8062768145576968,0.9464488442153548,False,1.1849001265823456e-05,0.0008221190767260069,0.0037405610339599567
EPSO_0,41,1.8899547179704228,1.0126642031175241,9.025854188953584,3.6969777571572555,8.366815813489477,0.1845965734516939,0.17619022698610926,248.41344397153176,248.40417624109986,9.915846744151695e-06,9.907894405031364e-06,9376477.416362794,9393025.64788151,0.9057422081334494,1.0001859285602155,True,3.7307684655598526e-05,0.0008019828589042281,0.0017648665681034405
EPSO_0,42,1.612291693444916,1.7302892680754258,7.297959982447773,4.852676675197335,6.928109529116558,0.23415716036670348,0.29152149531064453,250.7592169421818,250.74438736404508,9.830028726823458e-06,9.820125452420468e-06,5986225.770786437,5994474.272314849,0.9644477773554611,1.2281016810218581,True,5.913871608614087e-05,0.0010074512168990245,0.0013779135375524703
EPSO_0,43,0.1,9.645485035403864,0.1,10.0,0.1,1.0,1.0,266.19125216107307,266.19110370202253,9.523487766664722e-06,9.52228405854801e-06,2439424.864704932,2441344.1717084516,0.0013295562242262797,0.003143946082543464,False,5.577157375772361e-07,0.00012639362240014643,0.0007867866853737482
EPSO_0,44,1.4463275607506023,2.5840730086130597,6.318086722369574,6.533311208738683,5.404846264719156,0.39851134753037476,0.45207391008519276,253.45616919516095,253.44105279563976,9.750099071308718e-06,9.738482128459881e-06,4443276.875172346,4448788.443379958,0.739575091799361,1.1058177386883987,False,5.964107943867269e-05,0.001191469211120302,0.00124042871116342
EPSO_0,45,2.168648669930877,0.9516308077090766,7.518064549285052,3.5013097901076162,7.9905761831439825,0.043052099716993295,0.11190020422237461,248.63524345042708,248.62590530830866,9.909683116657084e-06,9.901419555593818e-06,9866023.676495483,9885564.362539686,0.90234703135072,1.123011882518397,True,3.7557596376256125e-05,0.0008338875184995009,0.0019806040087615297
EPSO_0,46,4.2444635899499445,6.866472196052699,6.940823932237216,5.279879478455418,5.589946842324367,0.1358612374032922,0.21128012811145458,253.58793585576225,253.59215177339607,9.744647661859456e-06,9.733185471503637e-06,4531299.397933076,4531696.165485449,0.5816836942763581,0.6046804738871495,False,1.6625071770813784e-05,0.0011762549815610209,8.756153975479584e-05
EPSO_0,47,1.1600986535720117,3.1525109273296277,5.647581616706447,7.361430519471246,4.723768071213153,0.4582103839260887,0.5064235884023911,254.9545448242397,254.9391498981249,9.71224319612844e-06,9.700356500287517e-06,3947104.524212667,3951486.8678348507,0.6318013976496839,0.8407677891328376,False,6.038302288514706e-05,0.0012238877879068336,0.0011102679433243649
EPSO_0,48,1.1295778502538365,1.2707942246646642,6.840284047203867,3.9277919545374136,7.431723125812351,0.0808260640626709,0.17840342154303146,249.8130764791131,249.79833042390803,9.864218131132791e-06,9.856152890663622e-06,7212166.223009952,7227805.329323628,0.9900428078830015,1.203194499235778,True,5.9028355972843275e-05,0.0008176259245235181,0.0021684339808724982
EPSO_0,49,0.9808285100895211,3.1088952725989034,4.624240913193405,7.3005328898696344,4.066928017418275,0.4253095850851741,0.5642895484183182,256.9800635442077,256.9560219415307,9.659633753791474e-06,9.643730978779777e-06,3558753.3861148297,3563328.6943625803,0.2550648240982379,0.4910317006564309,False,9.355434949093025e-05,0.001646312418983307,0.0012856491448949743
EPSO_0,50,1.1285104964903638,3.0970455610606837,5.043868872810103,7.29196988141166,4.403561691710685,0.43702629331457005,0.5435758228929777,256.0171173633405,255.99630831501483,9.682294584818244e-06,9.668043732445589e-06,3740670.202375892,3745059.7475377223,0.3662877786673703,0.6638579996103737,False,8.127991026530347e-05,0.0014718466008048115,0.001173464893815615
EPSO_0,51,0.32489347557444076,3.218767360602437,3.519471674695743,8.824763149805435,2.7565882973136984,0.3870034638512696,0.6524340213407939,261.3792521663484,261.335615663719,9.575595678340976e-06,9.554011875456826e-06,2916657.963951171,2922344.1512263855,0.0450051646752496,0.06509997801762436,False,0.00016694707888147763,0.0022540428406945534,0.001949555739992069
EPSO_0,52,0.1,8.31927099370072,7.299329145200161,7.579871478722409,6.434022160696561,1.0,0.9896775166300107,256.143547413278,256.1438188318967,9.669775200733973e-06,9.657119223698977e-06,3179245.7443661485,3181196.72852885,0.5739026095573886,0.5656339019057375,False,1.059634808043898e-06,0.0013088181237176165,0.0006136625852715468
EPSO_0,53,1.509978762313502,2.560650790984803,6.552705900942305,6.59623026761072,5.497805331834231,0.41153354329006464,0.447182143868032,253.18808393292815,253.1743880490735,9.760144004439712e-06,9.749227376306952e-06,4583893.214513099,4589167.904360154,0.846084237291093,1.0772006582574025,False,5.409371421391964e-05,0.0011184904779882215,0.0011507008562840549
EPSO_0,54,1.3852600026052524,2.642220830034617,5.943824558794992,6.583288707169812,5.230883083725387,0.3811757896042379,0.45908650336562307,254.00322903058748,253.98528898168493,9.733652687866366e-06,9.721215426229465e-06,4275069.972204119,4280125.129422116,0.5927162268015224,1.0191936049427017,False,7.062921590018466e-05,0.0012777589293282816,0.001182473562038755
EPSO_0,55,1.4211223676012792,1.8838198355722793,6.735439357903909,4.709659851857606,6.655641808643569,0.2478388390163243,0.3237652302974478,251.21717518271564,251.19978272794364,9.813400703479833e-06,9.802690847327863e-06,5517876.07638143,5525300.728434394,0.8332847169611317,1.3555174842407502,False,6.923274556902236e-05,0.0010913501318836167,0.001345563392542353
EPSO_0,56,5.096778421493717,8.630834073691421,7.162113556870585,5.527550884196239,5.184220163408489,0.14368067681864255,0.19139086907948158,254.1707039144562,254.1756871506154,9.732922608903867e-06,9.72262616282755e-06,4488943.309938272,4490396.356611197,0.6373792306261762,0.5559157395448172,False,1.960586362810099e-05,0.0010578986898445966,0.000323694591933798
EPSO_0,57,1.4636964885340036,2.5227817939247954,6.425027263503818,6.424188979877307,5.519799983314396,0.3903765257166556,0.44147776526968785,253.23185834843528,253.21620730316573,9.756407340336526e-06,9.745071275682898e-06,4530373.393562153,4535305.759506704,0.7714257713520399,1.1474938383289865,False,6.180519849131642e-05,0.0011619097335922582,0.0010887327635201987
EPSO_0,58,0.8663761545274189,3.4734401976060543,4.362952298040188,7.962863809250423,3.5407502205379515,0.49783256326675873,0.6214876414498974,257.8241839372184,257.80422926101,9.642302705877312e-06,9.626691005528238e-06,3360266.196056073,3364405.9657388227,0.25291228932571935,0.3986487768589788,False,7.739644863278073e-05,0.0016190842400703998,0.0012319767069669857
EPSO_0,59,1.6960683059017576,1.8281362907247414,7.820817830864085,5.178342180370155,6.898656001018162,0.31190705583820943,0.31800682533373725,250.7166564164133,250.70515197916777,9.836499357682553e-06,9.827335112695117e-06,6076409.615750118,6083373.573860232,0.9308593616108839,1.0248854407045553,True,4.588621039366673e-05,0.0009316571530376901,0.0011460646254102052
EPSO_0,60,1.8152347356325693,1.9378134909041345,7.734724263265463,5.4886684154091885,6.656885484336502,0.33097869655978995,0.3307970661296548,251.0403079534412,251.02984527033652,9.828392219536514e-06,9.81918104541009e-06,5932946.335435976,5939337.3342865,0.8966731209677065,0.9884781280821356,False,4.1677303497426695e-05,0.0009372005024497656,0.00107720489773381
EPSO_0,61,1.9153913812025474,0.1,9.095691171467571,1.5330667740330206,10.0,0.0,0.0,245.74299183752404,245.73714098881032,1.002449684022233e-05,1.0018457258134605e-05,27665486.218115505,27978624.33152186,0.8639843118108577,0.9970093297777968,False,2.3808812084410056e-05,0.0006024823174658019,0.011318727996954991
EPSO_0,62,3.7479153296416228,1.514768403724372,7.575355680998105,4.813288392454573,6.515623871058498,0.06113979141483888,0.22750714592026558,250.279602069645,250.2718867280653,9.847521872500917e-06,9.834888969118254e-06,7136445.674465208,7146993.25890096,0.7834369736512031,1.1682826244650708,False,3.0826889270568525e-05,0.0012828510102566755,0.0014779884716970228
EPSO_0,63,0.3787381696171166,3.945686215173919,3.9897778913101343,9.055902424455345,2.8422081313319554,0.5526672262040554,0.6855586130563074,259.5751400207725,259.5530399379907,9.611416709984392e-06,9.594995070576979e-06,3025752.7133054165,3029708.206071741,0.1378116599553445,0.19936901237429025,False,8.51394427833403e-05,0.0017085555545993114,0.001307275623989556
EPSO_0,64,1.7224618969533203,0.1,8.376075268329032,1.5297496734415752,9.707489707096421,0.0,0.0,245.8558093453399,245.85049067280366,1.0022522647704297e-05,1.0016861305661914e-05,27733651.998384587,28050411.564101942,0.8468311466049147,1.002013214378258,False,2.1633300227521234e-05,0.0005648619854881821,0.011421487719533108
EPSO_1,0,2.5579986266337693,0.6160227945084733,10.0,0.1,4.4958718074728505,0.500732395450421,0.4950271781233851,245.11567377377307,245.1045741176994,1.0043793718921284e-05,1.0020835976472078e-05,22432494.849354494,22769308.791064076,0.8831092933532477,0.9122706754926624,False,4.528333868976629e-05,0.002285764034157287,0.015014555624394748
EPSO_1,1,2.6713400682825275,1.0039447593356106,9.922095254939261,0.2825858075099271,4.289258670846855,0.47988100775927034,0.4466552527906047,245.90628552873213,245.89645846928704,1.0010679979859848e-05,9.987694546177271e-06,13236930.92618044,13356736.003185723,1.0094355929438465,0.8140617115176519,False,3.9962620003621056e-05,0.0022960911475364805,0.009050819836819535
EPSO_1,2,2.974633472498784,1.9358740843756657,9.213430929131858,0.854086217621755,4.298680891659189,0.37762831428217114,0.3670945391554242,247.35391965849067,247.35109386008168,9.94196071274874e-06,9.919192131806024e-06,7742098.367841658,7759865.621244533,0.9718538267253902,1.040694408274723,True,1.1424110088464846e-05,0.002290149961417462,0.00229488861529771
EPSO_1,3,2.9992925541257374,2.0339105921464835,9.28791282480549,1.1727525326840418,3.9238038242423134,0.38180194183099125,0.3069826719567212,248.17225301648,248.16699148494047,9.918634309166118e-06,9.896839756156832e-06,6108202.009520869,6120724.573911587,1.2338683808695812,0.7360207312209412,False,2.120112734432913e-05,0.002197334061317752,0.0020501228301223594
EPSO_1,4,3.2582912123915726,2.823745511798303,8.361495274281056,2.2372820339953132,3.69662075531782,0.33514520623864463,0.364952428114375,249.6791785323744,249.68159846069034,9.85672472901953e-06,9.837144923535718e-06,4882967.335007311,4887020.735788304,0.8795337406158065,1.2340734828075262,False,9.692151064237589e-06,0.0019864413405161884,0.000830110156980488
EPSO_1,5,3.2138172112805017,2.7160251816845236,9.281663466083963,2.937683301376522,2.3909634074668995,0.3602077531218188,0.3271349999831363,250.44872231100544,250.44558425737426,9.83960642908876e-06,9.818149675748473e-06,3890102.999288147,3894736.295713202,0.8324186813418547,0.6761795962937178,False,1.2529725055969721e-05,0.0021806515834673287,0.0011910472359994318
EPSO_1,6,1.9182568330617211,0.7197447290816493,3.6483257020824613,9.086356317535763,1.8092349290153156,0.25869557457753223,0.727264002023511,263.02620622729506,262.98584618440293,9.56035992922912e-06,9.542721951097193e-06,3295122.800220997,3387883.767510569,0.01057875134498564,0.01293697176856279,False,0.00015344494934947648,0.0018449073322022135,0.028150989481591043
EPSO_1,7,2.9956313745031546,2.328858966619218,9.624233961698561,0.1,3.264432532727242,0.35351058654658907,0.35936311045884445,247.14946285623392,247.1421425806125,9.9738992535347e-06,9.953737956514133e-06,21379394.52857063,21636742.773552883,0.7349736132974697,1.0841551264502862,False,2.9618820679705566e-05,0.002021405721881708,0.012037209222101362
EPSO_1,8,6.963941167506054,5.535384194537486,7.761306442772485,5.161166958906788,0.18744773904999135,0.0,0.20206433565156845,253.60882216401035,253.60439525105795,9.73988800237058e-06,9.728778247134718e-06,3648155.621128021,3651341.815781155,0.6722963504681378,0.766138040471169,False,1.7455674115050786e-05,0.001140645070370209,0.000873371364610029
EPSO_1,9,3.477781934635388,3.795220872552995,8.421960663898995,2.154698562345434,2.494598248585181,0.29103532867941617,0.26003046590375883,250.72718063892611,250.72319604550125,9.825831325566197e-06,9.808277119021805e-06,4168088.805315157,4173651.625832168,0.9216416699534317,0.86014854232172,False,1.5892147850529972e-05,0.0017865365242650875,0.0013346214000808391
EPSO_1,10,4.5280952894135735,6.7839777534169885,5.382279461042889,7.55851781274323,0.9185664542907082,0.15611232264166425,0.2753296193277263,257.12112175582337,257.1272664697488,9.650646855783836e-06,9.640452969989662e-06,3210562.773496101,3211708.703381924,0.4292400066376642,0.419979290885599,False,2.389812973541817e-05,0.0010562904172650898,0.0003569249277051102
EPSO_1,11,3.7813518359503853,4.489038532520871,7.306376882060286,4.273495019648369,2.437896635501415,0.26176381417726297,0.31071911444447275,252.97994829524217,252.98420658522244,9.75360067474486e-06,9.739408361830502e-06,3632144.802253967,3634660.0227830885,0.7413942112000769,0.935887621623956,False,1.6832519766749783e-05,0.0014550844747115688,0.0006924890570333262
EPSO_1,12,2.989635136400248,1.9360363303929065,9.689153195811802,0.1,3.4066703433180994,0.43006870725699364,0.46474156960115626,246.7527728373718,246.74941434711525,9.997144933954706e-06,9.976684272529883e-06,22926483.688146323,23116904.53614393,0.6461362662493189,1.2437139518638707,False,1.3610749812155514e-05,0.002046650474709993,0.008305715372133541
EPSO_1,13,2.143083988631859,0.1,10.0,0.1,5.116051667152471,0.5796487390853237,0.5372986151176299,244.64713508318985,244.6322004563727,1.0078313935994446e-05,1.006329505938851e-05,26910796.28768409,27214766.84271611,0.9930632264584537,0.7061872937482867,False,6.104558229176538e-05,0.001490217183282759,0.011295487200842613
EPSO_1,14,4.935456268400019,8.179753098544783,4.994431617434656,9.201112228501248,0.1,0.11540801180916505,0.09343667660275246,258.4062092812576,258.41248453647773,9.622576504084697e-06,9.611353708934839e-06,3075846.147612612,3077009.1814792496,0.41052231203705586,0.4043768766791788,False,2.428445987269504e-05,0.0011662983552371573,0.00037811834884527676
EPSO_1,15,4.719636873034448,7.2029892294235145,5.4807959206508094,9.136990643224337,0.1,0.20972724489552672,0.06540961493664682,257.9811465829649,257.9866433760647,9.637369068963636e-06,9.625352917701238e-06,3077512.230885589,3078668.7155103046,0.35614503873517767,0.3298371425756031,False,2.1306956622943497e-05,0.0012468290024395786,0.000375785549480247
EPSO_1,16,5.7468414897560605,10.0,2.9486165126604313,10.0,0.1,0.0,0.0,259.82391336957863,259.83139361063104,9.600169188267669e-06,9.589926442159393e-06,3367815.7751561627,3369212.6280941293,0.5057702876126304,0.1340952216553333,False,2.8789655868841078e-05,0.0010669339162056833,0.00041476524585190957
EPSO_1,17,9.63559087643385,4.163623190170503,9.607795981049131,6.049610789943025,1.5395008706109272,0.5806206731426652,0.5973478954388788,251.49589010184425,251.49464975545527,9.79807722561888e-06,9.785489374003359e-06,4757912.180784452,4761591.489147378,1.182418476099553,0.957055419013055,True,4.931875381662233e-06,0.0012847267199127144,0.0007733031260614267
EPSO_1,18,8.66554704653511,5.212608356632577,8.591678147617431,3.9889976854330818,0.1,0.0,0.07755270052036664,251.82238652541412,251.80761238803126,9.788897316848207e-06,9.777987269952805e-06,4295608.884172711,4300629.470828993,1.0004000570281375,0.9745483154503717,True,5.8668880025751904e-05,0.0011145327754766058,0.0011687718299450273
EPSO_1,19,5.112941362088528,8.559068897037276,2.897975858917567,10.0,0.1,0.0,0.555657647345552,262.7492777979272,262.7461200052687,9.57442001366529e-06,9.567789917892535e-06,3065196.3147992985,3066250.478864648,0.025829899558841792,0.010883790322163734,False,1.2018273408641902e-05,0.0006924801463996408,0.0003439140456549862
EPSO_1,20,8.479984621937003,5.28460356009286,8.688574009816879,4.4682671853693465,0.1,0.0,0.027866196725941345,252.15290546192196,252.13881416872448,9.776487434848571e-06,9.764705244423888e-06,4065106.672935652,4069259.047207777,1.0248108565535832,1.0429672353769779,True,5.588392158982672e-05,0.0012051557886409514,0.001021467480735547
EPSO_1,21,3.2477450821702307,3.024689851063129,9.044374279993612,0.6932762681451976,2.2356787484847165,0.337878843907093,0.31181587283088646,248.84388529667896,248.83099025545826,9.906998753429176e-06,9.889072371402936e-06,6916061.675385871,6937631.594490336,0.8034415901891819,0.8619897535498796,False,5.1819803429479473e-05,0.001809466466323607,0.003118815319596152
EPSO_1,22,4.097972021440598,5.475660771377427,6.766315743012752,5.124951268335643,0.7254821624017648,0.24027724634944073,0.24267020003842604,254.8640577527184,254.86422852030384,9.70286166716433e-06,9.688950090289838e-06,3087465.53427466,3089721.8712078403,0.5681323100260177,0.570814231618452,False,6.700340053851431e-07,0.0014337601989700638,0.0007308055452383557
EPSO_1,23,4.626631523638646,7.183615588444375,5.506266392345758,7.8871064954049395,0.1,0.15395667244446032,0.1620608797856854,257.5308232999856,257.5353904086856,9.63967103403707e-06,9.627465622593817e-06,3013552.299577704,3014961.018685707,0.42552969943122676,0.4274973769341651,False,1.7734221641707022e-05,0.0012661647270073536,0.0004674613107594426
EPSO_1,24,3.2935748406122216,3.2259015100877595,8.919392366975213,1.0731189298784396,2.5999015125147364,0.3198188709714999,0.2861401827144226,249.27785793232,249.26899543052522,9.88250420244697e-06,9.863854913617143e-06,5612620.534342431,5625188.132766658,0.8883037295035178,0.8783532893825992,False,3.5552703590595434e-05,0.0018871015329504069,0.0022391676663919315
EPSO_1,25,2.981638260620739,1.9901840078567243,9.956207530082462,1.8297367712667203,2.7351451223170784,0.41114720595211496,0.34423984338685104,248.97852482116664,248.9685272965445,9.903144381748502e-06,9.879461619349741e-06,4809117.675616078,4817236.541990689,0.844407975712314,0.5775796557662171,False,4.015416441771966e-05,0.0023914386669357073,0.0016882236872215537
EPSO_1,26,3.1651379789486573,2.54558888213938,8.744645421147444,2.148274174661572,3.7539963536758423,0.35283365006671796,0.33424094408684984,249.2844416694884,249.2841233393273,9.868228896030562e-06,9.847653549682116e-06,4888982.081623371,4894185.836230683,1.0773721063496535,0.9589573942165553,True,1.2769756466198858e-06,0.002085009028998341,0.0010643840620468159
EPSO_1,27,3.810805367195135,4.6670381829200895,7.531140932834207,3.4281151608723017,2.303514641113246,0.2712835596630724,0.2614788568308473,252.44643721261,252.44678750806355,9.768589326923123e-06,9.753610507536126e-06,3712008.004509684,3715205.6019638516,0.8871013593167463,0.8949963355462518,False,1.387603078995619e-06,0.001533365656565566,0.000861419870399715
EPSO_1,28,6.4762786585540155,6.075153418456308,7.60776358492668,6.174137519987574,0.1,0.0,0.0,254.504359956726,254.50009435739872,9.709642500201505e-06,9.696214189449563e-06,3341316.999418417,3343966.863162582,0.7426561218492791,0.7422826238294759,False,1.6760417495434612e-05,0.0013829871441366779,0.0007930596661813432
EPSO_1,29,3.034251803538444,2.1264051910160635,9.527970691049163,0.10834270087055961,3.841557415888129,0.40874876199904464,0.45695548448978673,246.9027511593863,246.90169306461604,9.993761776266484e-06,9.973942837394432e-06,23636677.904871464,23793052.598413613,0.6298819895935567,1.4077661870549747,False,4.285471770927419e-06,0.001983131008697783,0.006615764456049911
EPSO_1,30,5.77811917774333,6.24364410769249,7.115770564886299,6.450610955472239,0.16149298884103702,0.0,0.0,255.18458392787977,255.18283298091328,9.6926797954715e-06,9.679226183192313e-06,3211196.9569688425,3213485.7967418353,0.6407714338147739,0.6407714338147739,False,6.8614919425957785e-06,0.0013880178199502425,0.0007127684174044811
EPSO_1,31,3.6970842381791855,8.8447188925814,1.7051370546763027,2.4269699393710797,0.708467296142356,0.9965104408741473,0.550600883788622,263.22550826082653,263.1948513850498,9.51703281360306e-06,9.505725900093142e-06,3383629.7769099213,3390798.950388248,0.00936947880462118,0.0026466186364750522,False,0.00011646620412777312,0.0011880712961036407,0.002118781885432502
EPSO_1,32,7.493762681005,5.448351572741913,7.842458070831837,4.5217601538120595,0.45398276378203184,0.0,0.19051422924747463,252.86508192591128,252.85815192025373,9.762604969094608e-06,9.75199937500266e-06,4027346.313678854,4031156.905105737,0.7804458471109643,0.7654355665960849,False,2.740594155891358e-05,0.0010863487896439657,0.0009461792282278395
EPSO_1,33,4.260509338029378,6.163067562687634,6.102977036973709,6.602685907850628,1.1245212339151158,0.15933701350870164,0.24598328695897925,256.03752384286315,256.04303382473194,9.673974507104248e-06,9.662421708184969e-06,3183845.5402102973,3185272.7767967703,0.49933415498836636,0.596005423791873,False,2.1520212295777458e-05,0.00119421432326445,0.0004482744431058926
EPSO_1,34,4.4093586894286565,6.519381149655083,6.10767557467014,7.080300085184654,0.3435585881079031,0.1873915818642271,0.14558691596837958,256.6401797800419,256.64343954634137,9.65968137841035e-06,9.646338207368373e-06,3008378.9967954885,3010076.4883629745,0.447201470401801,0.4385590327818841,False,1.2701698940076086e-05,0.0013813262072803235,0.0005642545601116501
EPSO_1,35,1.9633284261590551,5.623149666292195,0.8798118513838403,8.608310020814901,1.515012306075992,0.018415985459912076,0.38344723897915955,262.2186536506137,262.21382703573266,9.57671423177454e-06,9.571622969898063e-06,3270748.6747502624,3272236.23190592,0.015819904773371155,0.22610796735820668,False,1.840683267129788e-05,0.0005316292992834733,0.0004548063161016619
EPSO_1,36,3.4913048228538677,3.8257901693280463,8.471199756870872,2.329847056780792,2.1217765598420604,0.29831054338867136,0.2284139166983188,251.14868765190823,251.1414089767285,9.81346530884908e-06,9.794936582281976e-06,3842772.565847704,3847990.1870035515,0.8183457676755912,0.6875551114390359,False,2.8981537780551017e-05,0.0018880921248476028,0.001357775165311231
EPSO_1,37,4.811317048947028,7.814357191177187,3.7053343390830342,9.147863997860934,0.1,0.0,0.5393212553565608,262.0905143519878,262.0936611123916,9.58460773642332e-06,9.578014622091736e-06,3066590.5688445102,3067845.270558444,0.029189536619872603,0.019038401034313653,False,1.2006387989999346e-05,0.0006878856717869596,0.0004091520161448812
EPSO_1,38,5.30627316979858,9.32716853738922,3.9310146443427296,9.704558155767453,0.1,0.006471441061857819,0.12150063878167205,259.2812361192105,259.2877605095107,9.60681216028187e-06,9.596533485978093e-06,3204421.6682868185,3205545.0971638924,0.4213438094908974,0.2305776894079667,False,2.5163372397575856e-05,0.0010699360133502387,0.0003505870928885664
EPSO_1,39,4.355357790157613,6.346719905860842,6.058525999587324,7.012671043227709,0.9287007802936555,0.18358795934007727,0.18621646125756383,256.2763301473403,256.28115928779874,9.667231246883747e-06,9.65474981796385e-06,3144833.197771533,3146296.175818772,0.5540476228728959,0.5544849155719558,False,1.8843489976980795e-05,0.0012911068951536775,0.0004652005226464197
EPSO_1,40,4.311361731333125,5.878945207991265,6.408197712640961,5.954408186589713,0.4756873330173138,0.27280471421119096,0.212012794740263,255.73837032119255,255.7386254524677,9.680943319548895e-06,9.66629665357724e-06,3053445.2318845247,3055578.9792580884,0.4841579863861848,0.45201582129735535,False,9.976261083500677e-07,0.0015129378912980634,0.0006987999494088837
EPSO_1,41,4.9878084314935505,7.99113083502897,3.56677959476532,9.481263278705907,0.1,0.07019657030572153,0.5042944743469224,261.61527313976814,261.61789663127314,9.586774040674102e-06,9.579893174604167e-06,3104126.229518648,3105230.5523781264,0.048233822981536646,0.028502454068496528,False,1.0028051778168937e-05,0.0007177457235083806,0.00035575964951976017
EPSO_1,42,9.168623051713247,5.058526909391101,8.708448692105561,3.3608924548542136,0.1,0.0,0.10676075975170984,251.19864662621643,251.18219117058936,9.812274427274111e-06,9.80251064709278e-06,4769788.769237009,4775914.69453547,0.986874532065746,0.9159785440342146,True,6.550773998218633e-05,0.0009950577976286102,0.0012843179425408146
EPSO_1,43,6.397864407477573,5.813235346286828,7.1903468823862555,5.27355897017008,0.9930351632014137,0.015859898260451654,0.1885655738335482,253.88337917476196,253.8827404846409,9.731398914397445e-06,9.720321858091077e-06,3756512.895843898,3759039.805233514,0.746139017767515,0.7132910178482599,False,2.5156830791393e-06,0.001138279953766854,0.000672674221992341
EPSO_1,44,5.649246894249066,10.0,2.068862436784298,10.0,0.1,0.0,0.18920286277649295,260.45647954522315,260.4621345637969,9.594072827132373e-06,9.58474194849027e-06,3424982.2721279985,3426893.9635812338,0.43898772030389765,0.06670955909586096,False,2.171195196841304e-05,0.0009725670015465245,0.0005581609775887857
EPSO_1,45,4.00468314257534,5.192550934369644,6.882113568018925,4.995125399061484,1.6220002128092699,0.24795535711194805,0.3071940367363017,254.2716283422646,254.2759286339318,9.719579978876616e-06,9.706897651569881e-06,3342674.7674053498,3344749.132049262,0.6009207751084089,0.7388557524918676,False,1.6912196202371207e-05,0.001304822567878083,0.000620570288243286
EPSO_1,46,4.973067906126672,8.061648213543462,4.144716017795851,9.940484605231978,0.1540222189855109,0.10118081663299998,0.2584674392061309,259.1961507168627,259.20258314787486,9.60973642534125e-06,9.60080633161972e-06,3155392.0522691114,3156168.4411746673,0.33083257142876155,0.22343907338040928,False,2.481684621620219e-05,0.0009292756144673999,0.0002460514866916848
EPSO_1,47,5.538327527064706,9.955185047402912,2.000420438152176,10.0,0.2189456521787565,0.0,0.3706732215348316,261.1992418970208,261.19758860466754,9.590898132507211e-06,9.58234486762051e-06,3376093.8749382626,3377901.247258519,0.17840525834496668,0.03077641161425492,False,6.329621561043202e-06,0.0008918106280068821,0.0005353442135222756
EPSO_1,48,5.003325953972248,8.326890865024067,4.333195527879849,8.600637473032883,0.1,0.07949997716296037,0.28656307244935125,258.90819837835005,258.9136248533601,9.616962209185548e-06,9.607296628530733e-06,3165895.0252982485,3167100.1947586047,0.29272960687387806,0.21852690438909866,False,2.0959069832583117e-05,0.0010050554888925583,0.0003806725904446881
EPSO_1,49,4.863846780688121,7.922343900471127,4.675895209442227,10.0,0.1,0.06789373409142696,0.11650630478780427,258.77800236836543,258.7846721408606,9.61769743452041e-06,9.607629739577516e-06,3102466.8114446546,3103320.9815114127,0.39387964632604233,0.3504683383208336,False,2.5774109213804115e-05,0.0010467884866869148,0.0002753196468072183
EPSO_1,50,5.67967931178457,10.0,1.8673938565665331,10.0,0.1,0.0,0.35208691671965336,261.13522952536687,261.13348941462885,9.591130517848016e-06,9.582260293868942e-06,3398622.255555077,3400622.240244617,0.20789286863289166,0.03111646771740859,False,6.663638380677988e-06,0.0009248361246432839,0.000588469249935393
EPSO_1,51,4.100476050511247,5.598858369981864,6.7674297337229685,5.619521520892956,1.2627563570616736,0.2179555614990546,0.2011483195391311,254.9129619954313,254.91568041293752,9.699906168354705e-06,9.685971878944393e-06,3191422.9299935144,3193410.877621768,0.6275570814913235,0.6177006392102474,False,1.066410073834917e-05,0.001436538577638198,0.0006229032227507512
EPSO_1,52,4.470675832728489,6.484109640569824,6.39248883579971,6.359699444459415,0.40221639505214846,0.1674796715697272,0.148744753410332,256.10700566215775,256.1083660410874,9.671282168527651e-06,9.657833851743805e-06,3024124.5645779124,3026078.1789881126,0.49104128083666326,0.48905208150719337,False,5.3117599267359575e-06,0.0013905412487715096,0.0006460099008761661
EPSO_1,53,4.121695498227434,5.724849384321951,6.634251975773653,5.804399963610035,0.7416772737821464,0.19730920128787507,0.2077624575304745,255.383588923748,255.38600714883887,9.689281941484997e-06,9.675686933208532e-06,3057143.9873867454,3059149.4435683386,0.533666837804394,0.5418144564682394,False,9.468991727577286e-06,0.0014030976039882926,0.0006559900972500509
EPSO_1,54,4.902508252169348,8.031648638509443,4.407106845351797,8.512375077131377,0.1,0.10183159097091832,0.1784193653527385,258.5169316827754,258.5227869331147,9.620159690484953e-06,9.609399797566285e-06,3148155.277743381,3149373.561812999,0.4239290541251153,0.333411967511718,False,2.2649388189594838e-05,0.0011184734209048822,0.00038698347512626014
EPSO_1,55,5.097019993989516,8.778903358683397,3.8333106855252046,10.0,0.1,0.021121834889947493,0.1689470076926042,259.4156626212397,259.4226571920627,9.605075676831154e-06,9.595528095458062e-06,3183346.6200264907,3184227.8310101144,0.38440300462379295,0.2181841412431732,False,2.6962793041563683e-05,0.0009940141748307218,0.00027681904888397524
EPSO_1,56,4.837521836121793,7.793770321503521,4.369728938620337,7.898805420072469,0.7046717704435297,0.0996065456434615,0.28276544332210346,258.2135223911829,258.2190965615697,9.631680915852026e-06,9.622407194128076e-06,3319086.281801522,3320229.493060391,0.373404370934035,0.24373819144710734,False,2.15874456735977e-05,0.0009628352314585895,0.00034443553490530064
EPSO_2,0,0.16992334627611605,0.1,10.0,0.1,10.0,0.9890313190722773,0.990403315394,244.28694440731937,244.28304877617305,1.0081053661588394e-05,1.0076339075489247e-05,29062067.56673878,29359761.19354528,0.9671281717559196,0.9851037994124097,True,1.5946947782135526e-05,0.00046766798961809944,0.010243373983040514
EPSO_2,1,9.322395173135462,0.1,1.8651734966665021,0.1,0.4289357718481792,1.0,0.9759399731287903,243.7547706223378,243.7625854424232,1.0283589652871448e-05,1.0281263939136116e-05,41890240.24703562,41918449.78275603,2.5373433465500588,0.2810951933675653,False,3.206017287558305e-05,0.00022615777309650847,0.000673415467518218
EPSO_2,2,10.0,0.1,1.7544549167448134,0.1,0.33590915727238446,0.9805327073712377,0.9396058362464844,243.05844863770227,243.04741073201077,1.0320146076880958e-05,1.031842089752297e-05,44704755.06605204,44782603.26126572,4.671772810568926,0.23885821356062334,False,4.541255715800262e-05,0.0001671661762475761,0.0017413851188459362
EPSO_2,3,10.0,0.6508663008215801,1.0675883121453351,0.1,0.1,0.9578267953113956,0.8871115678312295,243.742276071366,243.7172141093201,1.0300170439080546e-05,1.0298483639003055e-05,52125434.72201484,52156321.85070507,15.422406961464073,0.1453576178440779,False,0.00010282156403002619,0.000163764287927853,0.0005925538818996235
EPSO_2,4,3.903216015270636,5.340303487932316,8.202119251480177,7.124077369545484,6.349391532313659,0.5910254563345019,0.6157632163182656,253.2108663926475,253.21298498905998,9.747526540617346e-06,9.734773201971208e-06,4273209.785077352,4275599.440367893,0.7304386969457853,1.0169904562623955,False,8.366925332507425e-06,0.0013083666500414818,0.0005592178738535727
EPSO_2,5,1.3915069339252555,9.725032530666983,8.03984449904298,9.728349512545424,1.0011618415484813,0.08337746700144655,0.0,258.9135873061076,258.91703887992014,9.6259815224897e-06,9.612862533548371e-06,2412061.7254824853,2412745.0411717915,0.08247982897532592,0.08247982897532592,False,1.3330987563992767e-05,0.0013628728572435867,0.0002832911289488484
EPSO_2,6,1.7492093637466262,9.30474867591627,8.001552869847336,9.661287705554658,1.8876016469260821,0.17331068646937797,0.10065416303497143,258.175383901092,258.178575073867,9.634515003300794e-06,9.621946881786915e-06,2582929.0024322663,2583524.4577347026,0.17060504567739465,0.17009938001387107,False,1.2360484283199551e-05,0.0013044892773090644,0.00023053490896406681
EPSO_2,7,4.688741399380423,1.095645153992121,9.720683623249338,1.3663149635190115,8.326859982729232,0.7936139347140494,0.7900701106527948,246.33687664640448,246.33475605837367,9.991716099613072e-06,9.978064973305434e-06,12829528.73053678,12854875.9023505,0.9463813614580121,0.925090730215815,True,8.608487936014024e-06,0.0013662444140267625,0.0019756900152840084
EPSO_2,8,2.2863424234190113,8.324533360195558,7.962244762883882,8.836562280355139,2.8194145610239842,0.2518490744442988,0.20246462005712967,256.954563284172,256.95814107734924,9.655976810678444e-06,9.64347774494697e-06,2836733.861452288,2837856.6373797907,0.3321768462726938,0.32228719702592956,False,1.392383591669377e-05,0.0012944382506854327,0.00039579882440147134
EPSO_2,9,2.63229375610492,5.919245948625214,8.989794936808053,5.630117518855398,3.8159756959830835,0.3590017492404753,0.28476056300642905,253.9416907809617,253.94238721848498,9.730899931887686e-06,9.716465442569106e-06,3254735.691632952,3256460.8581125494,0.5794708321901522,0.5015194611687214,False,2.742509594019402e-06,0.0014833663298990916,0.0005300481031477523
EPSO_2,10,1.8188918500108118,8.670609191340999,8.23387589448647,8.78462727114374,1.9320469145093107,0.17278211263131515,0.09000012414570846,257.5858604937489,257.58862624313605,9.647106713169267e-06,9.633709048834438e-06,2598734.8486904413,2599334.992018218,0.19350191237975925,0.1912547248596417,False,1.0737194121797271e-05,0.0013887753844932763,0.00023093672987809183
EPSO_2,11,3.276874507708858,3.3619363504921624,9.501285134286897,2.8068549874481743,6.895131868891418,0.6614181981973335,0.6244122111565903,249.55152787551768,249.55216873519774,9.863170188885403e-06,9.849672684597773e-06,5570267.524557155,5575886.083721614,0.9154637872369695,0.9139890293069898,True,2.5680455075425884e-06,0.0013684752497569834,0.0010086695369099891
EPSO_2,12,2.851555985772394,7.607678148791009,8.27498340230215,8.56768109357285,1.7147690107851323,0.14340089699318165,0.06855786855239057,256.7333700559949,256.7369861881859,9.663437609330172e-06,9.649618925841634e-06,2756109.946501892,2756781.235668021,0.29404019900987777,0.2887929630447747,False,1.4085166218149777e-05,0.0014299966582488077,0.00024356400113164633
EPSO_2,13,5.517235238091732,3.8072654882574506,8.976053982006647,3.5155980357238823,5.632857070531767,0.6972009241009769,0.678232207412915,250.11070728967167,250.1161107448627,9.842365970656588e-06,9.826579713358344e-06,5640475.947530172,5642221.44866522,1.1246568187313828,0.9104929168397203,True,2.1604253770652087e-05,0.0016039087903567295,0.0003094599021936738
EPSO_2,14,9.98401502442121,0.21584664849492835,1.3803603466143664,0.1,0.1,0.9810265033197507,0.9253977094336867,242.63157126507517,242.62270644090773,1.0344641373222056e-05,1.0342866140487844e-05,51779232.98309608,51729586.777293816,10.943535484314799,0.2018792486928861,False,3.653615282302745e-05,0.00017160892003538947,0.0009588053538465779
EPSO_2,15,3.223200195475228,4.776808554074004,9.065363069210854,4.857037152423591,5.082553378281433,0.47963728802117905,0.4313206428008613,252.2327415490813,252.23449845660355,9.777318127077271e-06,9.763715562871495e-06,3968385.027895206,3971008.7919762414,0.8718599964915649,0.7664239743222937,False,6.9654221392728244e-06,0.00139123674089169,0.0006611667120483253
EPSO_2,16,4.9089258453187385,0.5255155681304418,9.795790170271088,0.690595147741538,8.709237568031298,0.8258944684156291,0.8287884647156974,245.3006956622229,245.29728625748768,1.0039733932970278e-05,1.002574730164235e-05,20335402.606774155,20423644.487400353,0.9077088519855906,0.9180291078447556,True,1.3898879193979856e-05,0.0013931276885729986,0.004339323018704467
EPSO_2,17,5.394993508781815,4.082914823910977,9.645475084260323,3.913679917866068,5.593684757897096,0.6597989799364147,0.6435633630749239,250.35843351924933,250.36297240485538,9.831686796982027e-06,9.81548164118341e-06,5188228.314828164,5189871.420476996,1.1703263632272949,0.9713827668547766,True,1.812954947133292e-05,0.0016482579371417635,0.00031669879371660147
EPSO_2,18,4.818832349874321,0.7558000175959858,9.802670706652851,1.3592519081242207,8.649123052157513,0.8263475109166709,0.8264449499771305,246.0349353199327,246.03226704206742,1.0006915092422137e-05,9.993584548198651e-06,15250549.648056887,15292677.588278184,0.9182549076150845,0.9067062548405408,True,1.0845117835916994e-05,0.001332133239901309,0.0027623883199950276
EPSO_2,19,4.686787743336165,1.1974423500587719,9.637935623453183,1.60825128172289,8.219621668457036,0.7785858733543561,0.7769711117983052,246.6223166700523,246.62024941917315,9.979542994734632e-06,9.96590451524615e-06,11785337.000654802,11806035.456600698,0.9525337363768904,0.9346194119751068,True,8.382253913851242e-06,0.0013666436925696664,0.0017562888481462994
EPSO_2,20,3.970546139041702,1.888549883547998,9.630498927267343,1.6650480161995223,8.631463162052688,0.8283980132484776,0.8246591124277183,247.21234612087392,247.21003266851562,9.953830052037493e-06,9.940470313209515e-06,9671516.149235817,9685083.400577027,0.9808203329995252,0.9806878880301821,True,9.35815866236222e-06,0.001342170677833046,0.0014028050133879659
EPSO_2,21,2.592006045074282,0.18830158297968524,10.0,0.17996718018597357,10.0,1.0,1.0,244.49358436882508,244.48589567206844,1.0074248233094826e-05,1.0064847123864512e-05,29363473.6852388,29652889.647864677,0.921965640715716,1.0213483518299122,True,3.144743767610107e-05,0.000933182210006564,0.009856325778355279
EPSO_2,22,1.2011866296458478,0.25964798339357376,9.929180220949373,1.1770704712378128,10.0,1.0,1.0,245.4912001230933,245.4832612033977,1.002767906863278e-05,1.0021427873785144e-05,20132353.62872605,20294208.47485383,0.9388232664789158,0.9979858478788924,True,3.233891761349428e-05,0.0006233939882650467,0.008039539197087919
EPSO_2,23,2.1841674287726054,8.970597080389549,7.72781641970758,10.0,2.6159812942651612,0.23310382401263816,0.18949839685237996,257.72587287947164,257.72981722776007,9.640209241887455e-06,9.628380008449882e-06,2778280.966646524,2779220.5394846527,0.27595976734420513,0.2711966877863258,False,1.5304432746155307e-05,0.001227072269985074,0.00033818496019955805
EPSO_2,24,2.96929460080103,6.248600377507453,8.519300971531276,6.8225546565225805,4.512452765255441,0.42395442852350246,0.3841275620993689,254.26521943274403,254.26824312055396,9.719482436411556e-06,9.706725990844474e-06,3446498.0966101903,3448350.552157962,0.7261320900020561,0.6469970015508851,False,1.1891865575144409e-05,0.0013124614042505577,0.0005374892124832067
EPSO_2,25,4.3178432301628975,1.953689918939168,9.581189196286918,2.3195804720722704,7.538691463322376,0.7188330743934215,0.7022402274588374,247.84025262281295,247.84018199742408,9.928267544628849e-06,9.914709685115985e-06,8169002.670686978,8178849.638112883,0.9244903541890998,0.9128120132967942,True,2.8496335088773104e-07,0.0013655816034286695,0.0012054063173757147
EPSO_2,26,4.3546829374646325,1.5907587213649688,9.760175565267675,1.5871593185823398,7.618459505384628,0.7265292146080742,0.7048680552108308,247.00373519807363,247.00327295775193,9.961592924471096e-06,9.947770079781503e-06,9844772.934103966,9859962.799423428,0.9274699928798842,0.8957010008501042,False,1.8713900068148533e-06,0.0013876138880998493,0.0015429370917070335
EPSO_2,27,5.161050277051304,0.1,9.881453387669607,0.522221317281085,9.338648074194852,0.8899930841645263,0.9029989622387744,244.83511383721083,244.83019625450402,1.0066478513221695e-05,1.0052786591482665e-05,31063915.169768907,31382596.564702336,0.833735490299319,0.9139722068911523,False,2.0085283641460923e-05,0.001360150098273893,0.010258893419962922
EPSO_2,28,0.588802189787612,0.1,10.0,0.8173961874224401,10.0,1.0,1.0,245.01430577508236,245.00959371325322,1.004841779019329e-05,1.0043498453854657e-05,26394721.17409016,26753551.53317279,0.947318513161246,0.9731152985316351,True,1.9231782463609753e-05,0.0004895632766616588,0.013594777407039644
EPSO_2,29,2.2860910300847928,7.658152048571548,8.354478369180061,7.9624412629734795,2.948608425173398,0.2703325875490673,0.20553120750359544,256.24779472840294,256.2502654755674,9.672949158383265e-06,9.659727513943274e-06,2869331.8539965567,2870443.492961972,0.36098173134654815,0.34090539103552847,False,9.642023132666537e-06,0.0013668679761985423,0.00038742084289307747
EPSO_2,30,4.107022395428955,1.9737582167505847,9.806659893773416,1.5900567157614844,7.161883302114781,0.6865196216863991,0.6517252794999051,247.4487186136482,247.4490448953972,9.943405184415794e-06,9.929054253603362e-06,8523024.33046482,8536537.191912655,0.9383833718233169,0.8798594094208949,False,1.3185833042057343e-06,0.0014432611913395253,0.001585453815910718
EPSO_2,31,2.4930814279834452,7.625604581691945,8.178806378629314,8.36173134413454,3.344988041478803,0.30580742919953086,0.2585568588684881,256.15938167215813,256.16257421073,9.67374956599624e-06,9.661189176721674e-06,2988172.5207732334,2989465.027980563,0.42931390335856917,0.4050412840925386,False,1.2463094464907143e-05,0.001298399259653869,0.0004325410257756455
EPSO_2,32,4.762882315281935,1.8608991442298015,9.22377445717878,3.494766137958736,8.537933235124473,0.8192674180857671,0.839967943871902,248.53053373288495,248.52754290856257,9.90799975664984e-06,9.895143412079388e-06,8407800.484961208,8418030.60785176,0.8852576093139796,0.9979748660018369,False,1.2034031704112399e-05,0.001297572152423989,0.0012167418707010036
EPSO_2,33,2.897384418418641,6.71971918585179,8.089421274323291,7.5437677918240755,4.239573505915475,0.3923410044017931,0.35995477654795854,255.0050030409953,255.00871182208442,9.699967000490373e-06,9.687572367341335e-06,3335553.8040510337,3337154.2463852307,0.6624460384536967,0.6125186233908569,False,1.4543954216202257e-05,0.001277801578954955,0.00047981307699286905
EPSO_2,34,5.997304787799802,4.182183764156008,8.755891766054932,3.6294153544759458,4.346898278694328,0.671387169989264,0.6493231984012976,250.6387304267432,250.64285518541033,9.823934410494554e-06,9.8088925552256e-06,5136508.362320359,5140234.452143962,1.1545068825109284,0.9190062002254489,True,1.6456988351755902e-05,0.0015311436986881815,0.0007254129772154172
EPSO_2,35,3.4156939783863116,4.315104028073518,9.141056986639718,4.49863344707009,5.509346872803825,0.5209667569551536,0.47902979929738093,251.5486349921544,251.55056176100487,9.797885578871588e-06,9.78424830217853e-06,4313482.244407245,4316873.285986323,0.8830416023170711,0.8509285006107122,False,7.659627532970062e-06,0.0013918591499441997,0.0007861494233515607
EPSO_2,36,5.305337030609807,3.540228435028822,8.985209581934317,3.5152577075049516,6.275750578028537,0.7081491052721154,0.7048357855466977,249.83139972314717,249.83554565398035,9.852687815557968e-06,9.837475728622173e-06,5948842.021836631,5952751.952933279,1.0152476126735124,0.9763416832398324,True,1.659491496172867e-05,0.0015439530025272807,0.0006572591913343033
EPSO_2,37,3.042717842558432,6.704866942109442,8.500633471633614,7.446858435706064,2.815426124167375,0.25304481168634074,0.19036695054034125,255.3417036735232,255.34467866512225,9.693754372575424e-06,9.679787892766566e-06,3040328.9167523533,3041465.6812749165,0.47564532986890745,0.44416582085358586,False,1.1651021185517935e-05,0.0014407709615966717,0.0003738952441295332
EPSO_2,38,2.681010250531453,5.046690063761774,10.0,5.379550847470535,10.0,0.5630575612359627,0.5824399992814211,251.19105833311863,251.18585838530953,9.808350736082432e-06,9.795379028931712e-06,5036936.595677865,5040909.301931831,0.8584068825077636,1.3382977086863557,False,2.070116605109181e-05,0.0013225166493078444,0.0007887147631310763
EPSO_2,39,5.163544330985498,6.491142853692921,10.0,5.03870102905556,6.27036138036957,0.5146946679869553,0.47850019992891546,252.0434292872684,252.04923476123383,9.779851061625035e-06,9.765392236342787e-06,4465289.743723688,4466134.153032594,1.1516248149104866,0.8280651586702822,False,2.303362552181924e-05,0.0014784300078948549,0.00018910515495518013
EPSO_2,40,3.780936896140868,4.199580052501054,8.86082704469848,4.967241157564086,6.221642425114734,0.5854002610447392,0.5730888424418983,251.41271454509115,251.4149687454007,9.800071031267098e-06,9.78680066925527e-06,4663802.639318157,4667247.754950364,0.9333882560186347,0.9351271984945662,True,8.966134881561971e-06,0.001354108757935527,0.0007386924144609184
EPSO_2,41,3.093054659196686,5.722074011870546,8.682895111690453,6.057008878622886,4.704188995734903,0.4388275168205884,0.4007910480195739,253.5210507620332,253.52390101647222,9.738721813989998e-06,9.725414286177593e-06,3604525.019531677,3606691.233154474,0.8337956819249137,0.7235570702490128,False,1.1242673657447688e-05,0.0013664552768402247,0.0006009706163943518
EPSO_2,42,2.7495294320841426,6.32605079431476,8.65992843027142,6.462997657524253,3.973197594425507,0.3694650946987153,0.3149731802794621,254.4229091583957,254.42515227633373,9.716074674410156e-06,9.702550476021873e-06,3265533.192934459,3267319.002634546,0.6101325199635387,0.5436423633213009,False,8.816493551843346e-06,0.0013919405563958705,0.0005468661913927619
EPSO_2,43,4.642304333294453,1.9225440339562017,9.299527350052271,2.7354148280848642,8.112846470878296,0.7677717209835068,0.7764972509109831,248.0595568305565,248.0578522019518,9.92229267933848e-06,9.908877421397675e-06,8461822.95772532,8471478.644964643,0.9596882875185353,0.9836761758000351,True,6.871852173240399e-06,0.0013520320730652103,0.0011410883077514094
EPSO_2,44,2.148103244704646,1.9745720341850628,9.403975798422602,2.7691380344565735,9.463645237125258,0.9952478227078881,0.9958006707190341,248.20800068699847,248.1992561957169,9.914583559585805e-06,9.904127234600375e-06,7576484.982264726,7585513.457484602,0.9950482631108685,1.1724069131929604,True,3.523049723360245e-05,0.0010546408654067744,0.0011916443101266236
EPSO_2,45,3.344064150624613,4.990944870784846,8.826803991908896,5.496407250662322,5.274637842246329,0.4947207913045403,0.4620324313183782,252.56321374650972,252.56576006031167,9.766069758595636e-06,9.7528825883795e-06,3975901.2470025104,3978438.0691944812,0.8765211228410713,0.8466731293485767,False,1.0081887081596639e-05,0.0013503047328255007,0.0006380495979077538
EPSO_2,46,1.7323883076804591,4.922749041158218,10.0,5.993946258500461,10.0,0.5505748346565473,0.6016424032903194,251.8116835643236,251.7981934859418,9.789689829967e-06,9.775475603070943e-06,4619004.676446827,4623566.2987535875,0.7332528143116757,1.490482804370851,False,5.3572090821436703e-05,0.001451958861101711,0.0009875768972525552
EPSO_2,47,2.5998300397355756,7.209018884604083,8.314762440429638,7.753166951543783,3.6155819622197605,0.33357148034561523,0.28395204870294255,255.5934579131325,255.5963985925365,9.6868547497686e-06,9.674096304976673e-06,3084059.839528764,3085467.3467286876,0.49330306294180726,0.45641040073963707,False,1.1505299971296172e-05,0.001317088479336687,0.0004563812873807828
EPSO_2,48,2.7075195633109885,7.051622863217956,8.294466526856278,7.76065469525394,3.8306734686651405,0.353312545641999,0.31179241764722554,255.3961235122892,255.39928481752824,9.691144513729816e-06,9.678516171630403e-06,3160105.4956625937,3161497.82509171,0.5453363005409722,0.5059269303578107,False,1.2378047072804456e-05,0.001303080568195224,0.0004405958696718016
EPSO_2,49,5.21927409713267,0.5530739072472661,9.532447456120485,1.7290663209699568,9.42965281778154,0.8969482976587797,0.9277837741361927,246.3252675380429,246.31901231224688,1.0004332605398404e-05,9.990964987467057e-06,17157098.252748124,17243877.571378436,0.7807267380506624,0.9904023199231221,False,2.5394170312060334e-05,0.0013361828778197232,0.0050579251428143936
EPSO_2,50,3.908479051086529,2.051465042143529,9.601253024301656,1.8336502602248572,8.434083951345961,0.8089275606098527,0.8019043740408438,247.48772994063657,247.48590055497564,9.941994422806112e-06,9.928678516173725e-06,8918186.51854819,8929695.822679726,0.9743945863330002,0.9743665443286336,True,7.391823672894684e-06,0.0013393596964651117,0.0012905431062244072
EPSO_2,51,3.784488079807079,3.091828430225828,10.0,4.098942500857431,9.411230952620267,0.6994289636474489,0.7209230534968146,249.47007721463635,249.46528547010675,9.868387228062506e-06,9.855333189696156e-06,6413676.86673659,6419922.825476116,0.8952535544886709,1.1469902850932212,False,1.920769249401921e-05,0.0013228137551420946,0.0009738499256049534
EPSO_2,52,3.7466230658331767,4.002401556509621,8.999853680962705,4.499127476854533,6.175442348399619,0.5823282214650222,0.5624468280182942,251.04609431200925,251.04813193717987,9.81180663981445e-06,9.79841073073498e-06,4764671.483138114,4768201.854606549,0.9278713336423583,0.9279183094859126,True,8.116538025471604e-06,0.0013652846587001775,0.0007409475093778897
EPSO_2,53,4.993639235401225,0.7231713434186356,9.61959617598093,1.2481083576778127,8.887409596966771,0.8426301263123338,0.8575255283366213,245.97505704120476,245.97100348514292,1.0012588156476032e-05,9.998686008215462e-06,16161738.321234446,16212380.023443395,0.8629459452549056,0.9636856894915247,False,1.6479541099034888e-05,0.0013884670020686087,0.0031334316397396787
EPSO_2,54,3.6445181009589476,3.028423247791924,9.601851182233109,2.7045245641516065,5.9925626595009716,0.5668167125906455,0.5170421314722562,249.42980248272912,249.4303605275569,9.869853961765498e-06,9.855507729515274e-06,5547733.08274491,5553409.908707924,0.9250117611985884,0.8739144860401896,False,2.2372820818900646e-06,0.001453540478491283,0.0010232694829299578
EPSO_2,55,3.2647065363867576,6.712188358958688,8.35997722164608,7.8552737739199,2.7720216488839906,0.24526282945951083,0.19036619148285927,255.4611555753094,255.46462710980396,9.690722391714204e-06,9.677185599684021e-06,3081334.205480919,3082335.5804696907,0.49575328166017635,0.4666949189924852,False,1.3589285176242285e-05,0.0013968816237845216,0.0003249809731739955
EPSO_2,56,4.058662790580197,1.6979967991153282,9.33257198409627,2.5706037876710064,8.87146991445111,0.8709096469903445,0.8858092960094714,247.78518150939013,247.78076279642937,9.934358578044326e-06,9.921615420526525e-06,9088248.797375323,9100199.790996997,0.9197391207041411,1.024432831395478,True,1.7832837838969046e-05,0.0012827358120497457,0.0013149941081195828
EPSO_2,57,3.7903030033019354,2.301328386286371,9.852215638565527,1.7541489047813466,6.3130434875650785,0.5978114451538595,0.5437028760137451,248.1409721911252,248.14090428963303,9.919115277425278e-06,9.904336733840646e-06,7044635.47699043,7055349.738561138,0.9399067380953381,0.84573987365815,False,2.736407920601308e-07,0.0014899054170956702,0.001520910713649187
EPSO_2,58,2.0849359215790693,7.269502079746939,8.763464024361515,6.798603845981504,2.5915163478178282,0.2399321757314143,0.14841768144441814,255.79608961306147,255.79716577852528,9.686076597036902e-06,9.671086844296378e-06,2779956.028727218,2780777.016250292,0.3204607119634366,0.30184179571240627,False,4.20712242099714e-06,0.0015475567006262526,0.0002953239240441077
EPSO_2,59,2.5962958958755333,6.027279935412723,8.962172068859541,5.714568306269844,3.7358036868743683,0.3512174650423371,0.2762805876024128,254.08169152856385,254.0823538252793,9.727095600070724e-06,9.712716595416047e-06,3215142.0982966498,3216504.609185587,0.5597664683282713,0.4872642114220049,False,2.6066290391757608e-06,0.0014782423496045604,0.000423779368774786
EPSO_2,60,3.5944008184369074,3.7865409130128036,9.272533077850067,3.8156529815534213,5.93324570618649,0.5632809101776832,0.5249501947330025,250.63853341826413,250.6403001543054,9.826496578169944e-06,9.812644637535552e-06,4808992.675177487,4813084.041690526,0.9072522525601405,0.8944892716053682,False,7.0489402295039114e-06,0.0014096520081393605,0.0008507741203594128
EPSO_2,61,2.3577486159172643,6.7857761521470685,8.76719463087004,6.647538503885341,3.170575387015326,0.29481028403642223,0.21627205990625867,255.17500345486732,255.17619086213833,9.699459604949867e-06,9.685101283079708e-06,2966737.5298063774,2968266.239485634,0.4253758128658039,0.3869985267113206,False,4.653305593916921e-06,0.0014803218380158236,0.00051528308921768
EPSO_2,62,4.192356661528109,3.1506284275483587,8.90990515620985,3.9761390605753064,7.132643603110334,0.6735785308280321,0.6734797881128656,249.9331629210282,249.93389662159683,9.850512109629144e-06,9.837225229536472e-06,5871891.109585599,5876674.382827581,0.9679202774451272,0.9687945782305707,True,2.935587098734061e-06,0.0013488517089059865,0.0008146052358112338
EPSO_2,63,4.326128112872925,2.693634697006286,9.182007561371561,3.4840578899123384,7.449111642419572,0.7051463038461805,0.7063424587864653,249.2022197690861,249.20224006584067,9.876601598345643e-06,9.863069951490357e-06,6546387.596868244,6552637.53604858,0.9812738057042404,0.981155924574861,True,8.144692526891858e-08,0.0013700711444666139,0.0009547157249481986
EPSO_2,64,5.6213198905092785,2.9915448301897762,10.0,3.148810176304767,6.1143052930899735,0.7471520820895019,0.7448064338564193,249.01021089824977,249.01340472442988,9.878518503724967e-06,9.861606093861198e-06,6285700.520984314,6289831.435171208,1.0908303634281977,1.044219681012258,True,1.2826085197822788e-05,0.0017120390934522783,0.0006571923325177889
EPSO_2,65,3.0643007387440075,7.114952076180167,10.0,6.169671179426066,9.360937163968499,0.44956681099363943,0.4395969026947191,252.4527515101753,252.4552727339737,9.768837493142545e-06,9.75639774010988e-06,4461204.23950644,4463969.170248555,0.858206534173544,1.0187966459417728,False,9.986913524667435e-06,0.0012734118098900822,0.0006197722842701945
EPSO_2,66,2.858970024078209,6.38304655439243,8.533251796472468,6.717539419290282,4.170661707186994,0.38648867379603613,0.34298827656453945,254.44730231850656,254.45014137969588,9.7144412360423e-06,9.701277106401748e-06,3328676.902164537,3330328.941602903,0.660200054930348,0.5950774131481427,False,1.115775708152831e-05,0.0013551092976620469,0.0004963051347193499
EPSO_2,67,4.741191137814663,1.2632435382097764,9.555799968491185,1.819480316656802,8.332985923156725,0.7892045634329393,0.7929948487114408,246.842630487932,246.84033348154452,9.971377626663538e-06,9.95779256225344e-06,11314410.588065509,11333235.007067781,0.9623019757998956,0.950895795563485,True,9.305549786733204e-06,0.0013624059702414058,0.0016637560441838898
EPSO_2,68,4.3724602867335935,1.9406613064557368,9.200221580333281,3.0311376085516075,8.582100339953845,0.8258764292144909,0.845830562560063,248.3146081205054,248.31073623958142,9.91439941495508e-06,9.901381455161756e-06,8309931.989542131,8319389.76081174,0.8872246502703347,1.032927142072554,False,1.559264254844828e-05,0.0013130356412398559,0.0011381286009934483
EPSO_3,0,1.5488156873701588,8.981716391318866,3.0645146305985476,9.891919163363239,5.422083748666382,0.13803263360810775,0.33856268581770305,259.3892219399489,259.38986977774044,9.616177801389406e-06,9.606552203044916e-06,3627950.663393516,3628886.610232063,0.08599480654037522,0.5590568633375278,False,2.497550926262653e-06,0.0010009796556693237,0.0002579822399435672
EPSO_3,1,0.6241501999217771,9.219259268280375,2.140392389851477,9.943868409794215,5.693235958212694,0.11711408107193766,0.2961959879820839,260.0949673221768,260.0962938729598,9.603076886465276e-06,9.592866850921741e-06,3577240.857887309,3578914.4275336177,0.05954645892451393,0.568748115746948,False,5.100255482307748e-06,0.0010632046024670358,0.00046783812239499625
EPSO_3,2,4.990387060939083,7.75823025851168,6.591670138280845,9.852690934547608,4.439394975962262,0.23721064988036789,0.4335188260090048,257.1441599099383,257.14274787388973,9.665918545678783e-06,9.65776550687844e-06,3742860.7570624575,3743389.722627132,0.1687213526194082,0.5668520398409667,False,5.491223479748466e-06,0.0008434830856286101,0.00014132654111606612
EPSO_3,3,5.421851045102789,6.52429097976672,7.705109240149815,7.424620162530719,4.127785810099726,0.0,0.18954600180160897,254.28593780179747,254.29008691106435,9.719277986783249e-06,9.707775327808185e-06,3957674.4247017256,3958157.2928397437,0.5784982227105061,0.5803116030076411,False,1.631670749371287e-05,0.0011834890401021011,0.00012200804972846045
EPSO_3,4,5.290400966339105,7.455406948746859,6.949785554150412,9.937055141406642,4.369066189359672,0.2581803642508308,0.4055346293527695,256.39152103503534,256.3924081271662,9.67543958735985e-06,9.666039993730037e-06,3774157.6604354177,3774657.3575540558,0.25513719861652084,0.7080558841769844,False,3.459912119168751e-06,0.0009714900852766208,0.00013239964081957143
EPSO_3,5,5.018554726539093,5.8811936797895745,7.791615750944084,5.0412146609613675,4.533079393663011,0.07005306387065534,0.2115834033955735,252.8815018482009,252.88513985070392,9.7621877298319e-06,9.750155478963832e-06,4411704.460595163,4413366.419794818,0.6621470660199298,0.6625327268390752,False,1.4386194626420878e-05,0.0012325363126646659,0.00037671589620298223
EPSO_3,6,4.591215128329429,7.988734262712553,6.15970018508696,9.773781468230577,4.546446276294456,0.22014141128339432,0.43888266865398307,257.61656720197914,257.6139011100436,9.658935426985228e-06,9.651405159602096e-06,3729709.449993448,3730276.54044536,0.13582039544971453,0.49363566565383005,False,1.0349070187784889e-05,0.0007796167020740698,0.0001520468174573275
EPSO_3,7,3.3387584683664864,2.417020273642642,7.533906832370395,0.1,3.801283463137838,0.03742207641048082,0.10200127476874983,247.25800948786213,247.2557574914971,9.962177028270353e-06,9.94569601728357e-06,23423841.69313495,23652850.48738582,0.8378553295859513,1.1555732312230311,False,9.107880346108799e-06,0.001654358373678167,0.009776739326153737
EPSO_3,8,2.733746584080478,2.677357913370868,9.01308477893317,1.2185299310587239,5.108095642692062,0.0945704851746575,0.07847058445099322,248.2631305759646,248.2622809970218,9.907133746978616e-06,9.88723186569037e-06,6737057.372879562,6748894.1528015705,0.987711678905192,1.1615092558917186,True,3.422090669766942e-06,0.002008843505753175,0.0017569658779600422
EPSO_3,9,3.5749060545417866,3.9146656054258977,9.879377506501598,2.2915541127639947,4.940844059878863,0.015898312400290063,0.029162277357940386,249.71063298680025,249.71248408938155,9.854946834065923e-06,9.835708046990215e-06,5120704.483243428,5124882.987154549,0.9728356371885196,1.1644569975460184,True,7.4129906250177235e-06,0.0019521959275523681,0.0008160017678806127
EPSO_3,10,2.3880592837678005,1.620979167159537,9.655225656643399,0.1,5.499078067934765,0.016741894048515147,0.05879948011825875,246.0733069643362,246.06699787037587,9.999596751211624e-06,9.978075366408276e-06,23120882.772981524,23414833.216654588,0.8515356248379995,1.1523819952927234,False,2.5639083077199582e-05,0.002152225268558013,0.012713634101227575
EPSO_3,11,2.3352835481678174,8.682250607947536,3.875670856540629,9.907607054124215,5.199073451692691,0.16194540153169526,0.3565881899671251,258.73908933001417,258.7393415608784,9.628064839825776e-06,9.618842666573367e-06,3660375.9479251183,3661116.807543822,0.11522491867869687,0.5822934594524108,False,9.748463786489984e-07,0.0009578428693439941,0.00020239987073562499
EPSO_3,12,1.4948234881879552,0.8439480688979544,8.923305188492133,0.1,5.360911932781257,0.09540178943615776,0.0,245.4290786837173,245.4148673261082,1.0028802290072232e-05,1.0012387543283199e-05,21383628.390865102,21736218.701376155,0.9442308356147723,0.9378633020016701,True,5.790413134954261e-05,0.0016367604340233176,0.016488797133309523
EPSO_3,13,4.5811734880868205,8.30592692902137,8.90162794170143,8.26698683813042,5.297318888907335,0.033739592969030535,0.22047469911895268,254.8086611482101,254.81333204183036,9.70670253853186e-06,9.694766155692856e-06,3695919.0713667152,3696470.7832379206,0.5600704120308123,0.9014471423983585,False,1.8330984509019954e-05,0.0012297052260148928,0.00014927596101322254
EPSO_3,14,5.1722986797064685,7.490166330206973,6.705767607443579,8.48108822408355,3.4598789513041903,0.07179336257219943,0.11834189694604154,255.59658822717503,255.60175042517352,9.685698532966496e-06,9.675234274208455e-06,3722414.177366861,3722871.7299247873,0.5513187829636046,0.5393616732374751,False,2.019666238228147e-05,0.0010803824548559493,0.00012291822890321682
EPSO_3,15,3.3840226499614,3.4848272702091956,9.70047445752983,1.9962782878346848,5.066468412099331,0.027823908483616766,0.05877252016049574,249.250110003968,249.25148091867973,9.870904070788092e-06,9.851054436755248e-06,5506284.114409438,5511801.313810812,0.967193734453278,1.1980594385757077,True,5.500156897505959e-06,0.002010923608465232,0.001001982332683483
EPSO_3,16,2.9921489447007694,2.91444829771412,9.597837710403372,1.906917261036826,5.140828301168438,0.035209255988436876,0.05205070525314255,248.85623573608888,248.85552184370113,9.884214244950943e-06,9.86492056375085e-06,5552604.9648665525,5559423.893620354,0.9871929383079295,1.1430496365024683,True,2.868693989680162e-06,0.001951969142104501,0.0012280594058009858
EPSO_3,17,1.7563356724752464,1.1889197579526725,9.104297119148185,0.1,5.3322649177048405,0.08132947274168689,0.0,245.7919521559228,245.78050312151487,1.0011573573092945e-05,9.993063851064543e-06,21474289.255831394,21823251.54079675,0.9239348019436747,0.9949400586274442,True,4.658018420657774e-05,0.0018488324430985287,0.01625023677422029
EPSO_3,18,2.9634015721634483,2.7801302166345536,9.953430719948761,0.9873885457911593,5.200674120469572,0.0043760248702456655,0.008703773871726874,247.9215912895793,247.9202834446842,9.922524778465416e-06,9.90106841887836e-06,7666447.256886779,7681101.281949088,0.9189764704854926,1.1642862672239749,True,5.275235965961338e-06,0.0021623891162884414,0.0019114492764748256
EPSO_3,19,1.6704767145384622,0.1,10.0,0.6393841868838146,6.067710518890102,0.0,0.0,245.02970160280543,245.01385965429273,1.0048390033047864e-05,1.0035074319159792e-05,23443795.946456417,23774845.759817936,0.9776702665400051,0.891863083539847,False,6.465317636627234e-05,0.001325158940315623,0.014120998754536464
EPSO_3,20,4.217173768035644,10.0,9.889396311664166,9.64021435711257,6.059936781328709,0.0,0.13024561644058613,255.21967224686543,255.22493137539078,9.692913797661078e-06,9.680650511191977e-06,3492378.6700002616,3493181.3889724677,0.6621195826876429,0.8103535809556902,False,2.0606281949401335e-05,0.001265180597403052,0.00022984877874255704
EPSO_3,21,4.372643225171171,4.870057805777687,10.0,2.491093292571137,4.910471385344174,0.0,0.09138431857016145,250.22506774911176,250.22702446972636,9.843624501269693e-06,9.82750197878423e-06,5272181.146902755,5277805.210042595,0.9147620851725075,1.174992807708953,True,7.819842481020459e-06,0.0016378644353392082,0.0010667431530011055
EPSO_3,22,5.066097320700065,7.8398597626214,6.329447773421688,9.663396916337776,4.5200133747821845,0.3323333315328759,0.3712910063826603,255.99412607062663,255.9980253805834,9.679737328881758e-06,9.670242020395719e-06,3896594.699550253,3897144.6980760233,0.38889364203969184,0.5343091475607317,False,1.5232029018131533e-05,0.0009809469165766558,0.00014114850739643572
EPSO_3,23,2.4227991375204123,1.5807646889690226,9.089848351999132,0.7000217403221513,5.545878864095305,0.07795185831684802,0.14028160159966085,246.70907664693937,246.70262268076203,9.969680852958782e-06,9.950232922057887e-06,9905491.072296472,9931806.655861013,0.8993378605056281,1.2023644338908401,False,2.616022995606502e-05,0.001950707468747448,0.002656666224064287
EPSO_3,24,1.956513754983388,0.6523851790416264,8.84460278491064,0.1,5.781219032221111,0.09131164933127474,0.17935225975825791,245.0921116254798,245.07843516762054,1.0042247395118327e-05,1.002352779953618e-05,24898939.67132542,25149561.738368075,0.8223588415417408,1.1437725840433774,False,5.5801297596008976e-05,0.001864084287671238,0.010065571881813196
EPSO_3,25,2.868198060729673,2.780884962903216,8.01219108338576,0.1,5.031754104290382,0.0,0.0,247.4229195557272,247.42344336589414,9.950757719549808e-06,9.930922591631463e-06,23575038.78531014,23840219.521741938,0.8933605356493749,1.3735218805886626,False,2.117064045214192e-06,0.001993328395422163,0.011248369041794878
EPSO_3,26,4.913191707410392,5.622767261848149,7.854480754929007,4.412099672986507,4.570614041568449,0.252334278709044,0.19665967679180885,252.3853211096903,252.39115393459363,9.77022509259828e-06,9.756524418261308e-06,4452569.319392516,4454588.310313288,1.0244730556730584,0.810335299894963,False,2.3110792964070824e-05,0.0014022885048320952,0.000453444017587424
EPSO_3,27,5.3228963548025465,6.354811417413174,7.7315391641244124,6.838984234531016,4.2183962065844955,0.04294422172838491,0.19294286626216198,253.94208992857017,253.94630500913857,9.728376816359664e-06,9.716644225548609e-06,4030869.0578309647,4031163.612099749,0.6184227065145859,0.6183030828727621,False,1.659858973983355e-05,0.0012060173071550102,7.30746309439426e-05
EPSO_3,28,2.104874350623753,0.9255607542065653,8.793627686548337,0.26279866038554456,5.719403872335856,0.09750761246698575,0.18974224084364089,245.61367616294103,245.60214110629673,1.0019434923658276e-05,1.0000232671094125e-05,17505153.668708872,17599704.28853872,0.8248679267050615,1.2021984316015821,False,4.6964227825217445e-05,0.0019165005522227426,0.005401301903385243
EPSO_3,29,4.063028900829945,4.482397220556156,10.0,5.460270052544766,4.932174678054809,0.0,0.0956136185007304,251.80170048021225,251.80441931186834,9.784805579236309e-06,9.768772347608373e-06,4012579.0544063263,4015618.8566556973,0.9669137823089324,1.0762453196648054,True,1.0797511100646093e-05,0.0016385845889425273,0.0007575681894747922
EPSO_3,30,3.1306113630119423,3.0689665899100653,9.890567871433166,1.4163454206920338,5.142207585492455,0.010362194743535957,0.021095845029910232,248.49759745844156,248.49738697449843,9.899365666202838e-06,9.878614507180448e-06,6389274.758167327,6397396.15650838,0.9450015918907456,1.1692052022036385,True,8.47026069016976e-07,0.002096210981804204,0.0012710986220573401
EPSO_3,31,0.1,9.576342074185938,1.4063741902823477,9.912578323890365,5.880845008802705,0.09022093480792953,0.2980219118964631,260.8095442239754,260.8090064398842,9.594747545648764e-06,9.584186129195852e-06,3532656.713843108,3535144.3549524983,0.029552782551663912,0.5229934995501605,False,2.061980104487e-06,0.0011007498011451954,0.0007041842191011897
EPSO_3,32,3.9005844556292404,4.60358799887912,10.0,2.0666429717471297,4.681340943413852,0.0,0.03560141351256986,249.9572076548935,249.9581897660273,9.852638853265502e-06,9.835388957365356e-06,5373832.780834366,5380617.118360809,0.9119647784893774,1.2109386182842063,True,3.929117079712978e-06,0.001750789423731775,0.0012624764861756729
EPSO_3,33,4.338127970076589,4.987787981471974,9.449699624511972,3.710779310314275,4.818228349968921,0.0546715933500373,0.16004551787838933,251.23342055937223,251.23728656355266,9.807032941022898e-06,9.791127258858433e-06,4512407.462346242,4515393.49062749,0.906200746485675,1.1270081880294434,True,1.5388096742128552e-05,0.0016218648657670568,0.0006617372890558023
EPSO_3,34,4.526101605012803,5.204913943658302,7.715495949580087,8.209348366951605,4.906610663994122,0.22600422932936104,0.41114058223627825,255.1824533791299,255.18400352482607,9.70648984679002e-06,9.693866417294779e-06,3919663.350151721,3921661.687655425,0.2989933650233872,0.7613304268976593,False,6.07465629256424e-06,0.0013005143666241876,0.0005098237591314804
EPSO_3,35,4.245861164231354,4.998542090001926,8.8418635518086,4.819320065953281,4.750423287055204,0.10820777843718417,0.22171468725929633,252.15063854915925,252.1550394844944,9.77769701620819e-06,9.76248708499571e-06,4196021.302468964,4197017.736920383,0.838820689617501,1.2541805564988762,False,1.745359583651224e-05,0.0015555739953147323,0.00023747125660029915
EPSO_3,36,3.763537371506988,8.245464435765383,5.3211234571891435,9.845962273576818,4.785709645540979,0.19864627067014984,0.4091123017743048,257.9593691396548,257.9575822374174,9.647722479448728e-06,9.63948124406206e-06,3699392.26933076,3700013.7027932215,0.1336770691494268,0.5339886135476116,False,6.927068566599178e-06,0.0008542156352676158,0.00016798258125080563
EPSO_3,37,3.1037838036633834,2.953676289737806,9.521351538658365,1.6614690710374527,5.192141184574028,0.045045164226670015,0.07965737050332547,248.6631311733806,248.663124602918,9.892073063779491e-06,9.87235855380045e-06,6028561.630101705,6035347.999241877,0.9636143922663151,1.203987245856986,True,2.6423147538742338e-08,0.0019929604089993416,0.0011257028718569951
EPSO_3,38,1.8224543197100869,0.28226724532494085,10.0,0.14148718836499685,5.909581391675202,0.0,0.0,244.6654700749017,244.64914994215528,1.006289685098047e-05,1.0046825143708601e-05,23000763.347634494,23264575.51340171,0.9084952499763561,0.9310198459986807,True,6.67038660642176e-05,0.0015971253119128794,0.011469713495154363
EPSO_3,39,3.0955320749274016,2.820899066084663,8.874172190723236,2.241380326952987,5.264737534580326,0.1068591737724953,0.18205294860521296,249.1751027855328,249.1752764999442,9.873418956802829e-06,9.855215020097372e-06,5536318.576967374,5542501.620412019,0.9533266636707117,1.3230870918998663,True,6.971579803165279e-07,0.00184373182026413,0.0011168149662427016
EPSO_3,40,2.7978950901828066,2.496357577109022,10.0,0.8308712272658574,5.257297313806644,0.0,0.0,247.5617324077377,247.5592494603514,9.936715204573392e-06,9.915166669333868e-06,8351282.360660649,8371655.809368846,0.9118762856725081,1.1410880759414512,True,1.002960902787153e-05,0.002168577321166087,0.0024395593189577426
EPSO_3,41,2.157813798066203,1.9135978071959219,8.627011460577139,0.1,5.173551647866112,0.12494318867323256,0.03438422392178653,246.62265217613609,246.61781079231943,9.974552378099715e-06,9.954339086868454e-06,21428429.19538036,21786694.68519782,0.9534238055566528,1.0828150629496933,True,1.9630734540946416e-05,0.0020264860482002256,0.016719167165771334
EPSO_3,42,4.163819538005437,4.840126103402959,9.102925912957412,4.1519390863474195,4.788931196938984,0.08371157460677592,0.17747861628686828,251.56414031541345,251.5684865611863,9.794407345340138e-06,9.778224335889285e-06,4334242.765376378,4335803.451035369,0.920238984810239,1.2415897416724107,True,1.7276889175807594e-05,0.0016522704110884853,0.00036008265883459567
EPSO_3,43,3.666243317761838,3.9489468061966844,10.0,3.3614968668582224,4.98154162298982,0.0,0.0,250.38412653486571,250.38602152985817,9.829507530093007e-06,9.811357028782638e-06,4473820.386674415,4477568.000722248,1.0293607033007646,1.0827644153017333,True,7.568351151808486e-06,0.0018465321131095598,0.0008376764652857579
EPSO_3,44,3.0823527375621387,1.5702809444231702,7.32774432829641,0.1,4.521669811972309,0.01083004665832829,0.0,246.2860479604693,246.28606160896254,9.986563783403108e-06,9.964989375766618e-06,23456657.594794616,23748722.90207213,0.9281612303071053,1.2112873964760897,True,5.541724090408099e-08,0.002160343447897978,0.012451275553526825
EPSO_3,45,5.098805184413259,6.136726254007208,7.717592792040266,5.52456501271431,4.54886636089187,0.23641741494092988,0.2961912769836484,253.1972038059452,253.2012135264194,9.751027269936186e-06,9.739059991787904e-06,4301251.501288232,4302425.391770508,0.6666753954289941,0.6666575007608369,False,1.5836353695517216e-05,0.0012272838355378796,0.0002729183545589381
EPSO_3,46,3.830974180514465,4.304399831114279,9.215741161898508,3.4809251914997543,4.880632372879937,0.0689566647173532,0.15490774640577798,250.8741894570267,250.87780552924895,9.815654377497993e-06,9.798380337189162e-06,4536447.098068656,4538835.376737186,0.9397606534209172,1.2864107013452784,True,1.4413887016770946e-05,0.0017598460219249866,0.0005264645694967187
EPSO_3,47,3.273975865811387,8.499900628962346,4.798633369336038,9.810332023774722,4.919211487160307,0.17948746670643934,0.4104661541500021,258.46026931104245,258.4575338078296,9.639520227548198e-06,9.631649861654127e-06,3680283.3506901446,3680837.687507288,0.10769206884718606,0.47743266144698093,False,1.0583844163619888e-05,0.0008164686320776101,0.00015062340703726876
EPSO_3,48,0.3843445838323891,9.365796643643232,1.8788023330567425,9.925804592714616,5.756917726798022,0.10635322393638763,0.3009083180685243,260.399826431952,260.4001404120371,9.598940269941375e-06,9.588431846971838e-06,3548207.452141953,3550099.111973934,0.047069367523963804,0.5370858469838105,False,1.2057614990915367e-06,0.0010947482403285528,0.0005331311253626862
EPSO_3,49,2.313185256470146,8.917096754481395,3.7944253535037906,9.758934038121316,5.187638045319971,0.14704817784308682,0.3979379047338202,259.23121787437026,259.2283087471675,9.62533107212127e-06,9.617252701853407e-06,3645778.563991622,3646400.681313613,0.07896490299966022,0.43769751617587643,False,1.1222132992407408e-05,0.0008392823277800134,0.00017064045746918973
EPSO_3,50,2.1052039790822,0.9180483573456014,8.745544766521032,0.3159791393308049,5.724042029576094,0.10117059821696388,0.19854809570501933,245.6857326489008,245.67454423202267,1.0016681095803727e-05,9.997302740175704e-06,16211521.061084911,16286192.05199645,0.8206525808373599,1.2137412981287463,False,4.5539546629336534e-05,0.0019346084239560257,0.0046060447153712354
EPSO_3,51,3.73332614939401,3.877254625558352,9.660047672494043,5.106148385775471,5.121832285665139,0.0,0.15980680422159332,251.49348453619012,251.494900902788,9.79491532242396e-06,9.778696078823935e-06,4171086.229938464,4174682.0896032373,0.9087564440107442,1.2077153599471655,True,5.631822233852338e-06,0.0016558840037027693,0.0008620919028151135
EPSO_3,52,4.44680964335002,5.504762143632631,9.4729559595262,4.570119205805265,4.586580638155361,0.05581809122940423,0.11561721722880251,251.9803666783461,251.9845485390609,9.780589187290824e-06,9.765051211409849e-06,4102119.847405987,4103931.550484986,0.9554866587363262,1.140339677589625,True,1.6595978369065243e-05,0.0015886543830268647,0.00044165045059442405
EPSO_3,53,4.832783236853116,7.103044341752499,8.008135295765864,5.458328348668362,4.757005909319135,0.14401808697729676,0.2629945619172257,253.58719510845123,253.59083558097552,9.747115750992833e-06,9.735915397664514e-06,4256976.026102323,4258617.277740242,0.590450228841068,0.5876624739641501,False,1.4355900433928007e-05,0.0011490941130126958,0.0003855440171274821
EPSO_3,54,5.447211516498276,6.670307278106267,7.652652420018071,7.582014970396101,4.182111978874976,0.04130876134444087,0.2467733333993589,254.5624216097085,254.56564394262392,9.71527453070733e-06,9.704480286411411e-06,3954638.6692841793,3954642.8352302886,0.48101323973451926,0.482541016819682,False,1.2658321267676941e-05,0.0011110591123082278,1.0534328057775388e-06
EPSO_3,55,3.648457420474465,3.975933777959309,9.417553749232509,3.059945436995836,4.953817645587562,0.05426419674120732,0.11133924786357766,250.3582693233515,250.36099762587406,9.83143872502131e-06,9.813461735839382e-06,4689480.7769890055,4691909.031364584,0.9814470482110036,1.2168121790584103,True,1.0897592997202719e-05,0.0018285206961801258,0.0005178087918590328
EPSO_3,56,2.299258370747342,8.84205595248276,3.822260423167142,9.832113370849033,5.190662559413715,0.15182133927331637,0.3849128058067152,259.08070466589754,259.0789184672704,9.625560054694026e-06,9.61708521168144e-06,3641742.274861184,3642385.54130561,0.08980770839596808,0.4814337276691875,False,6.894371502685071e-06,0.0008804519388409699,0.000176637003905102
EPSO_3,57,4.0171827930441895,4.437268004056556,9.751380584333479,3.470396787489006,4.928169518618826,0.021899515059563703,0.10977265467957265,250.7356352737,250.73916876466856,9.8195934238159e-06,9.801818297054618e-06,4529587.221285768,4532024.071128289,0.9528183476254748,1.2326057747301904,True,1.4092496125224289e-05,0.0018101693210812314,0.0005379849693742376
EPSO_3,58,4.081631615006203,4.7305996684852865,8.969540896188425,4.411628651642008,4.798586580835101,0.09482888785090629,0.19573390128551446,251.7335918717508,251.73783261249977,9.789011181159205e-06,9.773103303616383e-06,4265443.728056078,4267328.834787326,0.9033072279184209,1.2941145233553777,True,1.6846145631329086e-05,0.0016250750201858408,0.0004419485641901087
EPSO_3,59,1.0181747014861569,9.17275912017134,2.5200585713981214,9.904829495395632,5.573412753437304,0.12259010910547725,0.32436521270895874,259.85062716581024,259.85141365239383,9.608125802245611e-06,9.598269608065379e-06,3596608.7936510304,3597836.6434592614,0.06723188352960979,0.5452367081085767,False,3.0266872632593228e-06,0.0010258186022011429,0.00034139098208247644
EPSO_3,60,3.7225696776291892,4.237164763037891,10.0,2.405775080772772,4.84955416270369,0.0,0.0,249.96245821580607,249.9642799979914,9.847177578538482e-06,9.828582698910673e-06,4983505.565360918,4987922.13889284,0.968563749525413,1.1491786161676947,True,7.288223192990895e-06,0.0018883461255269332,0.0008862383063481326
EPSO_3,61,3.027613287818127,2.471314835583207,10.0,3.387959655852055,5.425094039879823,0.0,0.0,249.46876132285053,249.46451674514574,9.863483028040878e-06,9.847402718778666e-06,4980060.891105195,4986296.623006699,1.1092038175139227,1.0094747647822022,True,1.7014465788317984e-05,0.0016302871122196147,0.001252139690227812
EPSO_3,62,5.577682512738109,7.518152904688174,8.66052634157093,7.951611739050252,4.155909348243092,0.13047610364918694,0.27849866933790696,254.64710765318435,254.65125915168517,9.71270040256443e-06,9.701565501928553e-06,3756447.4140561214,3757615.9180791746,0.5274903126239047,0.5263715833828725,False,1.6302947789502755e-05,0.0011464268611577487,0.0003110662533650365
EPSO_3,63,3.5236808814848555,3.7519039469204643,9.393298111456971,2.7053498843320747,5.009751964056454,0.05336433479784292,0.11832734761230397,249.9977190893724,250.0001838856771,9.844314660231498e-06,9.825851887607419e-06,4923577.991807805,4927454.06448862,0.964735179640745,1.2455258239688736,True,9.8592751713313e-06,0.0018754756690847615,0.0007872471376026689
EPSO_3,64,4.518831136364655,8.060150204736926,6.073722994942457,9.811255744365365,4.563543085617552,0.2151854737076678,0.4453301404177579,257.8197836883569,257.8164508295172,9.656328837412871e-06,9.649163424645033e-06,3719906.163674264,3720454.884122627,0.122448011441514,0.4543661531131472,False,1.2927087254642991e-05,0.0007420431603444158,0.0001475092177649592
