algorithm,seed,generation,evaluations,hypervolume
NSGA-II,0,1,50,0.0
NSGA-II,0,2,100,0.0
NSGA-II,0,3,150,0.0
NSGA-II,0,4,200,0.0
NSGA-II,0,5,250,0.0
NSGA-II,0,6,300,3.8810786500483214
NSGA-II,0,7,350,3.8810881313337275
NSGA-II,0,8,400,3.8810881313337275
NSGA-II,0,9,450,3.8834631183502064
NSGA-II,0,10,500,3.8881452189653545
NSGA-II,0,11,550,3.893929656737002
NSGA-II,0,12,600,3.894920552654181
NSGA-II,0,13,650,3.8994960916100614
NSGA-II,0,14,700,3.905937450659918
NSGA-II,0,15,750,3.907082024709731
NSGA-II,0,16,800,3.917512418727803
NSGA-II,0,17,850,3.9180654014414626
NSGA-II,0,18,900,3.9180684741937335
NSGA-II,0,19,950,3.920278448221684
NSGA-II,0,20,1000,3.9205920967618337
NSGA-II,0,21,1050,3.9223883678649574
NSGA-II,0,22,1100,3.9223896385074126
NSGA-II,0,23,1150,3.927085427696979
NSGA-II,0,24,1200,3.9278327991642095
NSGA-II,0,25,1250,3.931087872170702
NSGA-II,0,26,1300,3.9310893829721194
NSGA-II,0,27,1350,3.9338085638350058
NSGA-II,0,28,1400,3.9356256940606107
NSGA-II,0,29,1450,3.9356268810525057
NSGA-II,0,30,1500,3.9421796169701717
NSGA-II,0,31,1550,3.942183335952715
NSGA-II,0,32,1600,3.9433079942421725
NSGA-II,0,33,1650,3.948950023091127
NSGA-II,0,34,1700,3.9504734589339017
NSGA-II,0,35,1750,3.9571947940856913
NSGA-II,0,36,1800,3.9572060250526016
NSGA-II,0,37,1850,3.957208575329593
NSGA-II,0,38,1900,3.958287462188565
NSGA-II,0,39,1950,3.958290642570841
NSGA-II,0,40,2000,3.9591166307699748
NSGA-II,0,41,2050,3.959120377181549
NSGA-II,0,42,2100,3.961354458655115
NSGA-II,0,43,2150,3.9614328708935984
NSGA-II,0,44,2200,3.963271770607193
NSGA-II,0,45,2250,3.9645715443480345
NSGA-II,0,46,2300,3.9689306898164887
NSGA-II,0,47,2350,3.9689317305099037
NSGA-II,0,48,2400,3.968931446893936
NSGA-II,0,49,2450,3.9690463234977127
NSGA-II,0,50,2500,3.9710551782904764
NSGA-II,0,51,2550,3.9710599004548537
NSGA-II,0,52,2600,3.9723094014489346
NSGA-II,0,53,2650,3.972981015536571
NSGA-II,0,54,2700,3.9756724474690714
NSGA-II,0,55,2750,3.9756732997045745
NSGA-II,0,56,2800,3.9756755637261483
NSGA-II,0,57,2850,3.9759289825600974
NSGA-II,0,58,2900,3.976182291768442
NSGA-II,0,59,2950,3.9761867508980777
NSGA-II,0,60,3000,3.9764626106133028
NSGA-II,0,61,3050,3.976655612677645
NSGA-II,0,62,3100,3.9813328523652483
NSGA-II,0,63,3150,3.9813937021087304
NSGA-II,0,64,3200,3.981437077396651
NSGA-II,0,65,3250,3.9817746116119093
NSGA-II,0,66,3300,3.9817824225070626
NSGA-II,0,67,3350,3.9818704711382833
NSGA-II,0,68,3400,3.9823470449631357
NSGA-II,0,69,3450,3.9837009661494407
NSGA-II,0,70,3500,3.9841956362076196
NSGA-II,0,71,3550,3.9841924900827212
NSGA-II,0,72,3600,3.9842409169459225
NSGA-II,0,73,3650,3.984243702938911
NSGA-II,0,74,3700,3.9843685311574664
NSGA-II,0,75,3750,3.984678310665901
NSGA-II,0,76,3800,3.985482304040737
NSGA-II,0,77,3850,3.9854839031124154
NSGA-II,0,78,3900,3.986031755533965
NSGA-II,0,79,3950,3.986032479256901
NSGA-II,0,80,4000,3.986134769534694
MO-ETPSO-R,0,1,50,0.0
MO-ETPSO-R,0,2,100,0.0
MO-ETPSO-R,0,3,150,0.0
MO-ETPSO-R,0,4,200,3.9586245798621387
MO-ETPSO-R,0,5,250,3.976684299449966
MO-ETPSO-R,0,6,300,3.979036249228627
MO-ETPSO-R,0,7,350,4.005828610176194
MO-ETPSO-R,0,8,400,4.012092137092235
MO-ETPSO-R,0,9,450,4.012219778733543
MO-ETPSO-R,0,10,500,4.018679379302514
MO-ETPSO-R,0,11,550,4.022923423448274
MO-ETPSO-R,0,12,600,4.022988256228358
MO-ETPSO-R,0,13,650,4.023000224263806
MO-ETPSO-R,0,14,700,4.023011418241718
MO-ETPSO-R,0,15,750,4.023052647109662
MO-ETPSO-R,0,16,800,4.023062127458388
MO-ETPSO-R,0,17,850,4.0230701642040785
MO-ETPSO-R,0,18,900,4.023078237402763
MO-ETPSO-R,0,19,950,4.023078391224551
MO-ETPSO-R,0,20,1000,4.023092912382636
MO-ETPSO-R,0,21,1050,4.023092912382636
MO-ETPSO-R,0,22,1100,4.023098649771119
MO-ETPSO-R,0,23,1150,4.023099280676098
MO-ETPSO-R,0,24,1200,4.023100433371852
MO-ETPSO-R,0,25,1250,4.0231151387279365
MO-ETPSO-R,0,26,1300,4.023118493832367
MO-ETPSO-R,0,27,1350,4.0231238904930295
MO-ETPSO-R,0,28,1400,4.023123908386242
MO-ETPSO-R,0,29,1450,4.023125319306946
MO-ETPSO-R,0,30,1500,4.023125296414143
MO-ETPSO-R,0,31,1550,4.023125854026838
MO-ETPSO-R,0,32,1600,4.023126092896806
MO-ETPSO-R,0,33,1650,4.023126092896806
MO-ETPSO-R,0,34,1700,4.023127933382383
MO-ETPSO-R,0,35,1750,4.023128943793145
MO-ETPSO-R,0,36,1800,4.0232648106831554
MO-ETPSO-R,0,37,1850,4.023268322201548
MO-ETPSO-R,0,38,1900,4.0232676442586826
MO-ETPSO-R,0,39,1950,4.0232676442586826
MO-ETPSO-R,0,40,2000,4.0232676442586826
MO-ETPSO-R,0,41,2050,4.0232676442586826
MO-ETPSO-R,0,42,2100,4.0232676442586826
MO-ETPSO-R,0,43,2150,4.0232676442586826
MO-ETPSO-R,0,44,2200,4.0232676442586826
MO-ETPSO-R,0,45,2250,4.0232676442586826
MO-ETPSO-R,0,46,2300,4.0232676442586826
MO-ETPSO-R,0,47,2350,4.0232676442586826
MO-ETPSO-R,0,48,2400,4.0232676442586826
MO-ETPSO-R,0,49,2450,4.023269726510312
MO-ETPSO-R,0,50,2500,4.023269726510312
MO-ETPSO-R,0,51,2550,4.0232697807123
MO-ETPSO-R,0,52,2600,4.023269729781479
MO-ETPSO-R,0,53,2650,4.02327053646399
MO-ETPSO-R,0,54,2700,4.02327053646399
MO-ETPSO-R,0,55,2750,4.023270579282708
MO-ETPSO-R,0,56,2800,4.023270579282708
MO-ETPSO-R,0,57,2850,4.023270579282708
MO-ETPSO-R,0,58,2900,4.023270579282708
MO-ETPSO-R,0,59,2950,4.023270579282708
MO-ETPSO-R,0,60,3000,4.023270579282708
MO-ETPSO-R,0,61,3050,4.023346636777044
MO-ETPSO-R,0,62,3100,4.023346636777044
MO-ETPSO-R,0,63,3150,4.023346636777044
MO-ETPSO-R,0,64,3200,4.023346636777044
MO-ETPSO-R,0,65,3250,4.023346636777044
MO-ETPSO-R,0,66,3300,4.023347232341077
MO-ETPSO-R,0,67,3350,4.023347232341077
MO-ETPSO-R,0,68,3400,4.023347232341077
MO-ETPSO-R,0,69,3450,4.023347232341077
MO-ETPSO-R,0,70,3500,4.023405513767291
MO-ETPSO-R,0,71,3550,4.023405513767291
MO-ETPSO-R,0,72,3600,4.023405513767291
MO-ETPSO-R,0,73,3650,4.023405675728941
MO-ETPSO-R,0,74,3700,4.023405675728941
MO-ETPSO-R,0,75,3750,4.023405675728941
MO-ETPSO-R,0,76,3800,4.023405787993187
MO-ETPSO-R,0,77,3850,4.023405787993187
MO-ETPSO-R,0,78,3900,4.023405787993187
MO-ETPSO-R,0,79,3950,4.023405787993187
MO-ETPSO-R,0,80,4000,4.023405787993187
NSGA-II,1,1,50,0.0
NSGA-II,1,2,100,0.0
NSGA-II,1,3,150,0.0
NSGA-II,1,4,200,0.0
NSGA-II,1,5,250,0.0
NSGA-II,1,6,300,0.0
NSGA-II,1,7,350,0.0
NSGA-II,1,8,400,0.0
NSGA-II,1,9,450,3.939434207497137
NSGA-II,1,10,500,3.939434207497137
NSGA-II,1,11,550,3.9452478739532473
NSGA-II,1,12,600,3.9452584857572823
NSGA-II,1,13,650,3.946339793293131
NSGA-II,1,14,700,3.952725069418194
NSGA-II,1,15,750,3.960287470909654
NSGA-II,1,16,800,3.962294908947744
NSGA-II,1,17,850,3.9623477467920183
NSGA-II,1,18,900,3.963779409052004
NSGA-II,1,19,950,3.9642152660468217
NSGA-II,1,20,1000,3.9688547309252207
NSGA-II,1,21,1050,3.97182934846516
NSGA-II,1,22,1100,3.9746996217468715
NSGA-II,1,23,1150,3.9747117062688897
NSGA-II,1,24,1200,3.9766290711453465
NSGA-II,1,25,1250,3.9790528927748827
NSGA-II,1,26,1300,3.9797673492111305
NSGA-II,1,27,1350,3.979775339737751
NSGA-II,1,28,1400,3.9797836202200703
NSGA-II,1,29,1450,3.9798058791587483
NSGA-II,1,30,1500,3.981320370229756
NSGA-II,1,31,1550,3.9813248891111193
NSGA-II,1,32,1600,3.9851665701153567
NSGA-II,1,33,1650,3.985503416037154
NSGA-II,1,34,1700,3.9990415950170135
NSGA-II,1,35,1750,3.9993570485179304
NSGA-II,1,36,1800,4.001928886056203
NSGA-II,1,37,1850,4.001931143077819
NSGA-II,1,38,1900,4.001935779148221
NSGA-II,1,39,1950,4.001940876875395
NSGA-II,1,40,2000,4.003575543786098
NSGA-II,1,41,2050,4.003579493791254
NSGA-II,1,42,2100,4.0039127581057
NSGA-II,1,43,2150,4.004478781800437
NSGA-II,1,44,2200,4.0044844797246375
NSGA-II,1,45,2250,4.0044915298647865
NSGA-II,1,46,2300,4.004490977682098
NSGA-II,1,47,2350,4.004749007609813
NSGA-II,1,48,2400,4.004760816753813
NSGA-II,1,49,2450,4.00477145488923
NSGA-II,1,50,2500,4.004773193201806
NSGA-II,1,51,2550,4.004790041773964
NSGA-II,1,52,2600,4.00478890451394
NSGA-II,1,53,2650,4.005110200604184
NSGA-II,1,54,2700,4.005193004818974
NSGA-II,1,55,2750,4.0051977858566
NSGA-II,1,56,2800,4.005479943824553
NSGA-II,1,57,2850,4.005485156988391
NSGA-II,1,58,2900,4.006701752121064
NSGA-II,1,59,2950,4.009421293021186
NSGA-II,1,60,3000,4.009421781707086
NSGA-II,1,61,3050,4.009614882058511
NSGA-II,1,62,3100,4.009615925469929
NSGA-II,1,63,3150,4.010088920094447
NSGA-II,1,64,3200,4.010137984929216
NSGA-II,1,65,3250,4.01013949457052
NSGA-II,1,66,3300,4.011084703232312
NSGA-II,1,67,3350,4.011134081045594
NSGA-II,1,68,3400,4.011133190170554
NSGA-II,1,69,3450,4.01113719050943
NSGA-II,1,70,3500,4.011138924453279
NSGA-II,1,71,3550,4.011140548717936
NSGA-II,1,72,3600,4.011142365530068
NSGA-II,1,73,3650,4.011142590620184
NSGA-II,1,74,3700,4.01114469127718
NSGA-II,1,75,3750,4.012351338683249
NSGA-II,1,76,3800,4.01235308164459
NSGA-II,1,77,3850,4.012355395091282
NSGA-II,1,78,3900,4.012354451170702
NSGA-II,1,79,3950,4.01296168326039
NSGA-II,1,80,4000,4.012978716227193
MO-ETPSO-R,1,1,50,0.0
MO-ETPSO-R,1,2,100,0.0
MO-ETPSO-R,1,3,150,3.8113443572660892
MO-ETPSO-R,1,4,200,3.8698356746315143
MO-ETPSO-R,1,5,250,3.9151503340765292
MO-ETPSO-R,1,6,300,3.92563125259419
MO-ETPSO-R,1,7,350,3.9573345638661874
MO-ETPSO-R,1,8,400,4.003323252606904
MO-ETPSO-R,1,9,450,4.003327649818564
MO-ETPSO-R,1,10,500,4.00333718184571
MO-ETPSO-R,1,11,550,4.003346188406042
MO-ETPSO-R,1,12,600,4.011443879558651
MO-ETPSO-R,1,13,650,4.011442782542452
MO-ETPSO-R,1,14,700,4.0146084381955545
MO-ETPSO-R,1,15,750,4.014608371090288
MO-ETPSO-R,1,16,800,4.014610537621663
MO-ETPSO-R,1,17,850,4.020449687901274
MO-ETPSO-R,1,18,900,4.020450238424696
MO-ETPSO-R,1,19,950,4.020450650336357
MO-ETPSO-R,1,20,1000,4.020451128987091
MO-ETPSO-R,1,21,1050,4.020448529244427
MO-ETPSO-R,1,22,1100,4.020447699647239
MO-ETPSO-R,1,23,1150,4.020448675623075
MO-ETPSO-R,1,24,1200,4.020452042397548
MO-ETPSO-R,1,25,1250,4.020447137393487
MO-ETPSO-R,1,26,1300,4.020447143949463
MO-ETPSO-R,1,27,1350,4.0204470085192945
MO-ETPSO-R,1,28,1400,4.020448868359467
MO-ETPSO-R,1,29,1450,4.020451283033533
MO-ETPSO-R,1,30,1500,4.020452234356196
MO-ETPSO-R,1,31,1550,4.020453431716815
MO-ETPSO-R,1,32,1600,4.020453118844195
MO-ETPSO-R,1,33,1650,4.020452859265251
MO-ETPSO-R,1,34,1700,4.022755600110289
MO-ETPSO-R,1,35,1750,4.022754578297944
MO-ETPSO-R,1,36,1800,4.022755338514009
MO-ETPSO-R,1,37,1850,4.022755684409875
MO-ETPSO-R,1,38,1900,4.022755464942069
MO-ETPSO-R,1,39,1950,4.02275621545805
MO-ETPSO-R,1,40,2000,4.02275893880368
MO-ETPSO-R,1,41,2050,4.0227583820622534
MO-ETPSO-R,1,42,2100,4.02275643248791
MO-ETPSO-R,1,43,2150,4.022758009183757
MO-ETPSO-R,1,44,2200,4.022757477712375
MO-ETPSO-R,1,45,2250,4.022757321826467
MO-ETPSO-R,1,46,2300,4.022756634524609
MO-ETPSO-R,1,47,2350,4.022758546989716
MO-ETPSO-R,1,48,2400,4.022756696317551
MO-ETPSO-R,1,49,2450,4.022755941573009
MO-ETPSO-R,1,50,2500,4.0227576489415515
MO-ETPSO-R,1,51,2550,4.022760554671796
MO-ETPSO-R,1,52,2600,4.022760952454431
MO-ETPSO-R,1,53,2650,4.022759841348834
MO-ETPSO-R,1,54,2700,4.022759842836691
MO-ETPSO-R,1,55,2750,4.022758229171256
MO-ETPSO-R,1,56,2800,4.0227576883629
MO-ETPSO-R,1,57,2850,4.0227573914410275
MO-ETPSO-R,1,58,2900,4.022756498668322
MO-ETPSO-R,1,59,2950,4.022758557661294
MO-ETPSO-R,1,60,3000,4.022758275036935
MO-ETPSO-R,1,61,3050,4.022758874218459
MO-ETPSO-R,1,62,3100,4.0227586523377905
MO-ETPSO-R,1,63,3150,4.022758570302553
MO-ETPSO-R,1,64,3200,4.022761150868329
MO-ETPSO-R,1,65,3250,4.022758563514797
MO-ETPSO-R,1,66,3300,4.022758904859904
MO-ETPSO-R,1,67,3350,4.022759669684505
MO-ETPSO-R,1,68,3400,4.0232566045634055
MO-ETPSO-R,1,69,3450,4.023256281301987
MO-ETPSO-R,1,70,3500,4.023256946177891
MO-ETPSO-R,1,71,3550,4.023257030920891
MO-ETPSO-R,1,72,3600,4.023257030920891
MO-ETPSO-R,1,73,3650,4.023256743524014
MO-ETPSO-R,1,74,3700,4.023256063498425
MO-ETPSO-R,1,75,3750,4.023254999456321
MO-ETPSO-R,1,76,3800,4.023254083285233
MO-ETPSO-R,1,77,3850,4.023253697056189
MO-ETPSO-R,1,78,3900,4.023256127319555
MO-ETPSO-R,1,79,3950,4.023256959797117
MO-ETPSO-R,1,80,4000,4.023257583595197
NSGA-II,2,1,50,0.0
NSGA-II,2,2,100,0.0
NSGA-II,2,3,150,0.0
NSGA-II,2,4,200,0.0
NSGA-II,2,5,250,0.0
NSGA-II,2,6,300,0.0
NSGA-II,2,7,350,3.9670185313400594
NSGA-II,2,8,400,3.9670185313400594
NSGA-II,2,9,450,3.9670185313400594
NSGA-II,2,10,500,3.9670185313400594
NSGA-II,2,11,550,3.9670185313400594
NSGA-II,2,12,600,3.9694064374217546
NSGA-II,2,13,650,3.9727582286190395
NSGA-II,2,14,700,3.9811744543757026
NSGA-II,2,15,750,3.9814322497434107
NSGA-II,2,16,800,3.9834874165942877
NSGA-II,2,17,850,3.9857396267768865
NSGA-II,2,18,900,3.986302302969259
NSGA-II,2,19,950,3.9889753398676135
NSGA-II,2,20,1000,3.988977574976074
NSGA-II,2,21,1050,3.9889783709968283
NSGA-II,2,22,1100,3.9891505874972135
NSGA-II,2,23,1150,3.9898095728259086
NSGA-II,2,24,1200,3.990536538896638
NSGA-II,2,25,1250,3.9922240392527164
NSGA-II,2,26,1300,3.9922244560469116
NSGA-II,2,27,1350,3.992363861708227
NSGA-II,2,28,1400,3.992364336906005
NSGA-II,2,29,1450,3.9931305104131356
NSGA-II,2,30,1500,3.9936656271915485
NSGA-II,2,31,1550,3.9936656720991213
NSGA-II,2,32,1600,3.994608612904803
NSGA-II,2,33,1650,3.9946099368748285
NSGA-II,2,34,1700,3.9946617904193493
NSGA-II,2,35,1750,3.994662170190615
NSGA-II,2,36,1800,3.99860033638326
NSGA-II,2,37,1850,3.9986078638785836
NSGA-II,2,38,1900,3.9992105309861326
NSGA-II,2,39,1950,3.9993786095169668
NSGA-II,2,40,2000,3.999378895177347
NSGA-II,2,41,2050,3.999380871498557
NSGA-II,2,42,2100,3.99938257772036
NSGA-II,2,43,2150,3.999384118354881
NSGA-II,2,44,2200,3.9993849675894864
NSGA-II,2,45,2250,3.9993851087684615
NSGA-II,2,46,2300,3.9996763958549058
NSGA-II,2,47,2350,3.999716290896002
NSGA-II,2,48,2400,4.000494529033712
NSGA-II,2,49,2450,4.000495545481232
NSGA-II,2,50,2500,4.000776630094438
NSGA-II,2,51,2550,4.001294491889063
NSGA-II,2,52,2600,4.001773792191453
NSGA-II,2,53,2650,4.00188711834555
NSGA-II,2,54,2700,4.00188610638566
NSGA-II,2,55,2750,4.001935339006199
NSGA-II,2,56,2800,4.001934784512284
NSGA-II,2,57,2850,4.002565696026604
NSGA-II,2,58,2900,4.002566259554226
NSGA-II,2,59,2950,4.0029938333253705
NSGA-II,2,60,3000,4.002994849765545
NSGA-II,2,61,3050,4.003542483272693
NSGA-II,2,62,3100,4.005133905002309
NSGA-II,2,63,3150,4.005133720540925
NSGA-II,2,64,3200,4.005134020956941
NSGA-II,2,65,3250,4.007614393815858
NSGA-II,2,66,3300,4.008620559082999
NSGA-II,2,67,3350,4.008623492097077
NSGA-II,2,68,3400,4.0086242054223895
NSGA-II,2,69,3450,4.010916653884012
NSGA-II,2,70,3500,4.010917510441622
NSGA-II,2,71,3550,4.01125814350736
NSGA-II,2,72,3600,4.011257897849143
NSGA-II,2,73,3650,4.014510490506828
NSGA-II,2,74,3700,4.015328144730957
NSGA-II,2,75,3750,4.015854767718307
NSGA-II,2,76,3800,4.015854544406454
NSGA-II,2,77,3850,4.017146400841613
NSGA-II,2,78,3900,4.017150042167327
NSGA-II,2,79,3950,4.0171538461185055
NSGA-II,2,80,4000,4.018826996679822
MO-ETPSO-R,2,1,50,0.0
MO-ETPSO-R,2,2,100,0.0
MO-ETPSO-R,2,3,150,3.9884731591355673
MO-ETPSO-R,2,4,200,3.988791474711139
MO-ETPSO-R,2,5,250,3.9967119334374637
MO-ETPSO-R,2,6,300,4.0088822957116035
MO-ETPSO-R,2,7,350,4.011771976202537
MO-ETPSO-R,2,8,400,4.01887384763489
MO-ETPSO-R,2,9,450,4.018897207663857
MO-ETPSO-R,2,10,500,4.019798368436918
MO-ETPSO-R,2,11,550,4.01986559882509
MO-ETPSO-R,2,12,600,4.019894797306191
MO-ETPSO-R,2,13,650,4.019923377890729
MO-ETPSO-R,2,14,700,4.019932886829653
MO-ETPSO-R,2,15,750,4.019956872799068
MO-ETPSO-R,2,16,800,4.01996370005592
MO-ETPSO-R,2,17,850,4.020026481454992
MO-ETPSO-R,2,18,900,4.020028804376434
MO-ETPSO-R,2,19,950,4.020035275614774
MO-ETPSO-R,2,20,1000,4.020036069239534
MO-ETPSO-R,2,21,1050,4.02003614472142
MO-ETPSO-R,2,22,1100,4.020036962147481
MO-ETPSO-R,2,23,1150,4.020037832335355
MO-ETPSO-R,2,24,1200,4.020039323054596
MO-ETPSO-R,2,25,1250,4.020039579686753
MO-ETPSO-R,2,26,1300,4.020040251186002
MO-ETPSO-R,2,27,1350,4.020041683067478
MO-ETPSO-R,2,28,1400,4.020042407715688
MO-ETPSO-R,2,29,1450,4.0200469553207085
MO-ETPSO-R,2,30,1500,4.020052062474227
MO-ETPSO-R,2,31,1550,4.020057849318443
MO-ETPSO-R,2,32,1600,4.020058645730864
MO-ETPSO-R,2,33,1650,4.0200591456503965
MO-ETPSO-R,2,34,1700,4.0200591456503965
MO-ETPSO-R,2,35,1750,4.020061371611429
MO-ETPSO-R,2,36,1800,4.020064558736485
MO-ETPSO-R,2,37,1850,4.0200653802297905
MO-ETPSO-R,2,38,1900,4.0200653802297905
MO-ETPSO-R,2,39,1950,4.0200653802297905
MO-ETPSO-R,2,40,2000,4.0200653802297905
MO-ETPSO-R,2,41,2050,4.0200653802297905
MO-ETPSO-R,2,42,2100,4.0200653802297905
MO-ETPSO-R,2,43,2150,4.020065433070972
MO-ETPSO-R,2,44,2200,4.0200651015666775
MO-ETPSO-R,2,45,2250,4.0200651015666775
MO-ETPSO-R,2,46,2300,4.0200651015666775
MO-ETPSO-R,2,47,2350,4.020064945216792
MO-ETPSO-R,2,48,2400,4.020064945216792
MO-ETPSO-R,2,49,2450,4.020064945216792
MO-ETPSO-R,2,50,2500,4.020064945216792
MO-ETPSO-R,2,51,2550,4.020064945216792
MO-ETPSO-R,2,52,2600,4.020064945216792
MO-ETPSO-R,2,53,2650,4.020064945216792
MO-ETPSO-R,2,54,2700,4.020064945216792
MO-ETPSO-R,2,55,2750,4.020064945216792
MO-ETPSO-R,2,56,2800,4.020064945216792
MO-ETPSO-R,2,57,2850,4.020064950556865
MO-ETPSO-R,2,58,2900,4.020065398373784
MO-ETPSO-R,2,59,2950,4.020065478704483
MO-ETPSO-R,2,60,3000,4.020065478704483
MO-ETPSO-R,2,61,3050,4.020065478704483
MO-ETPSO-R,2,62,3100,4.020066113266813
MO-ETPSO-R,2,63,3150,4.020066211548532
MO-ETPSO-R,2,64,3200,4.020066211548532
MO-ETPSO-R,2,65,3250,4.0200662510119125
MO-ETPSO-R,2,66,3300,4.020066261640382
MO-ETPSO-R,2,67,3350,4.020066410829288
MO-ETPSO-R,2,68,3400,4.020066410829288
MO-ETPSO-R,2,69,3450,4.020066410829288
MO-ETPSO-R,2,70,3500,4.020066410829288
MO-ETPSO-R,2,71,3550,4.020066410829288
MO-ETPSO-R,2,72,3600,4.020066410829288
MO-ETPSO-R,2,73,3650,4.020066410829288
MO-ETPSO-R,2,74,3700,4.020066410829288
MO-ETPSO-R,2,75,3750,4.020066410829288
MO-ETPSO-R,2,76,3800,4.020066410829288
MO-ETPSO-R,2,77,3850,4.020066725112335
MO-ETPSO-R,2,78,3900,4.020066725112335
MO-ETPSO-R,2,79,3950,4.020066725112335
MO-ETPSO-R,2,80,4000,4.020066725112335
NSGA-II,3,1,50,0.0
NSGA-II,3,2,100,0.0
NSGA-II,3,3,150,0.0
NSGA-II,3,4,200,0.0
NSGA-II,3,5,250,0.0
NSGA-II,3,6,300,3.926871583152894
NSGA-II,3,7,350,3.926878379190761
NSGA-II,3,8,400,3.9312366388384743
NSGA-II,3,9,450,3.9476351439550434
NSGA-II,3,10,500,3.9476420258799814
NSGA-II,3,11,550,3.9487312914660904
NSGA-II,3,12,600,3.948848003000323
NSGA-II,3,13,650,3.948852482463202
NSGA-II,3,14,700,3.9548975703855755
NSGA-II,3,15,750,3.9563712369047397
NSGA-II,3,16,800,3.9589690136019033
NSGA-II,3,17,850,3.9674198073294633
NSGA-II,3,18,900,3.9674247306412727
NSGA-II,3,19,950,3.9680664883476564
NSGA-II,3,20,1000,3.9784345631361413
NSGA-II,3,21,1050,3.9794600970850067
NSGA-II,3,22,1100,3.979464003600894
NSGA-II,3,23,1150,3.979472797182484
NSGA-II,3,24,1200,3.983167864575276
NSGA-II,3,25,1250,3.9831721529955733
NSGA-II,3,26,1300,3.98317494158139
NSGA-II,3,27,1350,3.985292743525842
NSGA-II,3,28,1400,3.9864607615257173
NSGA-II,3,29,1450,3.987273389874902
NSGA-II,3,30,1500,3.989522120564639
NSGA-II,3,31,1550,3.9895247237580636
NSGA-II,3,32,1600,3.996764350564823
NSGA-II,3,33,1650,3.9977388727356624
NSGA-II,3,34,1700,3.997877311707113
NSGA-II,3,35,1750,3.9983775074880312
NSGA-II,3,36,1800,3.99838953995221
NSGA-II,3,37,1850,4.002447827901721
NSGA-II,3,38,1900,4.003495408195318
NSGA-II,3,39,1950,4.003505116906227
NSGA-II,3,40,2000,4.003507743168044
NSGA-II,3,41,2050,4.00592123808161
NSGA-II,3,42,2100,4.006501139646582
NSGA-II,3,43,2150,4.006503115105862
NSGA-II,3,44,2200,4.008052744025715
NSGA-II,3,45,2250,4.009487269876792
NSGA-II,3,46,2300,4.009483698873533
NSGA-II,3,47,2350,4.009493699737891
NSGA-II,3,48,2400,4.00983696061527
NSGA-II,3,49,2450,4.009844391129669
NSGA-II,3,50,2500,4.0098686604480624
NSGA-II,3,51,2550,4.012047869959839
NSGA-II,3,52,2600,4.012043688740903
NSGA-II,3,53,2650,4.012046398010304
NSGA-II,3,54,2700,4.014054089951144
NSGA-II,3,55,2750,4.014062593594625
NSGA-II,3,56,2800,4.014118441494253
NSGA-II,3,57,2850,4.014120456214236
NSGA-II,3,58,2900,4.0141214080413326
NSGA-II,3,59,2950,4.0141235848364625
NSGA-II,3,60,3000,4.014127568750854
NSGA-II,3,61,3050,4.01412841146403
NSGA-II,3,62,3100,4.014130007047202
NSGA-II,3,63,3150,4.014135565078679
NSGA-II,3,64,3200,4.014140705719794
NSGA-II,3,65,3250,4.01414163164549
NSGA-II,3,66,3300,4.014186175409375
NSGA-II,3,67,3350,4.01419161461827
NSGA-II,3,68,3400,4.014194547483527
NSGA-II,3,69,3450,4.0141950086440765
NSGA-II,3,70,3500,4.014194380274872
NSGA-II,3,71,3550,4.014193514043665
NSGA-II,3,72,3600,4.01419117507163
NSGA-II,3,73,3650,4.0141944577486806
NSGA-II,3,74,3700,4.014194080364239
NSGA-II,3,75,3750,4.014197986448558
NSGA-II,3,76,3800,4.014799187084495
NSGA-II,3,77,3850,4.014895367436227
NSGA-II,3,78,3900,4.014898199801321
NSGA-II,3,79,3950,4.015255179736136
NSGA-II,3,80,4000,4.0152556359891385
MO-ETPSO-R,3,1,50,0.0
MO-ETPSO-R,3,2,100,0.0
MO-ETPSO-R,3,3,150,0.0
MO-ETPSO-R,3,4,200,3.931216968590797
MO-ETPSO-R,3,5,250,3.931689264282955
MO-ETPSO-R,3,6,300,3.931760796678316
MO-ETPSO-R,3,7,350,3.9317977712244736
MO-ETPSO-R,3,8,400,3.973114603211836
MO-ETPSO-R,3,9,450,3.973155074853555
MO-ETPSO-R,3,10,500,3.9731852135300145
MO-ETPSO-R,3,11,550,3.9731919253879533
MO-ETPSO-R,3,12,600,3.991977191241792
MO-ETPSO-R,3,13,650,3.9919927414231586
MO-ETPSO-R,3,14,700,4.000259364676998
MO-ETPSO-R,3,15,750,4.000259672074013
MO-ETPSO-R,3,16,800,4.000260767657232
MO-ETPSO-R,3,17,850,4.000263163833287
MO-ETPSO-R,3,18,900,4.002115930074322
MO-ETPSO-R,3,19,950,4.002122312872097
MO-ETPSO-R,3,20,1000,4.002125499023208
MO-ETPSO-R,3,21,1050,4.00212884259063
MO-ETPSO-R,3,22,1100,4.002129562261898
MO-ETPSO-R,3,23,1150,4.002129463885459
MO-ETPSO-R,3,24,1200,4.002130159416129
MO-ETPSO-R,3,25,1250,4.002133713505256
MO-ETPSO-R,3,26,1300,4.002134149459975
MO-ETPSO-R,3,27,1350,4.002134149459975
MO-ETPSO-R,3,28,1400,4.002134659549406
MO-ETPSO-R,3,29,1450,4.002134659549406
MO-ETPSO-R,3,30,1500,4.002134679729646
MO-ETPSO-R,3,31,1550,4.002134679729646
MO-ETPSO-R,3,32,1600,4.002135268549382
MO-ETPSO-R,3,33,1650,4.002135268549382
MO-ETPSO-R,3,34,1700,4.002135268549382
MO-ETPSO-R,3,35,1750,4.002135777121353
MO-ETPSO-R,3,36,1800,4.002135777121353
MO-ETPSO-R,3,37,1850,4.002136938432951
MO-ETPSO-R,3,38,1900,4.002137938795524
MO-ETPSO-R,3,39,1950,4.002137687710927
MO-ETPSO-R,3,40,2000,4.002138153730414
MO-ETPSO-R,3,41,2050,4.002138055180616
MO-ETPSO-R,3,42,2100,4.002138311590351
MO-ETPSO-R,3,43,2150,4.00213820158497
MO-ETPSO-R,3,44,2200,4.0021384369038255
MO-ETPSO-R,3,45,2250,4.0021384369038255
MO-ETPSO-R,3,46,2300,4.020396126655432
MO-ETPSO-R,3,47,2350,4.020398015495576
MO-ETPSO-R,3,48,2400,4.020399591962513
MO-ETPSO-R,3,49,2450,4.020399591962513
MO-ETPSO-R,3,50,2500,4.020400367244417
MO-ETPSO-R,3,51,2550,4.0204002157037255
MO-ETPSO-R,3,52,2600,4.020400124277199
MO-ETPSO-R,3,53,2650,4.020400169612824
MO-ETPSO-R,3,54,2700,4.020400169612824
MO-ETPSO-R,3,55,2750,4.020400169612824
MO-ETPSO-R,3,56,2800,4.020400376799654
MO-ETPSO-R,3,57,2850,4.020400376799654
MO-ETPSO-R,3,58,2900,4.020400376799654
MO-ETPSO-R,3,59,2950,4.020400376799654
MO-ETPSO-R,3,60,3000,4.020400376799654
MO-ETPSO-R,3,61,3050,4.020400376799654
MO-ETPSO-R,3,62,3100,4.020400376799654
MO-ETPSO-R,3,63,3150,4.020400376799654
MO-ETPSO-R,3,64,3200,4.020400376799654
MO-ETPSO-R,3,65,3250,4.020400376799654
MO-ETPSO-R,3,66,3300,4.020400376799654
MO-ETPSO-R,3,67,3350,4.020400376799654
MO-ETPSO-R,3,68,3400,4.020400376799654
MO-ETPSO-R,3,69,3450,4.020400376799654
MO-ETPSO-R,3,70,3500,4.020400376799654
MO-ETPSO-R,3,71,3550,4.020400376799654
MO-ETPSO-R,3,72,3600,4.020403293408966
MO-ETPSO-R,3,73,3650,4.020403293408966
MO-ETPSO-R,3,74,3700,4.020403293408966
MO-ETPSO-R,3,75,3750,4.020403293408966
MO-ETPSO-R,3,76,3800,4.020403293408966
MO-ETPSO-R,3,77,3850,4.020403293408966
MO-ETPSO-R,3,78,3900,4.020403293408966
MO-ETPSO-R,3,79,3950,4.020403293408966
MO-ETPSO-R,3,80,4000,4.020403293408966
NSGA-II,4,1,50,0.0
NSGA-II,4,2,100,3.9095537367542876
NSGA-II,4,3,150,3.9235431884566587
NSGA-II,4,4,200,3.928509555118537
NSGA-II,4,5,250,3.9412362840725366
NSGA-II,4,6,300,3.9432933848616476
NSGA-II,4,7,350,3.945776575976636
NSGA-II,4,8,400,3.947561079098084
NSGA-II,4,9,450,3.9475775390533068
NSGA-II,4,10,500,3.9632845192347332
NSGA-II,4,11,550,3.968528295837416
NSGA-II,4,12,600,3.9685315812277744
NSGA-II,4,13,650,3.96854062558291
NSGA-II,4,14,700,3.9705141216980415
NSGA-II,4,15,750,3.9725062792645005
NSGA-II,4,16,800,3.9762837502077444
NSGA-II,4,17,850,3.979360474660239
NSGA-II,4,18,900,3.9794938291959943
NSGA-II,4,19,950,3.9794970951313196
NSGA-II,4,20,1000,3.979499824861713
NSGA-II,4,21,1050,3.9795024463364626
NSGA-II,4,22,1100,3.9801263085889778
NSGA-II,4,23,1150,3.9801282678351133
NSGA-II,4,24,1200,3.982802028608794
NSGA-II,4,25,1250,3.9828041246380357
NSGA-II,4,26,1300,3.98281049671426
NSGA-II,4,27,1350,3.9833267747953602
NSGA-II,4,28,1400,3.9833274151772193
NSGA-II,4,29,1450,3.9833285301476624
NSGA-II,4,30,1500,3.987543857800902
NSGA-II,4,31,1550,3.987546758406027
NSGA-II,4,32,1600,3.9875484836405586
NSGA-II,4,33,1650,3.9875473552222793
NSGA-II,4,34,1700,3.9898257722224435
NSGA-II,4,35,1750,3.989828540578753
NSGA-II,4,36,1800,3.989831885848318
NSGA-II,4,37,1850,3.9952208749628193
NSGA-II,4,38,1900,3.9962752767622236
NSGA-II,4,39,1950,3.9962773166399987
NSGA-II,4,40,2000,3.997757353748957
NSGA-II,4,41,2050,3.997759626944143
NSGA-II,4,42,2100,3.9996823485540367
NSGA-II,4,43,2150,4.001193112436468
NSGA-II,4,44,2200,4.001240334148232
NSGA-II,4,45,2250,4.0012409204934825
NSGA-II,4,46,2300,4.001239519591974
NSGA-II,4,47,2350,4.001239749432569
NSGA-II,4,48,2400,4.005727850147579
NSGA-II,4,49,2450,4.006440651581694
NSGA-II,4,50,2500,4.006442041209943
NSGA-II,4,51,2550,4.007730931328127
NSGA-II,4,52,2600,4.007727867657184
NSGA-II,4,53,2650,4.00799135547626
NSGA-II,4,54,2700,4.01107495900429
NSGA-II,4,55,2750,4.011075832891789
NSGA-II,4,56,2800,4.011076830809908
NSGA-II,4,57,2850,4.011074396098152
NSGA-II,4,58,2900,4.011164498457339
NSGA-II,4,59,2950,4.011165744433334
NSGA-II,4,60,3000,4.012041556466902
NSGA-II,4,61,3050,4.01204094577116
NSGA-II,4,62,3100,4.0120387134263735
NSGA-II,4,63,3150,4.012038479846577
NSGA-II,4,64,3200,4.012079580826249
NSGA-II,4,65,3250,4.0120839826974155
NSGA-II,4,66,3300,4.012082348478904
NSGA-II,4,67,3350,4.012544884981152
NSGA-II,4,68,3400,4.012545933009074
NSGA-II,4,69,3450,4.012546517996817
NSGA-II,4,70,3500,4.012547253033676
NSGA-II,4,71,3550,4.012545034986842
NSGA-II,4,72,3600,4.012545210795283
NSGA-II,4,73,3650,4.01254731182773
NSGA-II,4,74,3700,4.01254590724331
NSGA-II,4,75,3750,4.012822869243997
NSGA-II,4,76,3800,4.012822408376304
NSGA-II,4,77,3850,4.012822379643399
NSGA-II,4,78,3900,4.012824009020082
NSGA-II,4,79,3950,4.012825404440408
NSGA-II,4,80,4000,4.012824620947622
MO-ETPSO-R,4,1,50,0.0
MO-ETPSO-R,4,2,100,3.884388454642136
MO-ETPSO-R,4,3,150,3.955709391272828
MO-ETPSO-R,4,4,200,3.9736148742128017
MO-ETPSO-R,4,5,250,3.9938910657258497
MO-ETPSO-R,4,6,300,3.9939094428331527
MO-ETPSO-R,4,7,350,4.015197178402754
MO-ETPSO-R,4,8,400,4.022032808372487
MO-ETPSO-R,4,9,450,4.022033905403652
MO-ETPSO-R,4,10,500,4.022048742629671
MO-ETPSO-R,4,11,550,4.022056078561162
MO-ETPSO-R,4,12,600,4.022084824585597
MO-ETPSO-R,4,13,650,4.022117787393768
MO-ETPSO-R,4,14,700,4.022128771493429
MO-ETPSO-R,4,15,750,4.022142737523127
MO-ETPSO-R,4,16,800,4.022151731339797
MO-ETPSO-R,4,17,850,4.022151064104504
MO-ETPSO-R,4,18,900,4.022177158872231
MO-ETPSO-R,4,19,950,4.0221788877068745
MO-ETPSO-R,4,20,1000,4.02219739704274
MO-ETPSO-R,4,21,1050,4.022201234169844
MO-ETPSO-R,4,22,1100,4.0222023526182396
MO-ETPSO-R,4,23,1150,4.022200876205089
MO-ETPSO-R,4,24,1200,4.0222017966917605
MO-ETPSO-R,4,25,1250,4.022211791509574
MO-ETPSO-R,4,26,1300,4.022216609734039
MO-ETPSO-R,4,27,1350,4.022287426277778
MO-ETPSO-R,4,28,1400,4.022305361397269
MO-ETPSO-R,4,29,1450,4.022333017989672
MO-ETPSO-R,4,30,1500,4.022345962335456
MO-ETPSO-R,4,31,1550,4.022351698850198
MO-ETPSO-R,4,32,1600,4.022352711441452
MO-ETPSO-R,4,33,1650,4.0223538119291655
MO-ETPSO-R,4,34,1700,4.0223538119291655
MO-ETPSO-R,4,35,1750,4.0223538119291655
MO-ETPSO-R,4,36,1800,4.0223538119291655
MO-ETPSO-R,4,37,1850,4.022354877584014
MO-ETPSO-R,4,38,1900,4.022354877584014
MO-ETPSO-R,4,39,1950,4.022360669802186
MO-ETPSO-R,4,40,2000,4.022365762793448
MO-ETPSO-R,4,41,2050,4.022368603131103
MO-ETPSO-R,4,42,2100,4.022592654022735
MO-ETPSO-R,4,43,2150,4.022592654022735
MO-ETPSO-R,4,44,2200,4.022592654022735
MO-ETPSO-R,4,45,2250,4.022592654022735
MO-ETPSO-R,4,46,2300,4.022592654022735
MO-ETPSO-R,4,47,2350,4.022595315202766
MO-ETPSO-R,4,48,2400,4.022595315202766
MO-ETPSO-R,4,49,2450,4.022595315202766
MO-ETPSO-R,4,50,2500,4.022595315202766
MO-ETPSO-R,4,51,2550,4.022595315202766
MO-ETPSO-R,4,52,2600,4.022595315202766
MO-ETPSO-R,4,53,2650,4.022595315202766
MO-ETPSO-R,4,54,2700,4.02259535723818
MO-ETPSO-R,4,55,2750,4.022596015901027
MO-ETPSO-R,4,56,2800,4.022596015901027
MO-ETPSO-R,4,57,2850,4.022596015901027
MO-ETPSO-R,4,58,2900,4.0226111501409685
MO-ETPSO-R,4,59,2950,4.022610657693713
MO-ETPSO-R,4,60,3000,4.022611500445757
MO-ETPSO-R,4,61,3050,4.022611500445757
MO-ETPSO-R,4,62,3100,4.022613204001763
MO-ETPSO-R,4,63,3150,4.022613204001763
MO-ETPSO-R,4,64,3200,4.022613204001763
MO-ETPSO-R,4,65,3250,4.0226132472296925
MO-ETPSO-R,4,66,3300,4.0226132472296925
MO-ETPSO-R,4,67,3350,4.022613087638223
MO-ETPSO-R,4,68,3400,4.022613087638223
MO-ETPSO-R,4,69,3450,4.022613087638223
MO-ETPSO-R,4,70,3500,4.022613087638223
MO-ETPSO-R,4,71,3550,4.022613087638223
MO-ETPSO-R,4,72,3600,4.022613545010148
MO-ETPSO-R,4,73,3650,4.02261967033548
MO-ETPSO-R,4,74,3700,4.02263643297901
MO-ETPSO-R,4,75,3750,4.022635749128919
MO-ETPSO-R,4,76,3800,4.022637093778074
MO-ETPSO-R,4,77,3850,4.022637228322653
MO-ETPSO-R,4,78,3900,4.02264357689444
MO-ETPSO-R,4,79,3950,4.02264357689444
MO-ETPSO-R,4,80,4000,4.02264357689444
NSGA-II,5,1,50,3.934213309628611
NSGA-II,5,2,100,3.934213309628611
NSGA-II,5,3,150,3.9400405484615635
NSGA-II,5,4,200,3.942566968039087
NSGA-II,5,5,250,3.942831165232744
NSGA-II,5,6,300,3.9428326942878744
NSGA-II,5,7,350,3.948208217408206
NSGA-II,5,8,400,3.963081347612958
NSGA-II,5,9,450,3.963432217571104
NSGA-II,5,10,500,3.969173733378547
NSGA-II,5,11,550,3.970790387365367
NSGA-II,5,12,600,3.9708185272462933
NSGA-II,5,13,650,3.972329637177852
NSGA-II,5,14,700,3.9723422086060918
NSGA-II,5,15,750,3.9723532989142254
NSGA-II,5,16,800,3.9723668951464575
NSGA-II,5,17,850,3.97761305207015
NSGA-II,5,18,900,3.977858083532002
NSGA-II,5,19,950,3.9778601632823016
NSGA-II,5,20,1000,3.9793079928899284
NSGA-II,5,21,1050,3.980384901199951
NSGA-II,5,22,1100,3.9803876569798073
NSGA-II,5,23,1150,3.9803947887370734
NSGA-II,5,24,1200,3.9803973891061895
NSGA-II,5,25,1250,3.980403334251691
NSGA-II,5,26,1300,3.981321916399147
NSGA-II,5,27,1350,3.983584500517791
NSGA-II,5,28,1400,3.9835884517292954
NSGA-II,5,29,1450,3.983589987595844
NSGA-II,5,30,1500,3.983591922775392
NSGA-II,5,31,1550,3.9835950671837552
NSGA-II,5,32,1600,3.9835992403442844
NSGA-II,5,33,1650,3.9838587506243135
NSGA-II,5,34,1700,3.983861527860862
NSGA-II,5,35,1750,3.9852870081004648
NSGA-II,5,36,1800,3.9852891299956545
NSGA-II,5,37,1850,3.989026307244193
NSGA-II,5,38,1900,3.989271164000662
NSGA-II,5,39,1950,3.9903498265266633
NSGA-II,5,40,2000,3.991862135146899
NSGA-II,5,41,2050,3.9918640396281444
NSGA-II,5,42,2100,3.991862846640569
NSGA-II,5,43,2150,3.993715239238282
NSGA-II,5,44,2200,3.9937230931680934
NSGA-II,5,45,2250,3.9937263982371203
NSGA-II,5,46,2300,3.9944423734067893
NSGA-II,5,47,2350,3.998126289541159
NSGA-II,5,48,2400,3.998128849933792
NSGA-II,5,49,2450,3.9981315986420736
NSGA-II,5,50,2500,3.9981359063547663
NSGA-II,5,51,2550,3.998853481004285
NSGA-II,5,52,2600,3.9988595155981965
NSGA-II,5,53,2650,3.9988595569839633
NSGA-II,5,54,2700,3.99886062652043
NSGA-II,5,55,2750,3.9988630762404087
NSGA-II,5,56,2800,3.9989889601973756
NSGA-II,5,57,2850,3.998991027872288
NSGA-II,5,58,2900,3.9989918385663437
NSGA-II,5,59,2950,3.9989948090086256
NSGA-II,5,60,3000,3.9999450031743
NSGA-II,5,61,3050,4.001808376261332
NSGA-II,5,62,3100,4.0018145681819615
NSGA-II,5,63,3150,4.001819309689784
NSGA-II,5,64,3200,4.001819932591835
NSGA-II,5,65,3250,4.002795251023652
NSGA-II,5,66,3300,4.002798664996265
NSGA-II,5,67,3350,4.003402570351991
NSGA-II,5,68,3400,4.003491739744215
NSGA-II,5,69,3450,4.003496945480688
NSGA-II,5,70,3500,4.003691331060289
NSGA-II,5,71,3550,4.003859652835216
NSGA-II,5,72,3600,4.003861103429085
NSGA-II,5,73,3650,4.003943674204893
NSGA-II,5,74,3700,4.005137201254861
NSGA-II,5,75,3750,4.006510930401377
NSGA-II,5,76,3800,4.00651103891651
NSGA-II,5,77,3850,4.0065150693865546
NSGA-II,5,78,3900,4.006517760197313
NSGA-II,5,79,3950,4.006520988982354
NSGA-II,5,80,4000,4.0065205979051
MO-ETPSO-R,5,1,50,3.934213309628611
MO-ETPSO-R,5,2,100,3.934213309628611
MO-ETPSO-R,5,3,150,3.9597341886022397
MO-ETPSO-R,5,4,200,3.9662290998778484
MO-ETPSO-R,5,5,250,3.9755877368431616
MO-ETPSO-R,5,6,300,3.9786277614995953
MO-ETPSO-R,5,7,350,3.978640370373872
MO-ETPSO-R,5,8,400,3.978649930520522
MO-ETPSO-R,5,9,450,3.978691952020213
MO-ETPSO-R,5,10,500,4.014206166673413
MO-ETPSO-R,5,11,550,4.014254642657307
MO-ETPSO-R,5,12,600,4.014259530366867
MO-ETPSO-R,5,13,650,4.014279836583686
MO-ETPSO-R,5,14,700,4.014289461630665
MO-ETPSO-R,5,15,750,4.014291743051143
MO-ETPSO-R,5,16,800,4.014322872058836
MO-ETPSO-R,5,17,850,4.014331329908589
MO-ETPSO-R,5,18,900,4.018326797054326
MO-ETPSO-R,5,19,950,4.018335396261983
MO-ETPSO-R,5,20,1000,4.018339998230255
MO-ETPSO-R,5,21,1050,4.018347856722087
MO-ETPSO-R,5,22,1100,4.018348500664078
MO-ETPSO-R,5,23,1150,4.018351925240722
MO-ETPSO-R,5,24,1200,4.018351925240722
MO-ETPSO-R,5,25,1250,4.018353923443475
MO-ETPSO-R,5,26,1300,4.018354671129071
MO-ETPSO-R,5,27,1350,4.018354671129071
MO-ETPSO-R,5,28,1400,4.018354795555747
MO-ETPSO-R,5,29,1450,4.018355011851764
MO-ETPSO-R,5,30,1500,4.018357045182452
MO-ETPSO-R,5,31,1550,4.018357045182452
MO-ETPSO-R,5,32,1600,4.018362735155115
MO-ETPSO-R,5,33,1650,4.018362735155115
MO-ETPSO-R,5,34,1700,4.0183626288900465
MO-ETPSO-R,5,35,1750,4.0183626288900465
MO-ETPSO-R,5,36,1800,4.018362937439096
MO-ETPSO-R,5,37,1850,4.018362937439096
MO-ETPSO-R,5,38,1900,4.018362937439096
MO-ETPSO-R,5,39,1950,4.018362937439096
MO-ETPSO-R,5,40,2000,4.018362937439096
MO-ETPSO-R,5,41,2050,4.018362937439096
MO-ETPSO-R,5,42,2100,4.018362937439096
MO-ETPSO-R,5,43,2150,4.018362937439096
MO-ETPSO-R,5,44,2200,4.018362937439096
MO-ETPSO-R,5,45,2250,4.018362937439096
MO-ETPSO-R,5,46,2300,4.018362937439096
MO-ETPSO-R,5,47,2350,4.018362937439096
MO-ETPSO-R,5,48,2400,4.018363336172772
MO-ETPSO-R,5,49,2450,4.018378914646321
MO-ETPSO-R,5,50,2500,4.018378914646321
MO-ETPSO-R,5,51,2550,4.018378895844149
MO-ETPSO-R,5,52,2600,4.018378895844149
MO-ETPSO-R,5,53,2650,4.018378895844149
MO-ETPSO-R,5,54,2700,4.018378895844149
MO-ETPSO-R,5,55,2750,4.018378895844149
MO-ETPSO-R,5,56,2800,4.018378895844149
MO-ETPSO-R,5,57,2850,4.018378895844149
MO-ETPSO-R,5,58,2900,4.018378895844149
MO-ETPSO-R,5,59,2950,4.018379151054225
MO-ETPSO-R,5,60,3000,4.018379151054225
MO-ETPSO-R,5,61,3050,4.018379151054225
MO-ETPSO-R,5,62,3100,4.018379151054225
MO-ETPSO-R,5,63,3150,4.0184039447785045
MO-ETPSO-R,5,64,3200,4.018510794749199
MO-ETPSO-R,5,65,3250,4.018510794749199
MO-ETPSO-R,5,66,3300,4.018510794749199
MO-ETPSO-R,5,67,3350,4.018510794749199
MO-ETPSO-R,5,68,3400,4.018510794749199
MO-ETPSO-R,5,69,3450,4.018510794749199
MO-ETPSO-R,5,70,3500,4.018510794749199
MO-ETPSO-R,5,71,3550,4.018510794749199
MO-ETPSO-R,5,72,3600,4.018510794749199
MO-ETPSO-R,5,73,3650,4.018510794749199
MO-ETPSO-R,5,74,3700,4.018582165325394
MO-ETPSO-R,5,75,3750,4.018582165325394
MO-ETPSO-R,5,76,3800,4.018582165325394
MO-ETPSO-R,5,77,3850,4.018582124893064
MO-ETPSO-R,5,78,3900,4.018582124893064
MO-ETPSO-R,5,79,3950,4.018582124893064
MO-ETPSO-R,5,80,4000,4.018582124893064
NSGA-II,6,1,50,0.0
NSGA-II,6,2,100,3.927085926417034
NSGA-II,6,3,150,3.927085926417034
NSGA-II,6,4,200,3.929636267079523
NSGA-II,6,5,250,3.929636267079523
NSGA-II,6,6,300,3.9427337819142823
NSGA-II,6,7,350,3.9707443038423307
NSGA-II,6,8,400,3.9721270388374563
NSGA-II,6,9,450,3.9732117411007324
NSGA-II,6,10,500,3.9732174074059885
NSGA-II,6,11,550,3.973433780728187
NSGA-II,6,12,600,3.9734382512178446
NSGA-II,6,13,650,3.978260834447632
NSGA-II,6,14,700,3.9789890394851217
NSGA-II,6,15,750,3.9794538385184333
NSGA-II,6,16,800,3.979775941653546
NSGA-II,6,17,850,3.9797847100723778
NSGA-II,6,18,900,3.982943873299604
NSGA-II,6,19,950,3.9836731974646526
NSGA-II,6,20,1000,3.985016239600284
NSGA-II,6,21,1050,3.9850378435742173
NSGA-II,6,22,1100,3.9850441657345668
NSGA-II,6,23,1150,3.9864555212219424
NSGA-II,6,24,1200,3.987364926090059
NSGA-II,6,25,1250,3.9873970501148053
NSGA-II,6,26,1300,3.988575367457061
NSGA-II,6,27,1350,3.98857661366914
NSGA-II,6,28,1400,3.9885785944846637
NSGA-II,6,29,1450,3.988581954940667
NSGA-II,6,30,1500,3.9891474409487353
NSGA-II,6,31,1550,3.9970913181939824
NSGA-II,6,32,1600,3.9984321203266777
NSGA-II,6,33,1650,3.998434189526725
NSGA-II,6,34,1700,3.9984353727307003
NSGA-II,6,35,1750,3.9984368845281097
NSGA-II,6,36,1800,3.998438994828662
NSGA-II,6,37,1850,3.999034304815585
NSGA-II,6,38,1900,4.009441950486258
NSGA-II,6,39,1950,4.009445078083353
NSGA-II,6,40,2000,4.013175788232879
NSGA-II,6,41,2050,4.013179971552515
NSGA-II,6,42,2100,4.013181133668399
NSGA-II,6,43,2150,4.013205889721814
NSGA-II,6,44,2200,4.013210805072698
NSGA-II,6,45,2250,4.0134294597223095
NSGA-II,6,46,2300,4.013429778523333
NSGA-II,6,47,2350,4.015445800154985
NSGA-II,6,48,2400,4.015444332551068
NSGA-II,6,49,2450,4.015780017971061
NSGA-II,6,50,2500,4.01630932490497
NSGA-II,6,51,2550,4.016310757704463
NSGA-II,6,52,2600,4.020605359902149
NSGA-II,6,53,2650,4.020608679032328
NSGA-II,6,54,2700,4.02061320122591
NSGA-II,6,55,2750,4.0206137944734115
NSGA-II,6,56,2800,4.020673132188082
NSGA-II,6,57,2850,4.020671702872106
NSGA-II,6,58,2900,4.020672643442195
NSGA-II,6,59,2950,4.020672373530626
NSGA-II,6,60,3000,4.022484188618937
NSGA-II,6,61,3050,4.022486090237358
NSGA-II,6,62,3100,4.022484365972961
NSGA-II,6,63,3150,4.022519855308751
NSGA-II,6,64,3200,4.022520017520724
NSGA-II,6,65,3250,4.02251685004475
NSGA-II,6,66,3300,4.022518902959721
NSGA-II,6,67,3350,4.022520771463711
NSGA-II,6,68,3400,4.022521260688187
NSGA-II,6,69,3450,4.022519751174485
NSGA-II,6,70,3500,4.022898987934534
NSGA-II,6,71,3550,4.022895765253012
NSGA-II,6,72,3600,4.022899751477657
NSGA-II,6,73,3650,4.022900505942007
NSGA-II,6,74,3700,4.022901358106761
NSGA-II,6,75,3750,4.022901148300487
NSGA-II,6,76,3800,4.022899384289161
NSGA-II,6,77,3850,4.022899947084427
NSGA-II,6,78,3900,4.022897948844235
NSGA-II,6,79,3950,4.022901295681958
NSGA-II,6,80,4000,4.022903785544563
MO-ETPSO-R,6,1,50,0.0
MO-ETPSO-R,6,2,100,3.947555997910128
MO-ETPSO-R,6,3,150,3.989824889418785
MO-ETPSO-R,6,4,200,4.017316680496481
MO-ETPSO-R,6,5,250,4.017915435015897
MO-ETPSO-R,6,6,300,4.018078108443934
MO-ETPSO-R,6,7,350,4.018186572957639
MO-ETPSO-R,6,8,400,4.018230668330367
MO-ETPSO-R,6,9,450,4.018244120163882
MO-ETPSO-R,6,10,500,4.018264260366838
MO-ETPSO-R,6,11,550,4.018308464788034
MO-ETPSO-R,6,12,600,4.018312123685104
MO-ETPSO-R,6,13,650,4.018335716857676
MO-ETPSO-R,6,14,700,4.018342730249256
MO-ETPSO-R,6,15,750,4.018344732504083
MO-ETPSO-R,6,16,800,4.018345133812921
MO-ETPSO-R,6,17,850,4.018348084298595
MO-ETPSO-R,6,18,900,4.018358711176178
MO-ETPSO-R,6,19,950,4.0183629362426165
MO-ETPSO-R,6,20,1000,4.018369670637666
MO-ETPSO-R,6,21,1050,4.018379889845751
MO-ETPSO-R,6,22,1100,4.018383034921587
MO-ETPSO-R,6,23,1150,4.0183861717609854
MO-ETPSO-R,6,24,1200,4.018392470984846
MO-ETPSO-R,6,25,1250,4.018397488320269
MO-ETPSO-R,6,26,1300,4.018400620053571
MO-ETPSO-R,6,27,1350,4.018402793452409
MO-ETPSO-R,6,28,1400,4.018409188738917
MO-ETPSO-R,6,29,1450,4.0184092398230264
MO-ETPSO-R,6,30,1500,4.018409264170986
MO-ETPSO-R,6,31,1550,4.018413923828193
MO-ETPSO-R,6,32,1600,4.018413923828193
MO-ETPSO-R,6,33,1650,4.018420068468113
MO-ETPSO-R,6,34,1700,4.0184202629778145
MO-ETPSO-R,6,35,1750,4.018420547057898
MO-ETPSO-R,6,36,1800,4.018420472631889
MO-ETPSO-R,6,37,1850,4.018420472631889
MO-ETPSO-R,6,38,1900,4.018420472631889
MO-ETPSO-R,6,39,1950,4.018420515958486
MO-ETPSO-R,6,40,2000,4.018420515958486
MO-ETPSO-R,6,41,2050,4.018420515958486
MO-ETPSO-R,6,42,2100,4.018420131543309
MO-ETPSO-R,6,43,2150,4.018419897063589
MO-ETPSO-R,6,44,2200,4.0198999906475255
MO-ETPSO-R,6,45,2250,4.019900702413378
MO-ETPSO-R,6,46,2300,4.019901545831252
MO-ETPSO-R,6,47,2350,4.019901314557728
MO-ETPSO-R,6,48,2400,4.019901314557728
MO-ETPSO-R,6,49,2450,4.019901192121452
MO-ETPSO-R,6,50,2500,4.019901192121452
MO-ETPSO-R,6,51,2550,4.019901192121452
MO-ETPSO-R,6,52,2600,4.019900421862622
MO-ETPSO-R,6,53,2650,4.019900421862622
MO-ETPSO-R,6,54,2700,4.019899742285315
MO-ETPSO-R,6,55,2750,4.019899742285315
MO-ETPSO-R,6,56,2800,4.019899742285315
MO-ETPSO-R,6,57,2850,4.019900119961626
MO-ETPSO-R,6,58,2900,4.019901718669597
MO-ETPSO-R,6,59,2950,4.019901738992389
MO-ETPSO-R,6,60,3000,4.019901738992389
MO-ETPSO-R,6,61,3050,4.019901738992389
MO-ETPSO-R,6,62,3100,4.019901262537073
MO-ETPSO-R,6,63,3150,4.019901262537073
MO-ETPSO-R,6,64,3200,4.019901249005197
MO-ETPSO-R,6,65,3250,4.019901249005197
MO-ETPSO-R,6,66,3300,4.019901249005197
MO-ETPSO-R,6,67,3350,4.019901249005197
MO-ETPSO-R,6,68,3400,4.019901249005197
MO-ETPSO-R,6,69,3450,4.019901249005197
MO-ETPSO-R,6,70,3500,4.019901249005197
MO-ETPSO-R,6,71,3550,4.019901249005197
MO-ETPSO-R,6,72,3600,4.019901249005197
MO-ETPSO-R,6,73,3650,4.019901249005197
MO-ETPSO-R,6,74,3700,4.019901249005197
MO-ETPSO-R,6,75,3750,4.019901249005197
MO-ETPSO-R,6,76,3800,4.019903232070776
MO-ETPSO-R,6,77,3850,4.019903232070776
MO-ETPSO-R,6,78,3900,4.019903232070776
MO-ETPSO-R,6,79,3950,4.019903903784419
MO-ETPSO-R,6,80,4000,4.019903903784419
NSGA-II,7,1,50,0.0
NSGA-II,7,2,100,0.0
NSGA-II,7,3,150,3.9446198006411377
NSGA-II,7,4,200,3.9446198006411377
NSGA-II,7,5,250,3.949980885675758
NSGA-II,7,6,300,3.951765146426473
NSGA-II,7,7,350,3.952038578732546
NSGA-II,7,8,400,3.956219950488972
NSGA-II,7,9,450,3.957779013078201
NSGA-II,7,10,500,3.960821601083911
NSGA-II,7,11,550,3.96442851298827
NSGA-II,7,12,600,3.9644305257674133
NSGA-II,7,13,650,3.965458190064745
NSGA-II,7,14,700,3.9696865105964148
NSGA-II,7,15,750,3.969851939408991
NSGA-II,7,16,800,3.97551505391709
NSGA-II,7,17,850,3.9805632596221727
NSGA-II,7,18,900,3.9815894609019167
NSGA-II,7,19,950,3.981903418349924
NSGA-II,7,20,1000,3.9834584544072182
NSGA-II,7,21,1050,3.983480003719047
NSGA-II,7,22,1100,3.9850800673695037
NSGA-II,7,23,1150,3.9850815813942746
NSGA-II,7,24,1200,3.986948750389538
NSGA-II,7,25,1250,3.9872585191459344
NSGA-II,7,26,1300,3.9876413319502775
NSGA-II,7,27,1350,3.9876771621577585
NSGA-II,7,28,1400,3.987678811324962
NSGA-II,7,29,1450,3.98824024034323
NSGA-II,7,30,1500,3.9882414482310855
NSGA-II,7,31,1550,3.990040463244704
NSGA-II,7,32,1600,3.99004178396386
NSGA-II,7,33,1650,3.99006152083591
NSGA-II,7,34,1700,3.992275312857482
NSGA-II,7,35,1750,3.992398063488263
NSGA-II,7,36,1800,3.9923997543694605
NSGA-II,7,37,1850,3.9924013228155184
NSGA-II,7,38,1900,3.9924007351960737
NSGA-II,7,39,1950,3.9925008301213953
NSGA-II,7,40,2000,3.9951536064793958
NSGA-II,7,41,2050,3.9958045619147726
NSGA-II,7,42,2100,3.995805152125327
NSGA-II,7,43,2150,3.995806452565332
NSGA-II,7,44,2200,3.9981705981981777
NSGA-II,7,45,2250,3.9981723295415366
NSGA-II,7,46,2300,3.998172846436368
NSGA-II,7,47,2350,3.998173886067686
NSGA-II,7,48,2400,3.9981752349269613
NSGA-II,7,49,2450,3.998176767325252
NSGA-II,7,50,2500,3.9989444958178346
NSGA-II,7,51,2550,4.000117128777179
NSGA-II,7,52,2600,4.000644690788508
NSGA-II,7,53,2650,4.0006454148485835
NSGA-II,7,54,2700,4.001496174025222
NSGA-II,7,55,2750,4.00173908266629
NSGA-II,7,56,2800,4.002032864574225
NSGA-II,7,57,2850,4.002033743777012
NSGA-II,7,58,2900,4.00223794702147
NSGA-II,7,59,2950,4.002238817132511
NSGA-II,7,60,3000,4.002242387876352
NSGA-II,7,61,3050,4.005948318919397
NSGA-II,7,62,3100,4.006149246889297
NSGA-II,7,63,3150,4.006156411308251
NSGA-II,7,64,3200,4.006156386013735
NSGA-II,7,65,3250,4.006159080291424
NSGA-II,7,66,3300,4.007653528126296
NSGA-II,7,67,3350,4.008166393323832
NSGA-II,7,68,3400,4.008167752344682
NSGA-II,7,69,3450,4.008581399553787
NSGA-II,7,70,3500,4.008582932744809
NSGA-II,7,71,3550,4.011061526783378
NSGA-II,7,72,3600,4.011063590412463
NSGA-II,7,73,3650,4.011064432062028
NSGA-II,7,74,3700,4.0110655808850515
NSGA-II,7,75,3750,4.011507924641678
NSGA-II,7,76,3800,4.012295538873582
NSGA-II,7,77,3850,4.012297471839786
NSGA-II,7,78,3900,4.013302275504926
NSGA-II,7,79,3950,4.013308778613886
NSGA-II,7,80,4000,4.015832618991616
MO-ETPSO-R,7,1,50,0.0
MO-ETPSO-R,7,2,100,0.0
MO-ETPSO-R,7,3,150,3.9493787345845144
MO-ETPSO-R,7,4,200,3.974890460665849
MO-ETPSO-R,7,5,250,3.9868264280664887
MO-ETPSO-R,7,6,300,3.986851030648938
MO-ETPSO-R,7,7,350,3.992606085510268
MO-ETPSO-R,7,8,400,3.992635071033214
MO-ETPSO-R,7,9,450,3.9926481319552334
MO-ETPSO-R,7,10,500,4.000582352211427
MO-ETPSO-R,7,11,550,4.000606036354013
MO-ETPSO-R,7,12,600,4.000610650763724
MO-ETPSO-R,7,13,650,4.000615900910157
MO-ETPSO-R,7,14,700,4.003095263992301
MO-ETPSO-R,7,15,750,4.009745661236757
MO-ETPSO-R,7,16,800,4.00974642615708
MO-ETPSO-R,7,17,850,4.009749183596496
MO-ETPSO-R,7,18,900,4.009749183596496
MO-ETPSO-R,7,19,950,4.009749276569942
MO-ETPSO-R,7,20,1000,4.009749876846274
MO-ETPSO-R,7,21,1050,4.0097501414586505
MO-ETPSO-R,7,22,1100,4.009750587210819
MO-ETPSO-R,7,23,1150,4.010682600292402
MO-ETPSO-R,7,24,1200,4.018258319206404
MO-ETPSO-R,7,25,1250,4.018258319206404
MO-ETPSO-R,7,26,1300,4.018258319206404
MO-ETPSO-R,7,27,1350,4.018258319206404
MO-ETPSO-R,7,28,1400,4.018258319206404
MO-ETPSO-R,7,29,1450,4.018258319206404
MO-ETPSO-R,7,30,1500,4.018258319206404
MO-ETPSO-R,7,31,1550,4.018258319206404
MO-ETPSO-R,7,32,1600,4.018258187350183
MO-ETPSO-R,7,33,1650,4.018258187350183
MO-ETPSO-R,7,34,1700,4.018258187350183
MO-ETPSO-R,7,35,1750,4.018438630786327
MO-ETPSO-R,7,36,1800,4.018438630786327
MO-ETPSO-R,7,37,1850,4.018438630786327
MO-ETPSO-R,7,38,1900,4.018438630786327
MO-ETPSO-R,7,39,1950,4.018438630786327
MO-ETPSO-R,7,40,2000,4.018438630786327
MO-ETPSO-R,7,41,2050,4.018438630786327
MO-ETPSO-R,7,42,2100,4.018438630786327
MO-ETPSO-R,7,43,2150,4.018438630786327
MO-ETPSO-R,7,44,2200,4.018438630786327
MO-ETPSO-R,7,45,2250,4.018438630786327
MO-ETPSO-R,7,46,2300,4.018438630786327
MO-ETPSO-R,7,47,2350,4.018438630786327
MO-ETPSO-R,7,48,2400,4.018438630786327
MO-ETPSO-R,7,49,2450,4.018438630786327
MO-ETPSO-R,7,50,2500,4.018438630786327
MO-ETPSO-R,7,51,2550,4.018438630786327
MO-ETPSO-R,7,52,2600,4.018438630786327
MO-ETPSO-R,7,53,2650,4.018438630786327
MO-ETPSO-R,7,54,2700,4.018438630786327
MO-ETPSO-R,7,55,2750,4.018438630786327
MO-ETPSO-R,7,56,2800,4.018438630786327
MO-ETPSO-R,7,57,2850,4.018438630786327
MO-ETPSO-R,7,58,2900,4.018438630786327
MO-ETPSO-R,7,59,2950,4.018438630786327
MO-ETPSO-R,7,60,3000,4.018438630786327
MO-ETPSO-R,7,61,3050,4.018438630786327
MO-ETPSO-R,7,62,3100,4.018438630786327
MO-ETPSO-R,7,63,3150,4.018438630786327
MO-ETPSO-R,7,64,3200,4.018438630786327
MO-ETPSO-R,7,65,3250,4.018438630786327
MO-ETPSO-R,7,66,3300,4.018438630786327
MO-ETPSO-R,7,67,3350,4.018438630786327
MO-ETPSO-R,7,68,3400,4.018438630786327
MO-ETPSO-R,7,69,3450,4.018438630786327
MO-ETPSO-R,7,70,3500,4.018438630786327
MO-ETPSO-R,7,71,3550,4.018438630786327
MO-ETPSO-R,7,72,3600,4.018438630786327
MO-ETPSO-R,7,73,3650,4.018438630786327
MO-ETPSO-R,7,74,3700,4.018438630786327
MO-ETPSO-R,7,75,3750,4.018438630786327
MO-ETPSO-R,7,76,3800,4.018439399490905
MO-ETPSO-R,7,77,3850,4.018444264614907
MO-ETPSO-R,7,78,3900,4.018444264614907
MO-ETPSO-R,7,79,3950,4.018444264614907
MO-ETPSO-R,7,80,4000,4.018444264614907
NSGA-II,8,1,50,0.0
NSGA-II,8,2,100,0.0
NSGA-II,8,3,150,3.8898776977051877
NSGA-II,8,4,200,3.9000463589431607
NSGA-II,8,5,250,3.9191969440139443
NSGA-II,8,6,300,3.9278732437224497
NSGA-II,8,7,350,3.9278824518889737
NSGA-II,8,8,400,3.9363352052573166
NSGA-II,8,9,450,3.936500166537549
NSGA-II,8,10,500,3.9368426294682504
NSGA-II,8,11,550,3.947842233178118
NSGA-II,8,12,600,3.9492192678897933
NSGA-II,8,13,650,3.9543815311002692
NSGA-II,8,14,700,3.9647616553581098
NSGA-II,8,15,750,3.973007115009832
NSGA-II,8,16,800,3.9731556600657933
NSGA-II,8,17,850,3.9735727921396227
NSGA-II,8,18,900,3.9755429572149
NSGA-II,8,19,950,3.9767570738522617
NSGA-II,8,20,1000,3.977316050488463
NSGA-II,8,21,1050,3.977325155010555
NSGA-II,8,22,1100,3.9779046709722565
NSGA-II,8,23,1150,3.9785668387907362
NSGA-II,8,24,1200,3.980246390501314
NSGA-II,8,25,1250,3.9854798016165858
NSGA-II,8,26,1300,3.985948178788051
NSGA-II,8,27,1350,3.985951263024419
NSGA-II,8,28,1400,3.986500528162332
NSGA-II,8,29,1450,3.987507615507148
NSGA-II,8,30,1500,3.9880434425024105
NSGA-II,8,31,1550,3.989592025809226
NSGA-II,8,32,1600,3.989594692070564
NSGA-II,8,33,1650,3.989594237847441
NSGA-II,8,34,1700,3.9902780361715506
NSGA-II,8,35,1750,3.990373984582682
NSGA-II,8,36,1800,3.990373424175394
NSGA-II,8,37,1850,3.990376811495317
NSGA-II,8,38,1900,3.990382071530125
NSGA-II,8,39,1950,3.9903815921675614
NSGA-II,8,40,2000,3.993383711112049
NSGA-II,8,41,2050,3.993385746425889
NSGA-II,8,42,2100,3.9941373950468466
NSGA-II,8,43,2150,3.9942898679791314
NSGA-II,8,44,2200,3.9960211979771225
NSGA-II,8,45,2250,3.9960189516118345
NSGA-II,8,46,2300,3.9982084609118482
NSGA-II,8,47,2350,3.9982411776930356
NSGA-II,8,48,2400,3.998244177951397
NSGA-II,8,49,2450,3.9987787619474426
NSGA-II,8,50,2500,4.001345420617063
NSGA-II,8,51,2550,4.00260368923248
NSGA-II,8,52,2600,4.002605141892398
NSGA-II,8,53,2650,4.002604738385621
NSGA-II,8,54,2700,4.005995605657508
NSGA-II,8,55,2750,4.009084347944955
NSGA-II,8,56,2800,4.012509915448392
NSGA-II,8,57,2850,4.01251287354254
NSGA-II,8,58,2900,4.012514156237709
NSGA-II,8,59,2950,4.012516884973685
NSGA-II,8,60,3000,4.012687601167357
NSGA-II,8,61,3050,4.012687193272932
NSGA-II,8,62,3100,4.012688781827378
NSGA-II,8,63,3150,4.012691383525396
NSGA-II,8,64,3200,4.012691592675615
NSGA-II,8,65,3250,4.012691790158722
NSGA-II,8,66,3300,4.012701214432659
NSGA-II,8,67,3350,4.012704132765139
NSGA-II,8,68,3400,4.012702313417174
NSGA-II,8,69,3450,4.012709832626669
NSGA-II,8,70,3500,4.0159425129907715
NSGA-II,8,71,3550,4.015942314494569
NSGA-II,8,72,3600,4.017989733712184
NSGA-II,8,73,3650,4.017989877934066
NSGA-II,8,74,3700,4.018163371343487
NSGA-II,8,75,3750,4.018165993610328
NSGA-II,8,76,3800,4.019585209698717
NSGA-II,8,77,3850,4.01958187859041
NSGA-II,8,78,3900,4.019582073536917
NSGA-II,8,79,3950,4.019581848809332
NSGA-II,8,80,4000,4.019579783864863
MO-ETPSO-R,8,1,50,0.0
MO-ETPSO-R,8,2,100,3.855824726706297
MO-ETPSO-R,8,3,150,3.8682297438280107
MO-ETPSO-R,8,4,200,3.927149691631717
MO-ETPSO-R,8,5,250,3.939072819331191
MO-ETPSO-R,8,6,300,3.989904273527622
MO-ETPSO-R,8,7,350,3.9901081285754993
MO-ETPSO-R,8,8,400,3.9901671888311845
MO-ETPSO-R,8,9,450,3.990168279593479
MO-ETPSO-R,8,10,500,3.990181801845605
MO-ETPSO-R,8,11,550,4.002651726537323
MO-ETPSO-R,8,12,600,4.002651829995485
MO-ETPSO-R,8,13,650,4.002654122056997
MO-ETPSO-R,8,14,700,4.002657339667606
MO-ETPSO-R,8,15,750,4.002657431975124
MO-ETPSO-R,8,16,800,4.002657857499161
MO-ETPSO-R,8,17,850,4.002660845237578
MO-ETPSO-R,8,18,900,4.002662762961497
MO-ETPSO-R,8,19,950,4.002663363595783
MO-ETPSO-R,8,20,1000,4.002665174293392
MO-ETPSO-R,8,21,1050,4.002670409565225
MO-ETPSO-R,8,22,1100,4.002671556627926
MO-ETPSO-R,8,23,1150,4.002723541676951
MO-ETPSO-R,8,24,1200,4.0027689424772745
MO-ETPSO-R,8,25,1250,4.0027691977049065
MO-ETPSO-R,8,26,1300,4.002769042480486
MO-ETPSO-R,8,27,1350,4.0027690486706335
MO-ETPSO-R,8,28,1400,4.0027690486706335
MO-ETPSO-R,8,29,1450,4.0027690486706335
MO-ETPSO-R,8,30,1500,4.0027690486706335
MO-ETPSO-R,8,31,1550,4.0027690486706335
MO-ETPSO-R,8,32,1600,4.0027690486706335
MO-ETPSO-R,8,33,1650,4.00276995212746
MO-ETPSO-R,8,34,1700,4.002810622626029
MO-ETPSO-R,8,35,1750,4.002810622626029
MO-ETPSO-R,8,36,1800,4.002810622626029
MO-ETPSO-R,8,37,1850,4.0029267619818745
MO-ETPSO-R,8,38,1900,4.0029267619818745
MO-ETPSO-R,8,39,1950,4.0029267619818745
MO-ETPSO-R,8,40,2000,4.0029267619818745
MO-ETPSO-R,8,41,2050,4.0029267619818745
MO-ETPSO-R,8,42,2100,4.0029267619818745
MO-ETPSO-R,8,43,2150,4.0029267619818745
MO-ETPSO-R,8,44,2200,4.0029267619818745
MO-ETPSO-R,8,45,2250,4.0029267619818745
MO-ETPSO-R,8,46,2300,4.0029267619818745
MO-ETPSO-R,8,47,2350,4.002926786701464
MO-ETPSO-R,8,48,2400,4.016375525878413
MO-ETPSO-R,8,49,2450,4.016375525878413
MO-ETPSO-R,8,50,2500,4.016375525878413
MO-ETPSO-R,8,51,2550,4.016375525878413
MO-ETPSO-R,8,52,2600,4.016375525878413
MO-ETPSO-R,8,53,2650,4.016375525878413
MO-ETPSO-R,8,54,2700,4.016375525878413
MO-ETPSO-R,8,55,2750,4.016375525878413
MO-ETPSO-R,8,56,2800,4.016375525878413
MO-ETPSO-R,8,57,2850,4.016375525878413
MO-ETPSO-R,8,58,2900,4.016377152580532
MO-ETPSO-R,8,59,2950,4.016377152580532
MO-ETPSO-R,8,60,3000,4.016377152580532
MO-ETPSO-R,8,61,3050,4.016377152580532
MO-ETPSO-R,8,62,3100,4.016377152580532
MO-ETPSO-R,8,63,3150,4.016377501850878
MO-ETPSO-R,8,64,3200,4.0163778184025185
MO-ETPSO-R,8,65,3250,4.0163778184025185
MO-ETPSO-R,8,66,3300,4.016376841022648
MO-ETPSO-R,8,67,3350,4.016376841022648
MO-ETPSO-R,8,68,3400,4.016376841022648
MO-ETPSO-R,8,69,3450,4.016376533916797
MO-ETPSO-R,8,70,3500,4.016376533916797
MO-ETPSO-R,8,71,3550,4.016376533916797
MO-ETPSO-R,8,72,3600,4.016376533916797
MO-ETPSO-R,8,73,3650,4.016376533916797
MO-ETPSO-R,8,74,3700,4.016376533916797
MO-ETPSO-R,8,75,3750,4.016376533916797
MO-ETPSO-R,8,76,3800,4.016376533916797
MO-ETPSO-R,8,77,3850,4.0164325687948415
MO-ETPSO-R,8,78,3900,4.0164325687948415
MO-ETPSO-R,8,79,3950,4.0164325687948415
MO-ETPSO-R,8,80,4000,4.0164325687948415
NSGA-II,9,1,50,0.0
NSGA-II,9,2,100,0.0
NSGA-II,9,3,150,0.0
NSGA-II,9,4,200,0.0
NSGA-II,9,5,250,0.0
NSGA-II,9,6,300,0.0
NSGA-II,9,7,350,0.0
NSGA-II,9,8,400,3.968566549067998
NSGA-II,9,9,450,3.97279603112506
NSGA-II,9,10,500,3.972797007353305
NSGA-II,9,11,550,3.972797007353305
NSGA-II,9,12,600,3.973197029908038
NSGA-II,9,13,650,3.9751627366269027
NSGA-II,9,14,700,3.9763858614796876
NSGA-II,9,15,750,3.977111859290155
NSGA-II,9,16,800,3.977112260091147
NSGA-II,9,17,850,3.9833296088798225
NSGA-II,9,18,900,3.9833314149947654
NSGA-II,9,19,950,3.986113964058647
NSGA-II,9,20,1000,3.986118560517704
NSGA-II,9,21,1050,3.9861209311673007
NSGA-II,9,22,1100,3.9861229690625004
NSGA-II,9,23,1150,3.9861234266942085
NSGA-II,9,24,1200,3.9886094731275463
NSGA-II,9,25,1250,3.99113405639407
NSGA-II,9,26,1300,3.9911359047822113
NSGA-II,9,27,1350,3.9911403392899376
NSGA-II,9,28,1400,3.9918028549256985
NSGA-II,9,29,1450,3.994504984791777
NSGA-II,9,30,1500,3.994681106175318
NSGA-II,9,31,1550,3.994869400935127
NSGA-II,9,32,1600,3.994871363080551
NSGA-II,9,33,1650,3.996186432698507
NSGA-II,9,34,1700,3.99697821708866
NSGA-II,9,35,1750,3.9970097343186253
NSGA-II,9,36,1800,3.9970101334373993
NSGA-II,9,37,1850,3.998255862000365
NSGA-II,9,38,1900,3.9984982714806634
NSGA-II,9,39,1950,3.998503454171563
NSGA-II,9,40,2000,3.998505621566451
NSGA-II,9,41,2050,3.9987772861026656
NSGA-II,9,42,2100,4.003792058568759
NSGA-II,9,43,2150,4.003796662338856
NSGA-II,9,44,2200,4.003816434142789
NSGA-II,9,45,2250,4.004756489866131
NSGA-II,9,46,2300,4.0047584908843525
NSGA-II,9,47,2350,4.009247269083928
NSGA-II,9,48,2400,4.010389916790627
NSGA-II,9,49,2450,4.0103991111016954
NSGA-II,9,50,2500,4.0104102866032
NSGA-II,9,51,2550,4.010412437419694
NSGA-II,9,52,2600,4.013108937388701
NSGA-II,9,53,2650,4.013367905978739
NSGA-II,9,54,2700,4.014769061556106
NSGA-II,9,55,2750,4.014986572229258
NSGA-II,9,56,2800,4.0177840288916515
NSGA-II,9,57,2850,4.017788070306863
NSGA-II,9,58,2900,4.021298341189207
NSGA-II,9,59,2950,4.021303983899966
NSGA-II,9,60,3000,4.021310181832645
NSGA-II,9,61,3050,4.021316695160849
NSGA-II,9,62,3100,4.021321584223034
NSGA-II,9,63,3150,4.022357401263288
NSGA-II,9,64,3200,4.0234865306559
NSGA-II,9,65,3250,4.024211273391624
NSGA-II,9,66,3300,4.024215376341968
NSGA-II,9,67,3350,4.024822758916436
NSGA-II,9,68,3400,4.024828701855614
NSGA-II,9,69,3450,4.024948016054596
NSGA-II,9,70,3500,4.0252065278653575
NSGA-II,9,71,3550,4.02521438931608
NSGA-II,9,72,3600,4.025224481228034
NSGA-II,9,73,3650,4.025240717474145
NSGA-II,9,74,3700,4.025249459203357
NSGA-II,9,75,3750,4.025404525284717
NSGA-II,9,76,3800,4.025408541787493
NSGA-II,9,77,3850,4.0254122400895795
NSGA-II,9,78,3900,4.025416862890929
NSGA-II,9,79,3950,4.025415095826625
NSGA-II,9,80,4000,4.025415550222438
MO-ETPSO-R,9,1,50,0.0
MO-ETPSO-R,9,2,100,0.0
MO-ETPSO-R,9,3,150,3.9277830065675077
MO-ETPSO-R,9,4,200,3.9282327507237964
MO-ETPSO-R,9,5,250,3.9282950985035976
MO-ETPSO-R,9,6,300,3.930952036160418
MO-ETPSO-R,9,7,350,3.9962309173554953
MO-ETPSO-R,9,8,400,3.996333976696755
MO-ETPSO-R,9,9,450,3.996345774761291
MO-ETPSO-R,9,10,500,4.014174356041959
MO-ETPSO-R,9,11,550,4.021639845463032
MO-ETPSO-R,9,12,600,4.021727543080293
MO-ETPSO-R,9,13,650,4.021745485654827
MO-ETPSO-R,9,14,700,4.021763790630399
MO-ETPSO-R,9,15,750,4.021795964317633
MO-ETPSO-R,9,16,800,4.02179855316883
MO-ETPSO-R,9,17,850,4.02181070332064
MO-ETPSO-R,9,18,900,4.021825804874243
MO-ETPSO-R,9,19,950,4.0218302294806305
MO-ETPSO-R,9,20,1000,4.021851972680785
MO-ETPSO-R,9,21,1050,4.0218607730625315
MO-ETPSO-R,9,22,1100,4.021869273000254
MO-ETPSO-R,9,23,1150,4.021870206170272
MO-ETPSO-R,9,24,1200,4.021875856328217
MO-ETPSO-R,9,25,1250,4.0228487051112145
MO-ETPSO-R,9,26,1300,4.0228487051112145
MO-ETPSO-R,9,27,1350,4.022874302766954
MO-ETPSO-R,9,28,1400,4.022895676677278
MO-ETPSO-R,9,29,1450,4.022896586872212
MO-ETPSO-R,9,30,1500,4.022902429460689
MO-ETPSO-R,9,31,1550,4.022902953838833
MO-ETPSO-R,9,32,1600,4.022903372492261
MO-ETPSO-R,9,33,1650,4.022903372492261
MO-ETPSO-R,9,34,1700,4.022908141951786
MO-ETPSO-R,9,35,1750,4.022939697748122
MO-ETPSO-R,9,36,1800,4.022939697748122
MO-ETPSO-R,9,37,1850,4.022939697748122
MO-ETPSO-R,9,38,1900,4.022939710780114
MO-ETPSO-R,9,39,1950,4.022939710780114
MO-ETPSO-R,9,40,2000,4.022947751525011
MO-ETPSO-R,9,41,2050,4.022947899835245
MO-ETPSO-R,9,42,2100,4.022947899835245
MO-ETPSO-R,9,43,2150,4.022948418458378
MO-ETPSO-R,9,44,2200,4.022949528325004
MO-ETPSO-R,9,45,2250,4.0229495520506475
MO-ETPSO-R,9,46,2300,4.0229502456105735
MO-ETPSO-R,9,47,2350,4.022953111406483
MO-ETPSO-R,9,48,2400,4.022953111406483
MO-ETPSO-R,9,49,2450,4.022953111406483
MO-ETPSO-R,9,50,2500,4.022954502722449
MO-ETPSO-R,9,51,2550,4.022954505038694
MO-ETPSO-R,9,52,2600,4.022954505038694
MO-ETPSO-R,9,53,2650,4.022954505038694
MO-ETPSO-R,9,54,2700,4.022955482344639
MO-ETPSO-R,9,55,2750,4.02295703850033
MO-ETPSO-R,9,56,2800,4.02295703850033
MO-ETPSO-R,9,57,2850,4.02295703850033
MO-ETPSO-R,9,58,2900,4.022957047483582
MO-ETPSO-R,9,59,2950,4.022957047483582
MO-ETPSO-R,9,60,3000,4.022957261190559
MO-ETPSO-R,9,61,3050,4.022957261190559
MO-ETPSO-R,9,62,3100,4.022957290153186
MO-ETPSO-R,9,63,3150,4.022957290153186
MO-ETPSO-R,9,64,3200,4.022965811617987
MO-ETPSO-R,9,65,3250,4.022965811617987
MO-ETPSO-R,9,66,3300,4.022965811617987
MO-ETPSO-R,9,67,3350,4.022965811617987
MO-ETPSO-R,9,68,3400,4.022966546418913
MO-ETPSO-R,9,69,3450,4.022966546418913
MO-ETPSO-R,9,70,3500,4.022969804390525
MO-ETPSO-R,9,71,3550,4.022969804390525
MO-ETPSO-R,9,72,3600,4.022971142388234
MO-ETPSO-R,9,73,3650,4.023136243827651
MO-ETPSO-R,9,74,3700,4.023136243827651
MO-ETPSO-R,9,75,3750,4.023136243827651
MO-ETPSO-R,9,76,3800,4.023136243827651
MO-ETPSO-R,9,77,3850,4.023136243827651
MO-ETPSO-R,9,78,3900,4.023136243827651
MO-ETPSO-R,9,79,3950,4.023136243827651
MO-ETPSO-R,9,80,4000,4.023136243827651
